transaction_id,from_account,to_account,amount,timestamp,is_fraud,fraud_type,fraud_network
TX-000748,ACC-00432,ACC-01373,11338.67,2026-09-04 21:53:06,0,normal,NONE
TX-001359,ACC-01481,ACC-01457,7038.87,2026-09-07 19:50:30,0,normal,NONE
TX-012273,ACC-01570,ACC-00568,69009.74,2026-09-08 13:53:00,0,normal_high_value,NONE
TX-011106,ACC-00860,ACC-00144,8226.01,2026-09-04 10:11:17,0,normal,NONE
TX-010496,ACC-01026,ACC-00116,3366.04,2026-09-02 13:16:20,0,normal,NONE
TX-005392,ACC-01933,ACC-00891,6832.95,2026-09-09 21:28:23,0,normal,NONE
TX-009276,ACC-00549,ACC-00021,8237.96,2026-09-07 21:18:46,0,normal,NONE
TX-000354,ACC-01914,ACC-01629,12995.53,2026-09-05 11:36:43,0,normal,NONE
TX-011837,ACC-01986,ACC-00946,6627.62,2026-09-05 11:01:35,0,normal,NONE
TX-010305,ACC-00153,ACC-00687,5634.08,2026-09-03 18:43:39,0,normal,NONE
TX-006631,ACC-01504,ACC-01238,9065.98,2026-09-08 13:26:13,0,normal,NONE
TX-004520,ACC-00287,ACC-00792,13179.84,2026-09-04 11:08:07,0,normal,NONE
TX-001951,ACC-01145,ACC-00055,17235.7,2026-09-07 10:48:08,0,normal,NONE
TX-009096,ACC-01298,ACC-01037,17011.34,2026-09-03 18:19:06,0,normal,NONE
TX-002629,ACC-01389,ACC-00773,557.57,2026-09-08 21:53:29,0,normal,NONE
TX-003972,ACC-00021,ACC-00618,16433.49,2026-09-07 10:52:00,0,normal,NONE
TX-007273,ACC-00931,ACC-01019,1470.37,2026-09-01 21:08:36,0,normal,NONE
TX-012252,ACC-00490,ACC-01534,28110.88,2026-09-07 21:30:00,0,normal_high_value,NONE
TX-010099,ACC-01654,ACC-00026,14409.68,2026-09-01 14:54:22,0,normal,NONE
TX-006322,ACC-01516,ACC-00685,10285.39,2026-09-06 22:01:42,0,normal,NONE
TX-002865,ACC-00122,ACC-00881,3813.92,2026-09-07 14:52:33,0,normal,NONE
TX-005823,ACC-01128,ACC-01937,6091.22,2026-09-05 19:20:55,0,normal,NONE
TX-006826,ACC-01924,ACC-00800,11361.22,2026-09-01 11:26:27,0,normal,NONE
TX-010374,ACC-01557,ACC-00159,6135.39,2026-09-05 15:20:54,0,normal,NONE
TX-008727,ACC-01693,ACC-01996,16508.56,2026-09-06 11:43:08,0,normal,NONE
TX-008748,ACC-00913,ACC-00726,11610.35,2026-09-03 13:39:20,0,normal,NONE
TX-007898,ACC-00253,ACC-00085,10045.82,2026-09-09 14:16:35,0,normal,NONE
TX-005528,ACC-00967,ACC-01399,12895.78,2026-09-09 14:05:10,0,normal,NONE
TX-000458,ACC-01630,ACC-01629,7376.37,2026-09-08 12:40:19,0,normal,NONE
TX-012236,FRAUD-10-SRC-11,FRAUD-10-COLLECTOR,5979.73,2026-09-03 12:20:00,1,funneling,NET-10
TX-001808,ACC-01879,ACC-01394,2339.14,2026-09-06 18:23:05,0,normal,NONE
TX-002321,ACC-01674,ACC-00597,12418.47,2026-09-03 10:55:50,0,normal,NONE
TX-003845,ACC-00953,ACC-00975,10896.38,2026-09-01 09:06:31,0,normal,NONE
TX-003289,ACC-01058,ACC-00812,8671.98,2026-09-08 12:12:55,0,normal,NONE
TX-012757,ACC-00021,ACC-01903,76109.09,2026-09-03 23:07:00,0,normal_high_value,NONE
TX-006153,ACC-00962,ACC-00415,9340.29,2026-09-04 08:27:05,0,normal,NONE
TX-012023,FRAUD-01-NEXTHOP,FRAUD-01-OUT-06,10056.9,2026-09-05 13:53:00,1,fan_out,NET-01
TX-003380,ACC-00527,ACC-00572,17218.77,2026-09-02 21:53:46,0,normal,NONE
TX-004839,ACC-00676,ACC-01477,11087.5,2026-09-09 12:58:52,0,normal,NONE
TX-009970,ACC-00058,ACC-01457,12828.4,2026-09-04 14:22:55,0,normal,NONE
TX-007960,ACC-00111,ACC-00605,17948.16,2026-09-08 22:08:16,0,normal,NONE
TX-002228,ACC-00563,ACC-00708,17493.91,2026-09-04 22:02:04,0,normal,NONE
TX-009744,ACC-01268,ACC-00182,3644.9,2026-09-02 23:32:04,0,normal,NONE
TX-004843,ACC-00705,ACC-01742,16844.96,2026-09-05 12:03:09,0,normal,NONE
TX-000979,ACC-01447,ACC-00921,11420.62,2026-09-02 20:46:50,0,normal,NONE
TX-003077,ACC-01269,ACC-00680,12347.31,2026-09-01 08:43:07,0,normal,NONE
TX-008822,ACC-01795,ACC-01452,12575.46,2026-09-01 10:35:46,0,normal,NONE
TX-012029,FRAUD-02-SRC-04,FRAUD-02-COLLECTOR,7821.36,2026-09-06 17:06:00,1,funneling,NET-02
TX-003575,ACC-00422,ACC-00102,12511.09,2026-09-08 08:11:23,0,normal,NONE
TX-000386,ACC-00811,ACC-00522,14699.83,2026-09-04 10:02:27,0,normal,NONE
TX-007829,ACC-00345,ACC-01470,869.83,2026-09-07 15:29:03,0,normal,NONE
TX-008797,ACC-00273,ACC-00094,14777.63,2026-09-06 09:41:45,0,normal,NONE
TX-000721,ACC-01122,ACC-01763,5664.12,2026-09-09 14:12:13,0,normal,NONE
TX-010610,ACC-00665,ACC-01549,15076.89,2026-09-02 14:12:20,0,normal,NONE
TX-000064,ACC-01366,ACC-00211,6379.14,2026-09-09 21:39:47,0,normal,NONE
TX-003108,ACC-00264,ACC-00624,17244.93,2026-09-02 10:51:44,0,normal,NONE
TX-008696,ACC-00543,ACC-01070,4118.44,2026-09-02 18:25:01,0,normal,NONE
TX-008223,ACC-00905,ACC-00513,13125.38,2026-09-04 22:15:34,0,normal,NONE
TX-001023,ACC-00323,ACC-00561,2078.0,2026-09-09 11:13:34,0,normal,NONE
TX-007262,ACC-01115,ACC-00813,2151.89,2026-09-01 18:54:32,0,normal,NONE
TX-008043,ACC-00444,ACC-00933,6280.92,2026-09-07 20:34:43,0,normal,NONE
TX-006351,ACC-01056,ACC-01634,13290.03,2026-09-08 19:14:15,0,normal,NONE
TX-007309,ACC-00524,ACC-00365,9092.88,2026-09-07 21:38:03,0,normal,NONE
TX-009793,ACC-00693,ACC-01969,6553.72,2026-09-03 11:55:52,0,normal,NONE
TX-004817,ACC-00048,ACC-01348,3346.15,2026-09-09 11:19:13,0,normal,NONE
TX-003025,ACC-01585,ACC-00363,15534.91,2026-09-09 14:55:37,0,normal,NONE
TX-009242,ACC-00642,ACC-01591,14131.21,2026-09-06 13:31:29,0,normal,NONE
TX-010684,ACC-00592,ACC-00280,10916.55,2026-09-04 14:33:01,0,normal,NONE
TX-000009,ACC-01699,ACC-01288,11140.99,2026-09-06 14:45:04,0,normal,NONE
TX-008726,ACC-01698,ACC-01456,6985.0,2026-09-03 08:05:28,0,normal,NONE
TX-001356,ACC-00711,ACC-00919,12561.31,2026-09-01 13:18:46,0,normal,NONE
TX-002665,ACC-00334,ACC-00082,5239.35,2026-09-06 21:07:43,0,normal,NONE
TX-000873,ACC-01465,ACC-01510,11634.91,2026-09-07 15:16:05,0,normal,NONE
TX-008414,ACC-01001,ACC-01423,10325.05,2026-09-06 13:28:21,0,normal,NONE
TX-007795,ACC-01599,ACC-01493,13686.26,2026-09-06 16:56:06,0,normal,NONE
TX-005031,ACC-00165,ACC-00178,9866.18,2026-09-06 14:47:28,0,normal,NONE
TX-001787,ACC-00960,ACC-00978,5651.15,2026-09-07 20:10:03,0,normal,NONE
TX-003703,ACC-01234,ACC-00559,12087.5,2026-09-01 22:47:19,0,normal,NONE
TX-003773,ACC-01150,ACC-01866,15785.61,2026-09-08 18:40:45,0,normal,NONE
TX-004076,ACC-00444,ACC-01766,14046.91,2026-09-06 19:05:50,0,normal,NONE
TX-005445,ACC-01931,ACC-00471,4459.84,2026-09-02 15:25:47,0,normal,NONE
TX-006766,ACC-00817,ACC-01852,10363.81,2026-09-01 08:44:00,0,normal,NONE
TX-002772,ACC-00544,ACC-01490,8698.31,2026-09-02 15:29:58,0,normal,NONE
TX-011509,ACC-00429,ACC-00164,8464.22,2026-09-09 11:03:52,0,normal,NONE
TX-002747,ACC-00944,ACC-01084,14383.11,2026-09-07 20:56:33,0,normal,NONE
TX-006995,ACC-01155,ACC-01365,14666.6,2026-09-03 17:35:54,0,normal,NONE
TX-010495,ACC-00973,ACC-01165,7862.74,2026-09-05 12:12:49,0,normal,NONE
TX-012735,ACC-01951,ACC-00308,77815.34,2026-09-07 23:18:00,0,normal_high_value,NONE
TX-000796,ACC-00271,ACC-00223,317.8,2026-09-09 21:52:09,0,normal,NONE
TX-006998,ACC-01806,ACC-00487,16535.65,2026-09-09 21:21:40,0,normal,NONE
TX-011719,ACC-01039,ACC-01054,11503.96,2026-09-07 11:28:10,0,normal,NONE
TX-008080,ACC-01298,ACC-00009,2127.06,2026-09-06 18:30:25,0,normal,NONE
TX-006742,ACC-01624,ACC-00378,6798.52,2026-09-03 14:51:58,0,normal,NONE
TX-005911,ACC-01571,ACC-00836,10816.61,2026-09-04 14:08:31,0,normal,NONE
TX-003861,ACC-00615,ACC-01475,10038.3,2026-09-03 16:22:52,0,normal,NONE
TX-004468,ACC-00649,ACC-00438,1162.23,2026-09-01 17:00:37,0,normal,NONE
TX-002755,ACC-00292,ACC-00034,16211.05,2026-09-08 16:31:25,0,normal,NONE
TX-013025,ACC-00068,ACC-00359,62583.25,2026-09-06 16:58:00,0,normal_high_value,NONE
TX-006715,ACC-01133,ACC-01348,5577.01,2026-09-08 08:15:18,0,normal,NONE
TX-010350,ACC-00647,ACC-01018,1682.49,2026-09-06 16:19:55,0,normal,NONE
TX-010073,ACC-00294,ACC-00284,704.33,2026-09-02 18:41:06,0,normal,NONE
TX-003064,ACC-01468,ACC-01417,4528.87,2026-09-05 12:19:56,0,normal,NONE
TX-004044,ACC-00427,ACC-01278,3501.67,2026-09-04 14:56:10,0,normal,NONE
TX-012153,FRAUD-07-SRC-03,FRAUD-07-COLLECTOR,7044.62,2026-09-07 16:04:00,1,funneling,NET-07
TX-004722,ACC-01268,ACC-01709,16704.0,2026-09-07 11:43:37,0,normal,NONE
TX-002233,ACC-00101,ACC-00767,10328.58,2026-09-04 21:17:47,0,normal,NONE
TX-001237,ACC-00276,ACC-00640,12888.7,2026-09-08 11:36:43,0,normal,NONE
TX-003112,ACC-00142,ACC-00427,120.14,2026-09-06 23:02:33,0,normal,NONE
TX-003648,ACC-00379,ACC-00927,16584.65,2026-09-08 18:50:10,0,normal,NONE
TX-006968,ACC-00004,ACC-01637,5377.48,2026-09-01 09:13:54,0,normal,NONE
TX-003680,ACC-00669,ACC-01659,3246.7,2026-09-04 15:35:45,0,normal,NONE
TX-007887,ACC-01750,ACC-00089,10165.04,2026-09-01 10:38:51,0,normal,NONE
TX-010661,ACC-00581,ACC-01542,16994.84,2026-09-04 13:54:29,0,normal,NONE
TX-009246,ACC-01743,ACC-01073,11617.15,2026-09-08 21:07:01,0,normal,NONE
TX-009599,ACC-01478,ACC-01522,8619.39,2026-09-08 08:00:08,0,normal,NONE
TX-008655,ACC-01664,ACC-01490,15929.4,2026-09-04 14:45:33,0,normal,NONE
TX-008099,ACC-01589,ACC-00441,15043.1,2026-09-02 17:59:28,0,normal,NONE
TX-009752,ACC-01757,ACC-00960,12849.06,2026-09-04 08:52:38,0,normal,NONE
TX-007524,ACC-00400,ACC-01268,200.01,2026-09-03 08:58:03,0,normal,NONE
TX-006493,ACC-00933,ACC-01597,2534.29,2026-09-01 16:01:49,0,normal,NONE
TX-011179,ACC-01980,ACC-00456,11322.81,2026-09-09 10:09:48,0,normal,NONE
TX-004786,ACC-01316,ACC-00035,13935.47,2026-09-04 08:07:06,0,normal,NONE
TX-004844,ACC-00757,ACC-01245,14690.06,2026-09-07 17:23:02,0,normal,NONE
TX-011132,ACC-01270,ACC-00820,5765.11,2026-09-06 17:22:02,0,normal,NONE
TX-010183,ACC-01498,ACC-01884,13354.84,2026-09-05 21:35:36,0,normal,NONE
TX-012398,ACC-00484,ACC-01233,34376.96,2026-09-09 16:03:00,0,normal_high_value,NONE
TX-011008,ACC-01347,ACC-00927,4967.26,2026-09-07 19:54:56,0,normal,NONE
TX-006844,ACC-00364,ACC-01879,12378.81,2026-09-04 09:21:29,0,normal,NONE
TX-011598,ACC-01978,ACC-00895,11950.76,2026-09-05 12:52:37,0,normal,NONE
TX-012239,FRAUD-10-SRC-14,FRAUD-10-COLLECTOR,4060.01,2026-09-03 12:26:00,1,funneling,NET-10
TX-007627,ACC-01304,ACC-00151,4324.05,2026-09-04 09:06:01,0,normal,NONE
TX-005405,ACC-01016,ACC-00823,11367.13,2026-09-04 23:08:19,0,normal,NONE
TX-001419,ACC-00650,ACC-00783,4644.06,2026-09-02 11:34:10,0,normal,NONE
TX-005251,ACC-00001,ACC-00619,9780.36,2026-09-09 09:37:19,0,normal,NONE
TX-009223,ACC-00457,ACC-01934,6280.23,2026-09-06 12:08:35,0,normal,NONE
TX-000834,ACC-00246,ACC-01885,1431.21,2026-09-08 08:48:54,0,normal,NONE
TX-011985,ACC-00550,ACC-00029,2564.61,2026-09-02 21:55:24,0,normal,NONE
TX-008396,ACC-01062,ACC-00407,237.87,2026-09-02 21:52:23,0,normal,NONE
TX-006200,ACC-01561,ACC-00603,9234.73,2026-09-05 11:56:45,0,normal,NONE
TX-000994,ACC-00276,ACC-00250,12509.26,2026-09-05 18:33:26,0,normal,NONE
TX-000534,ACC-00336,ACC-01017,17155.23,2026-09-09 16:10:23,0,normal,NONE
TX-009907,ACC-01555,ACC-00010,9328.6,2026-09-04 14:37:07,0,normal,NONE
TX-007979,ACC-00538,ACC-01574,8934.23,2026-09-09 14:49:29,0,normal,NONE
TX-010603,ACC-00770,ACC-00248,3952.22,2026-09-07 13:12:28,0,normal,NONE
TX-011243,ACC-00044,ACC-00257,17802.93,2026-09-04 13:50:30,0,normal,NONE
TX-008813,ACC-01561,ACC-00249,5110.5,2026-09-02 14:28:17,0,normal,NONE
TX-011629,ACC-00661,ACC-01863,14433.46,2026-09-07 09:07:34,0,normal,NONE
TX-005636,ACC-01597,ACC-00111,5693.71,2026-09-09 18:31:47,0,normal,NONE
TX-012763,ACC-01782,ACC-01779,37505.03,2026-09-08 14:30:00,0,normal_high_value,NONE
TX-007689,ACC-01295,ACC-00887,12314.05,2026-09-08 23:54:49,0,normal,NONE
TX-011539,ACC-01004,ACC-00409,4907.61,2026-09-01 18:07:44,0,normal,NONE
TX-001044,ACC-00928,ACC-01089,5261.23,2026-09-08 14:13:43,0,normal,NONE
TX-006385,ACC-01477,ACC-01356,930.44,2026-09-01 15:59:36,0,normal,NONE
TX-003060,ACC-01985,ACC-00936,13594.24,2026-09-01 16:15:27,0,normal,NONE
TX-010664,ACC-00332,ACC-00799,7229.13,2026-09-09 10:34:03,0,normal,NONE
TX-003469,ACC-00998,ACC-00029,9029.55,2026-09-06 20:35:56,0,normal,NONE
TX-005207,ACC-00296,ACC-00119,3725.27,2026-09-09 11:44:37,0,normal,NONE
TX-002981,ACC-00835,ACC-01927,13453.67,2026-09-06 08:49:50,0,normal,NONE
TX-002994,ACC-00435,ACC-00479,11619.54,2026-09-02 09:06:42,0,normal,NONE
TX-002055,ACC-00674,ACC-00498,14386.13,2026-09-06 15:29:20,0,normal,NONE
TX-004036,ACC-01852,ACC-00761,13983.8,2026-09-05 15:39:02,0,normal,NONE
TX-010101,ACC-01396,ACC-00384,12517.09,2026-09-08 19:02:53,0,normal,NONE
TX-000305,ACC-00382,ACC-01023,9329.06,2026-09-09 11:16:49,0,normal,NONE
TX-009593,ACC-01275,ACC-01844,7567.03,2026-09-06 10:39:25,0,normal,NONE
TX-011717,ACC-00529,ACC-01860,17333.72,2026-09-06 15:48:04,0,normal,NONE
TX-004550,ACC-01861,ACC-00993,16811.28,2026-09-02 14:27:30,0,normal,NONE
TX-006559,ACC-01891,ACC-00798,6067.69,2026-09-06 11:05:10,0,normal,NONE
TX-005285,ACC-01591,ACC-00992,2887.44,2026-09-09 23:12:52,0,normal,NONE
TX-005703,ACC-01075,ACC-00945,16933.93,2026-09-06 17:17:21,0,normal,NONE
TX-010398,ACC-01431,ACC-01616,2116.65,2026-09-02 23:58:48,0,normal,NONE
TX-009745,ACC-00032,ACC-01267,123.68,2026-09-02 19:30:41,0,normal,NONE
TX-011531,ACC-00996,ACC-00138,7636.44,2026-09-06 21:30:03,0,normal,NONE
TX-008877,ACC-01946,ACC-00487,705.43,2026-09-01 08:55:20,0,normal,NONE
TX-000456,ACC-00410,ACC-01213,17950.82,2026-09-03 08:46:29,0,normal,NONE
TX-005839,ACC-00046,ACC-01603,6004.6,2026-09-06 16:24:22,0,normal,NONE
TX-000519,ACC-00645,ACC-01621,2534.15,2026-09-05 10:15:35,0,normal,NONE
TX-006501,ACC-00241,ACC-01029,8348.08,2026-09-01 15:15:10,0,normal,NONE
TX-008834,ACC-00833,ACC-00252,15103.36,2026-09-07 13:04:47,0,normal,NONE
TX-006557,ACC-01873,ACC-00265,8574.83,2026-09-02 22:26:58,0,normal,NONE
TX-001484,ACC-01136,ACC-00504,3230.17,2026-09-01 13:53:16,0,normal,NONE
TX-006877,ACC-01633,ACC-00352,1585.56,2026-09-02 17:08:24,0,normal,NONE
TX-010330,ACC-01207,ACC-01965,13654.62,2026-09-07 20:18:01,0,normal,NONE
TX-009021,ACC-01977,ACC-00337,2680.07,2026-09-08 23:21:02,0,normal,NONE
TX-000071,ACC-01044,ACC-00819,12237.74,2026-09-09 18:01:07,0,normal,NONE
TX-007552,ACC-00904,ACC-01635,14558.52,2026-09-06 13:51:26,0,normal,NONE
TX-011716,ACC-00932,ACC-01696,2115.83,2026-09-08 18:59:32,0,normal,NONE
TX-006418,ACC-01864,ACC-01843,7690.38,2026-09-07 23:19:03,0,normal,NONE
TX-002474,ACC-01828,ACC-00454,12829.14,2026-09-02 14:31:13,0,normal,NONE
TX-002216,ACC-01966,ACC-01373,7242.63,2026-09-01 17:27:16,0,normal,NONE
TX-005454,ACC-01303,ACC-01196,14697.23,2026-09-05 16:33:04,0,normal,NONE
TX-003805,ACC-00325,ACC-01116,10709.13,2026-09-07 21:00:21,0,normal,NONE
TX-008453,ACC-01816,ACC-00482,6311.52,2026-09-05 21:35:36,0,normal,NONE
TX-010357,ACC-02000,ACC-01813,14291.83,2026-09-01 22:57:25,0,normal,NONE
TX-005768,ACC-00702,ACC-00664,16139.99,2026-09-04 20:08:36,0,normal,NONE
TX-001922,ACC-01748,ACC-00020,10700.21,2026-09-08 08:31:55,0,normal,NONE
TX-002956,ACC-01400,ACC-00383,5303.12,2026-09-01 10:30:24,0,normal,NONE
TX-012621,ACC-01084,ACC-01069,20281.13,2026-09-04 16:25:00,0,normal_high_value,NONE
TX-002302,ACC-01104,ACC-01685,3304.15,2026-09-02 15:13:19,0,normal,NONE
TX-009800,ACC-01659,ACC-00067,13788.77,2026-09-02 11:40:22,0,normal,NONE
TX-001784,ACC-01028,ACC-00627,12774.16,2026-09-07 13:17:05,0,normal,NONE
TX-008569,ACC-01178,ACC-01075,16906.95,2026-09-04 15:56:59,0,normal,NONE
TX-000411,ACC-01442,ACC-00419,7151.44,2026-09-04 18:49:18,0,normal,NONE
TX-013190,ACC-01634,ACC-01488,20152.77,2026-09-04 09:31:00,0,normal_high_value,NONE
TX-010540,ACC-01955,ACC-01040,6416.01,2026-09-09 22:57:31,0,normal,NONE
TX-007537,ACC-01881,ACC-00689,9803.9,2026-09-09 23:23:02,0,normal,NONE
TX-000609,ACC-00053,ACC-00424,3091.56,2026-09-05 10:30:54,0,normal,NONE
TX-006970,ACC-00632,ACC-01571,9437.22,2026-09-08 17:55:44,0,normal,NONE
TX-011506,ACC-01041,ACC-01346,9956.8,2026-09-03 15:09:15,0,normal,NONE
TX-010198,ACC-00572,ACC-00958,13906.46,2026-09-02 13:27:31,0,normal,NONE
TX-006120,ACC-01795,ACC-01002,8414.95,2026-09-02 11:43:21,0,normal,NONE
TX-003920,ACC-01044,ACC-00803,15254.53,2026-09-07 19:59:44,0,normal,NONE
TX-002304,ACC-00615,ACC-01900,10979.29,2026-09-03 18:10:12,0,normal,NONE
TX-000658,ACC-01196,ACC-01189,16998.53,2026-09-02 23:56:12,0,normal,NONE
TX-012748,ACC-00994,ACC-00265,67271.46,2026-09-03 09:18:00,0,normal_high_value,NONE
TX-000539,ACC-01584,ACC-00211,16098.95,2026-09-02 15:47:32,0,normal,NONE
TX-007234,ACC-01416,ACC-00222,3037.47,2026-09-08 10:39:35,0,normal,NONE
TX-003577,ACC-00423,ACC-00874,5408.78,2026-09-02 18:39:18,0,normal,NONE
TX-007535,ACC-00444,ACC-00819,7411.42,2026-09-09 15:30:53,0,normal,NONE
TX-009055,ACC-00467,ACC-01186,3174.13,2026-09-03 21:46:45,0,normal,NONE
TX-001490,ACC-01563,ACC-01262,10580.12,2026-09-09 17:50:09,0,normal,NONE
TX-013144,ACC-00985,ACC-01822,64064.66,2026-09-04 22:36:00,0,normal_high_value,NONE
TX-003255,ACC-00992,ACC-01837,16409.74,2026-09-02 12:44:16,0,normal,NONE
TX-010747,ACC-00730,ACC-01044,2588.5,2026-09-07 19:19:59,0,normal,NONE
TX-008751,ACC-01138,ACC-00880,7969.03,2026-09-06 20:30:23,0,normal,NONE
TX-006149,ACC-01603,ACC-00110,12762.65,2026-09-05 10:03:56,0,normal,NONE
TX-000543,ACC-00853,ACC-01876,12970.78,2026-09-05 10:36:23,0,normal,NONE
TX-007964,ACC-01839,ACC-01623,11870.72,2026-09-02 08:02:38,0,normal,NONE
TX-001143,ACC-00625,ACC-00332,12665.41,2026-09-01 22:29:49,0,normal,NONE
TX-007536,ACC-00718,ACC-00737,17605.7,2026-09-06 08:17:53,0,normal,NONE
TX-002448,ACC-01938,ACC-00827,10340.57,2026-09-07 21:24:44,0,normal,NONE
TX-001600,ACC-00176,ACC-00774,2261.77,2026-09-02 18:01:37,0,normal,NONE
TX-001040,ACC-01221,ACC-00949,5870.3,2026-09-02 22:11:19,0,normal,NONE
TX-002478,ACC-00762,ACC-01880,15083.42,2026-09-01 12:09:38,0,normal,NONE
TX-000625,ACC-00541,ACC-00785,11793.08,2026-09-08 09:11:17,0,normal,NONE
TX-013087,ACC-01464,ACC-00557,27184.93,2026-09-05 21:16:00,0,normal_high_value,NONE
TX-003435,ACC-01159,ACC-01763,3365.5,2026-09-03 21:19:10,0,normal,NONE
TX-002272,ACC-01007,ACC-01542,4420.22,2026-09-05 18:18:44,0,normal,NONE
TX-011710,ACC-00977,ACC-01628,7754.48,2026-09-03 19:41:53,0,normal,NONE
TX-011593,ACC-00098,ACC-00633,4824.58,2026-09-03 08:13:28,0,normal,NONE
TX-005563,ACC-01215,ACC-00965,2136.84,2026-09-09 21:04:51,0,normal,NONE
TX-002900,ACC-01823,ACC-00922,16077.99,2026-09-02 18:59:15,0,normal,NONE
TX-013244,ACC-00978,ACC-00202,43959.65,2026-09-03 18:35:00,0,normal_high_value,NONE
TX-008826,ACC-01992,ACC-01329,14012.75,2026-09-04 08:08:52,0,normal,NONE
TX-012340,ACC-00670,ACC-00822,48796.2,2026-09-03 21:57:00,0,normal_high_value,NONE
TX-011178,ACC-00344,ACC-00784,1520.73,2026-09-07 11:12:17,0,normal,NONE
TX-006867,ACC-01429,ACC-00895,3855.85,2026-09-08 13:37:14,0,normal,NONE
TX-009958,ACC-00897,ACC-00275,1815.67,2026-09-09 19:50:35,0,normal,NONE
TX-011404,ACC-00599,ACC-00201,5474.33,2026-09-06 21:52:26,0,normal,NONE
TX-000100,ACC-00893,ACC-00995,541.87,2026-09-06 20:46:10,0,normal,NONE
TX-005260,ACC-01247,ACC-01040,4655.62,2026-09-07 19:47:26,0,normal,NONE
TX-001958,ACC-01058,ACC-00296,10125.65,2026-09-08 12:14:57,0,normal,NONE
TX-001581,ACC-01496,ACC-01486,6749.16,2026-09-07 21:25:47,0,normal,NONE
TX-012302,ACC-00820,ACC-00299,55533.35,2026-09-06 08:17:00,0,normal_high_value,NONE
TX-011628,ACC-00144,ACC-01245,12507.19,2026-09-02 21:25:21,0,normal,NONE
TX-006374,ACC-01767,ACC-01286,10560.3,2026-09-06 22:20:13,0,normal,NONE
TX-001198,ACC-01694,ACC-01731,12335.71,2026-09-05 16:43:44,0,normal,NONE
TX-004848,ACC-00050,ACC-01533,5148.57,2026-09-05 14:57:05,0,normal,NONE
TX-011520,ACC-00191,ACC-00623,16890.59,2026-09-03 13:52:43,0,normal,NONE
TX-010613,ACC-01025,ACC-00521,524.56,2026-09-02 13:22:56,0,normal,NONE
TX-007519,ACC-00979,ACC-01316,6381.65,2026-09-07 20:26:59,0,normal,NONE
TX-005858,ACC-00174,ACC-01520,13533.28,2026-09-08 19:54:27,0,normal,NONE
TX-009636,ACC-01027,ACC-01945,14176.07,2026-09-04 14:02:23,0,normal,NONE
TX-005757,ACC-00066,ACC-01000,7438.2,2026-09-09 18:13:03,0,normal,NONE
TX-012716,ACC-00455,ACC-00171,54689.92,2026-09-05 14:26:00,0,normal_high_value,NONE
TX-005677,ACC-01600,ACC-01255,13816.96,2026-09-08 21:50:48,0,normal,NONE
TX-007878,ACC-00431,ACC-00493,14636.6,2026-09-09 15:06:42,0,normal,NONE
TX-005406,ACC-00774,ACC-00200,7063.27,2026-09-01 14:51:50,0,normal,NONE
TX-002975,ACC-00157,ACC-00638,10874.37,2026-09-02 17:06:34,0,normal,NONE
TX-006910,ACC-00932,ACC-00492,15362.54,2026-09-06 22:24:19,0,normal,NONE
TX-007303,ACC-00687,ACC-01533,7899.33,2026-09-04 18:40:03,0,normal,NONE
TX-011217,ACC-00227,ACC-00220,7422.5,2026-09-07 20:42:52,0,normal,NONE
TX-003670,ACC-00894,ACC-01657,2624.05,2026-09-02 14:11:01,0,normal,NONE
TX-002436,ACC-01321,ACC-02000,9982.23,2026-09-04 22:17:36,0,normal,NONE
TX-001329,ACC-00795,ACC-00976,4847.26,2026-09-07 10:48:27,0,normal,NONE
TX-010036,ACC-01100,ACC-00899,15349.12,2026-09-03 23:31:55,0,normal,NONE
TX-011813,ACC-00904,ACC-00134,12956.58,2026-09-06 12:25:05,0,normal,NONE
TX-004827,ACC-01550,ACC-00884,17582.85,2026-09-02 15:20:06,0,normal,NONE
TX-002778,ACC-00673,ACC-01925,9168.85,2026-09-08 20:03:37,0,normal,NONE
TX-009607,ACC-01191,ACC-00290,3020.23,2026-09-09 20:32:30,0,normal,NONE
TX-010067,ACC-01666,ACC-00058,10334.57,2026-09-08 14:03:52,0,normal,NONE
TX-002449,ACC-00972,ACC-00284,15253.83,2026-09-03 11:19:22,0,normal,NONE
TX-006685,ACC-00553,ACC-00009,5454.99,2026-09-04 10:01:58,0,normal,NONE
TX-004537,ACC-00639,ACC-01344,16183.27,2026-09-03 09:09:33,0,normal,NONE
TX-003208,ACC-01368,ACC-01450,1202.7,2026-09-03 09:16:39,0,normal,NONE
TX-006849,ACC-00028,ACC-00872,7584.52,2026-09-07 11:46:01,0,normal,NONE
TX-009602,ACC-01433,ACC-01986,211.1,2026-09-09 23:32:40,0,normal,NONE
TX-009101,ACC-00361,ACC-00757,16946.93,2026-09-04 11:58:19,0,normal,NONE
TX-010299,ACC-01971,ACC-00094,407.22,2026-09-08 17:36:17,0,normal,NONE
TX-005041,ACC-00319,ACC-00138,4575.72,2026-09-06 10:13:56,0,normal,NONE
TX-001324,ACC-00782,ACC-00190,7191.48,2026-09-03 15:49:55,0,normal,NONE
TX-004697,ACC-01242,ACC-01080,12496.59,2026-09-04 23:44:06,0,normal,NONE
TX-006730,ACC-00318,ACC-00367,10634.27,2026-09-03 11:01:39,0,normal,NONE
TX-005845,ACC-01957,ACC-00848,11590.65,2026-09-03 12:31:49,0,normal,NONE
TX-001262,ACC-00588,ACC-01324,2907.31,2026-09-04 20:15:07,0,normal,NONE
TX-001352,ACC-01510,ACC-01186,10733.2,2026-09-09 17:02:31,0,normal,NONE
TX-006467,ACC-00089,ACC-00843,6514.79,2026-09-01 08:18:53,0,normal,NONE
TX-006201,ACC-01732,ACC-00667,13272.95,2026-09-09 12:41:16,0,normal,NONE
TX-001881,ACC-01938,ACC-01810,14537.53,2026-09-02 21:43:48,0,normal,NONE
TX-003777,ACC-01107,ACC-00385,11514.57,2026-09-08 10:29:00,0,normal,NONE
TX-012008,FRAUD-01-SRC-08,FRAUD-01-COLLECTOR,7092.33,2026-09-05 13:14:00,1,funneling,NET-01
TX-001476,ACC-01160,ACC-01973,6055.18,2026-09-05 21:21:10,0,normal,NONE
TX-007926,ACC-01365,ACC-01538,10912.7,2026-09-07 12:09:22,0,normal,NONE
TX-006785,ACC-01597,ACC-00033,3087.96,2026-09-01 17:05:30,0,normal,NONE
TX-003018,ACC-01584,ACC-00637,15298.75,2026-09-05 09:54:01,0,normal,NONE
TX-012854,ACC-01097,ACC-00763,52435.84,2026-09-01 10:53:00,0,normal_high_value,NONE
TX-012508,ACC-01723,ACC-00554,79048.71,2026-09-06 18:32:00,0,normal_high_value,NONE
TX-008785,ACC-01810,ACC-01854,3588.82,2026-09-05 20:24:38,0,normal,NONE
TX-012205,FRAUD-09-SRC-05,FRAUD-09-COLLECTOR,8374.39,2026-09-04 18:08:00,1,funneling,NET-09
TX-003044,ACC-00816,ACC-00964,9624.59,2026-09-03 22:47:50,0,normal,NONE
TX-012810,ACC-00788,ACC-01201,54067.76,2026-09-06 11:13:00,0,normal_high_value,NONE
TX-004041,ACC-00233,ACC-01267,15927.56,2026-09-04 18:18:21,0,normal,NONE
TX-009568,ACC-00468,ACC-00102,15810.59,2026-09-03 16:06:06,0,normal,NONE
TX-007135,ACC-00527,ACC-00964,10311.53,2026-09-04 11:44:04,0,normal,NONE
TX-009538,ACC-01143,ACC-01351,3200.54,2026-09-03 18:57:20,0,normal,NONE
TX-002866,ACC-00600,ACC-00706,2469.06,2026-09-07 17:17:15,0,normal,NONE
TX-005278,ACC-00742,ACC-00717,17336.28,2026-09-03 08:20:15,0,normal,NONE
TX-001979,ACC-00061,ACC-01745,13197.14,2026-09-04 11:42:06,0,normal,NONE
TX-000512,ACC-00912,ACC-00020,164.96,2026-09-06 11:55:27,0,normal,NONE
TX-008488,ACC-00726,ACC-01650,15925.34,2026-09-05 18:45:33,0,normal,NONE
TX-008688,ACC-01197,ACC-00143,14882.74,2026-09-01 22:10:44,0,normal,NONE
TX-008391,ACC-00707,ACC-01502,16635.55,2026-09-09 15:53:51,0,normal,NONE
TX-000036,ACC-01654,ACC-00834,3443.57,2026-09-02 21:22:27,0,normal,NONE
TX-005564,ACC-01821,ACC-01740,15184.24,2026-09-03 13:38:57,0,normal,NONE
TX-002020,ACC-01868,ACC-00281,15148.83,2026-09-09 15:19:47,0,normal,NONE
TX-010270,ACC-00705,ACC-00939,10560.25,2026-09-01 20:44:20,0,normal,NONE
TX-003852,ACC-01167,ACC-00343,9857.89,2026-09-02 23:53:00,0,normal,NONE
TX-000451,ACC-00014,ACC-01944,7134.54,2026-09-07 18:28:21,0,normal,NONE
TX-004692,ACC-00445,ACC-00978,5599.09,2026-09-06 19:32:03,0,normal,NONE
TX-008157,ACC-00456,ACC-01629,6922.37,2026-09-09 19:30:17,0,normal,NONE
TX-003245,ACC-00810,ACC-00983,2741.07,2026-09-09 22:38:36,0,normal,NONE
TX-007590,ACC-00596,ACC-01313,7666.75,2026-09-04 11:48:43,0,normal,NONE
TX-004016,ACC-00378,ACC-01390,7167.42,2026-09-08 10:03:27,0,normal,NONE
TX-005427,ACC-00779,ACC-01391,6864.06,2026-09-02 16:50:07,0,normal,NONE
TX-000048,ACC-01929,ACC-01824,10262.76,2026-09-01 10:26:42,0,normal,NONE
TX-004585,ACC-00049,ACC-01833,5415.83,2026-09-05 18:15:19,0,normal,NONE
TX-001702,ACC-00083,ACC-00274,7113.94,2026-09-06 09:10:42,0,normal,NONE
TX-006160,ACC-01168,ACC-00225,2310.22,2026-09-08 22:16:23,0,normal,NONE
TX-000885,ACC-00408,ACC-00944,13241.1,2026-09-02 14:30:24,0,normal,NONE
TX-000705,ACC-01142,ACC-01125,23.05,2026-09-02 17:56:32,0,normal,NONE
TX-000587,ACC-00364,ACC-01882,14447.59,2026-09-06 09:01:09,0,normal,NONE
TX-002590,ACC-00060,ACC-01335,11598.91,2026-09-07 10:23:29,0,normal,NONE
TX-009144,ACC-01367,ACC-01321,28.32,2026-09-01 20:45:41,0,normal,NONE
TX-006743,ACC-01594,ACC-00293,5906.55,2026-09-03 23:15:40,0,normal,NONE
TX-009797,ACC-00262,ACC-00234,5323.6,2026-09-06 14:58:30,0,normal,NONE
TX-005222,ACC-01206,ACC-01256,1518.0,2026-09-01 18:45:57,0,normal,NONE
TX-005221,ACC-01630,ACC-00821,4635.51,2026-09-07 22:19:06,0,normal,NONE
TX-009067,ACC-00103,ACC-01592,1752.1,2026-09-04 13:36:59,0,normal,NONE
TX-009346,ACC-01776,ACC-00787,13421.5,2026-09-03 13:26:58,0,normal,NONE
TX-004314,ACC-00741,ACC-00108,4299.96,2026-09-01 18:39:20,0,normal,NONE
TX-011514,ACC-01940,ACC-00475,13643.0,2026-09-04 08:04:26,0,normal,NONE
TX-012269,ACC-01410,ACC-00471,43682.8,2026-09-05 16:43:00,0,normal_high_value,NONE
TX-007827,ACC-00443,ACC-00850,1746.74,2026-09-01 09:09:22,0,normal,NONE
TX-000400,ACC-00564,ACC-00125,10029.79,2026-09-03 21:35:31,0,normal,NONE
TX-005701,ACC-01657,ACC-00556,6207.59,2026-09-03 13:27:28,0,normal,NONE
TX-009948,ACC-00637,ACC-01631,12428.37,2026-09-03 08:59:38,0,normal,NONE
TX-001458,ACC-00050,ACC-01214,14354.03,2026-09-06 16:15:06,0,normal,NONE
TX-001062,ACC-01851,ACC-00704,9639.9,2026-09-01 23:29:32,0,normal,NONE
TX-001721,ACC-00028,ACC-01399,9940.79,2026-09-03 18:23:47,0,normal,NONE
TX-006655,ACC-00041,ACC-01837,1440.06,2026-09-02 16:42:01,0,normal,NONE
TX-005166,ACC-01094,ACC-00674,15762.14,2026-09-06 22:13:39,0,normal,NONE
TX-011885,ACC-01392,ACC-00025,11443.11,2026-09-09 23:14:41,0,normal,NONE
TX-001218,ACC-00467,ACC-00835,2048.96,2026-09-06 11:29:07,0,normal,NONE
TX-006078,ACC-00241,ACC-00640,13178.41,2026-09-09 14:51:25,0,normal,NONE
TX-010821,ACC-01052,ACC-00509,4707.41,2026-09-06 21:10:52,0,normal,NONE
TX-001122,ACC-01283,ACC-01351,3761.79,2026-09-01 14:07:50,0,normal,NONE
TX-007038,ACC-01046,ACC-00403,7346.26,2026-09-03 14:40:39,0,normal,NONE
TX-006562,ACC-01588,ACC-01331,5269.33,2026-09-06 19:10:50,0,normal,NONE
TX-010605,ACC-01755,ACC-01839,15116.77,2026-09-04 08:34:31,0,normal,NONE
TX-003069,ACC-00402,ACC-01105,13848.55,2026-09-03 08:59:39,0,normal,NONE
TX-001635,ACC-01869,ACC-01738,2882.29,2026-09-01 20:21:27,0,normal,NONE
TX-005971,ACC-00596,ACC-00782,7700.45,2026-09-05 09:13:30,0,normal,NONE
TX-002674,ACC-01039,ACC-01883,4393.31,2026-09-03 11:01:10,0,normal,NONE
TX-009082,ACC-00481,ACC-00923,12005.99,2026-09-05 14:56:43,0,normal,NONE
TX-011049,ACC-00489,ACC-00826,226.25,2026-09-08 19:23:00,0,normal,NONE
TX-009647,ACC-01663,ACC-01206,16435.17,2026-09-07 21:57:43,0,normal,NONE
TX-007054,ACC-00286,ACC-01476,7558.31,2026-09-01 11:52:33,0,normal,NONE
TX-001990,ACC-01398,ACC-01495,17240.23,2026-09-09 23:12:53,0,normal,NONE
TX-010275,ACC-01658,ACC-00541,8903.92,2026-09-09 11:47:20,0,normal,NONE
TX-003306,ACC-01679,ACC-00150,16161.35,2026-09-06 08:41:34,0,normal,NONE
TX-001384,ACC-00914,ACC-01319,3708.3,2026-09-09 22:44:22,0,normal,NONE
TX-004316,ACC-00174,ACC-01491,14837.17,2026-09-08 17:46:03,0,normal,NONE
TX-010081,ACC-00958,ACC-01957,4633.42,2026-09-09 17:27:17,0,normal,NONE
TX-005849,ACC-00475,ACC-01096,6630.36,2026-09-01 18:53:43,0,normal,NONE
TX-011306,ACC-00792,ACC-00135,9940.31,2026-09-09 13:22:51,0,normal,NONE
TX-001283,ACC-01431,ACC-00535,9123.89,2026-09-06 21:38:46,0,normal,NONE
TX-001531,ACC-01805,ACC-01882,8224.39,2026-09-05 20:39:52,0,normal,NONE
TX-010485,ACC-01695,ACC-00859,3723.45,2026-09-08 11:24:18,0,normal,NONE
TX-013107,ACC-00843,ACC-01554,50946.88,2026-09-07 17:35:00,0,normal_high_value,NONE
TX-000380,ACC-01221,ACC-01789,14176.93,2026-09-09 22:33:45,0,normal,NONE
TX-002612,ACC-00670,ACC-01839,4700.95,2026-09-02 17:28:01,0,normal,NONE
TX-011718,ACC-01089,ACC-01284,9939.15,2026-09-06 18:11:11,0,normal,NONE
TX-005363,ACC-01059,ACC-00155,10563.16,2026-09-04 19:57:01,0,normal,NONE
TX-003379,ACC-01138,ACC-01174,3855.83,2026-09-07 19:08:38,0,normal,NONE
TX-009951,ACC-00522,ACC-01837,4624.55,2026-09-06 19:28:09,0,normal,NONE
TX-002471,ACC-01514,ACC-00099,9626.57,2026-09-01 17:24:12,0,normal,NONE
TX-012386,ACC-00945,ACC-00850,75999.44,2026-09-03 09:27:00,0,normal_high_value,NONE
TX-006499,ACC-01577,ACC-00599,5425.13,2026-09-08 09:44:16,0,normal,NONE
TX-009229,ACC-00006,ACC-00578,12112.57,2026-09-06 20:40:54,0,normal,NONE
TX-002983,ACC-01524,ACC-00095,9357.72,2026-09-02 11:47:08,0,normal,NONE
TX-009137,ACC-01838,ACC-01160,12692.55,2026-09-05 13:58:04,0,normal,NONE
TX-005815,ACC-00503,ACC-01764,12888.53,2026-09-04 14:44:29,0,normal,NONE
TX-011392,ACC-01777,ACC-01281,10356.67,2026-09-01 18:24:08,0,normal,NONE
TX-000219,ACC-01525,ACC-01514,6720.19,2026-09-03 09:37:35,0,normal,NONE
TX-004218,ACC-00397,ACC-00431,8284.0,2026-09-04 17:46:11,0,normal,NONE
TX-002184,ACC-01408,ACC-01704,3085.13,2026-09-07 12:34:36,0,normal,NONE
TX-012313,ACC-01360,ACC-00700,21180.22,2026-09-09 13:23:00,0,normal_high_value,NONE
TX-008164,ACC-00589,ACC-01317,2920.83,2026-09-02 11:48:41,0,normal,NONE
TX-008772,ACC-00774,ACC-01580,11601.01,2026-09-01 09:32:21,0,normal,NONE
TX-007922,ACC-00861,ACC-00968,11093.73,2026-09-01 21:42:01,0,normal,NONE
TX-000182,ACC-00811,ACC-00563,165.6,2026-09-01 23:53:57,0,normal,NONE
TX-000312,ACC-01173,ACC-00756,8423.96,2026-09-09 12:39:56,0,normal,NONE
TX-004194,ACC-00506,ACC-00522,9462.95,2026-09-01 16:57:38,0,normal,NONE
TX-003596,ACC-01193,ACC-00691,11311.52,2026-09-08 08:35:27,0,normal,NONE
TX-007880,ACC-01488,ACC-01462,11868.15,2026-09-08 08:16:00,0,normal,NONE
TX-003211,ACC-00407,ACC-00949,10633.9,2026-09-02 21:24:38,0,normal,NONE
TX-010023,ACC-00975,ACC-01253,16633.66,2026-09-07 20:55:34,0,normal,NONE
TX-008413,ACC-00804,ACC-00851,11927.92,2026-09-05 23:04:01,0,normal,NONE
TX-009374,ACC-00152,ACC-01642,13799.4,2026-09-08 19:28:03,0,normal,NONE
TX-011197,ACC-00939,ACC-00711,7242.39,2026-09-02 08:18:58,0,normal,NONE
TX-001666,ACC-01327,ACC-01681,9215.47,2026-09-03 21:52:09,0,normal,NONE
TX-000291,ACC-01543,ACC-01325,3456.04,2026-09-06 09:55:41,0,normal,NONE
TX-003624,ACC-01416,ACC-01015,5793.65,2026-09-05 21:06:39,0,normal,NONE
TX-005358,ACC-00669,ACC-00197,14742.99,2026-09-08 10:23:22,0,normal,NONE
TX-012914,ACC-00246,ACC-00421,31479.09,2026-09-09 11:55:00,0,normal_high_value,NONE
TX-009826,ACC-01175,ACC-00849,766.02,2026-09-09 18:35:24,0,normal,NONE
TX-008433,ACC-01106,ACC-01467,15358.83,2026-09-06 13:13:49,0,normal,NONE
TX-007817,ACC-00936,ACC-00895,1865.58,2026-09-07 23:30:51,0,normal,NONE
TX-011093,ACC-00944,ACC-01631,15254.36,2026-09-01 18:12:42,0,normal,NONE
TX-010057,ACC-00682,ACC-00738,8050.75,2026-09-08 15:18:43,0,normal,NONE
TX-012194,FRAUD-08-NEXTHOP,FRAUD-08-OUT-02,11748.09,2026-09-07 09:49:00,1,fan_out,NET-08
TX-008073,ACC-01208,ACC-01977,15173.69,2026-09-09 14:11:23,0,normal,NONE
TX-001748,ACC-01813,ACC-00364,14718.64,2026-09-04 10:09:04,0,normal,NONE
TX-002056,ACC-01533,ACC-01992,2095.2,2026-09-04 22:46:56,0,normal,NONE
TX-002460,ACC-00343,ACC-01844,1812.99,2026-09-04 12:39:58,0,normal,NONE
TX-012322,ACC-01441,ACC-01489,61295.78,2026-09-06 20:28:00,0,normal_high_value,NONE
TX-003947,ACC-01535,ACC-00215,15925.58,2026-09-07 12:48:22,0,normal,NONE
TX-009515,ACC-01406,ACC-00319,158.99,2026-09-09 23:06:24,0,normal,NONE
TX-004631,ACC-01095,ACC-01574,1376.93,2026-09-06 20:18:28,0,normal,NONE
TX-013176,ACC-00157,ACC-00125,82885.11,2026-09-08 11:10:00,0,normal_high_value,NONE
TX-012715,ACC-01192,ACC-01357,39127.16,2026-09-05 16:32:00,0,normal_high_value,NONE
TX-008481,ACC-00457,ACC-00545,146.23,2026-09-02 22:55:47,0,normal,NONE
TX-001348,ACC-00304,ACC-00971,7605.39,2026-09-02 13:57:09,0,normal,NONE
TX-009203,ACC-00599,ACC-01577,9154.77,2026-09-09 21:58:19,0,normal,NONE
TX-006235,ACC-01927,ACC-01169,7813.05,2026-09-08 09:11:58,0,normal,NONE
TX-008374,ACC-00174,ACC-01712,13659.83,2026-09-09 17:45:29,0,normal,NONE
TX-010510,ACC-00621,ACC-00571,54.64,2026-09-03 22:33:12,0,normal,NONE
TX-012525,ACC-00573,ACC-01873,69040.7,2026-09-05 10:20:00,0,normal_high_value,NONE
TX-005494,ACC-01754,ACC-01846,16897.63,2026-09-06 21:04:38,0,normal,NONE
TX-009702,ACC-00315,ACC-01645,6571.95,2026-09-06 20:57:58,0,normal,NONE
TX-003704,ACC-01816,ACC-00280,10436.38,2026-09-01 22:17:40,0,normal,NONE
TX-011831,ACC-01352,ACC-01694,12906.06,2026-09-02 10:08:19,0,normal,NONE
TX-012418,ACC-00747,ACC-01209,24830.39,2026-09-06 13:43:00,0,normal_high_value,NONE
TX-000248,ACC-01631,ACC-00563,10653.73,2026-09-06 10:19:29,0,normal,NONE
TX-001011,ACC-00798,ACC-00384,10721.55,2026-09-05 18:45:02,0,normal,NONE
TX-012841,ACC-00308,ACC-00152,55250.96,2026-09-09 08:27:00,0,normal_high_value,NONE
TX-003493,ACC-00883,ACC-00428,16308.89,2026-09-03 10:11:21,0,normal,NONE
TX-005834,ACC-00212,ACC-00228,13492.36,2026-09-05 16:51:05,0,normal,NONE
TX-001084,ACC-01239,ACC-00267,6779.73,2026-09-03 11:44:11,0,normal,NONE
TX-002335,ACC-00661,ACC-00875,2725.9,2026-09-04 18:34:29,0,normal,NONE
TX-011214,ACC-00091,ACC-01186,5696.63,2026-09-03 16:13:37,0,normal,NONE
TX-012857,ACC-00736,ACC-01369,82962.63,2026-09-08 11:38:00,0,normal_high_value,NONE
TX-010308,ACC-00181,ACC-01230,14624.45,2026-09-01 15:23:12,0,normal,NONE
TX-000869,ACC-00622,ACC-00022,21.66,2026-09-03 19:18:30,0,normal,NONE
TX-005336,ACC-01081,ACC-01510,4926.69,2026-09-05 13:10:36,0,normal,NONE
TX-010728,ACC-01668,ACC-01847,2194.17,2026-09-01 16:48:17,0,normal,NONE
TX-006138,ACC-01093,ACC-00762,16649.93,2026-09-04 13:46:38,0,normal,NONE
TX-002958,ACC-01497,ACC-00224,6643.32,2026-09-09 13:53:17,0,normal,NONE
TX-005968,ACC-01219,ACC-00676,3198.94,2026-09-02 13:52:06,0,normal,NONE
TX-009354,ACC-00142,ACC-00223,7719.01,2026-09-02 19:24:54,0,normal,NONE
TX-007915,ACC-00066,ACC-01082,5574.16,2026-09-01 22:33:17,0,normal,NONE
TX-013179,ACC-01827,ACC-01228,24556.02,2026-09-03 23:02:00,0,normal_high_value,NONE
TX-001656,ACC-00180,ACC-01152,4636.55,2026-09-01 10:07:32,0,normal,NONE
TX-012400,ACC-00706,ACC-01758,48160.48,2026-09-03 11:00:00,0,normal_high_value,NONE
TX-004739,ACC-01748,ACC-00581,12224.44,2026-09-04 12:01:56,0,normal,NONE
TX-012076,FRAUD-04-SRC-01,FRAUD-04-COLLECTOR,6517.2,2026-09-04 12:00:00,1,funneling,NET-04
TX-008747,ACC-01692,ACC-01012,6115.05,2026-09-04 11:21:52,0,normal,NONE
TX-006244,ACC-01145,ACC-00398,13801.6,2026-09-03 23:38:52,0,normal,NONE
TX-009572,ACC-01292,ACC-01543,10263.49,2026-09-02 08:34:17,0,normal,NONE
TX-012460,ACC-00132,ACC-00863,40927.53,2026-09-04 12:33:00,0,normal_high_value,NONE
TX-000361,ACC-00282,ACC-00011,17362.05,2026-09-03 21:41:59,0,normal,NONE
TX-008993,ACC-01717,ACC-00215,8975.25,2026-09-05 19:27:20,0,normal,NONE
TX-008458,ACC-01515,ACC-01698,561.78,2026-09-05 08:56:39,0,normal,NONE
TX-005091,ACC-00818,ACC-01419,17635.55,2026-09-06 09:45:37,0,normal,NONE
TX-006015,ACC-00084,ACC-00998,4656.89,2026-09-05 10:19:09,0,normal,NONE
TX-000488,ACC-00549,ACC-01588,9785.05,2026-09-06 09:48:46,0,normal,NONE
TX-008204,ACC-01989,ACC-00887,8811.97,2026-09-01 15:51:03,0,normal,NONE
TX-000136,ACC-00907,ACC-00609,15485.8,2026-09-07 17:36:39,0,normal,NONE
TX-004309,ACC-00008,ACC-01468,14985.44,2026-09-05 15:13:43,0,normal,NONE
TX-006948,ACC-00850,ACC-01147,17744.03,2026-09-05 09:36:15,0,normal,NONE
TX-012069,FRAUD-03-NEXTHOP,FRAUD-03-OUT-02,12284.72,2026-09-02 09:49:00,1,fan_out,NET-03
TX-001644,ACC-01987,ACC-00305,11292.97,2026-09-07 15:02:07,0,normal,NONE
TX-001603,ACC-01622,ACC-00015,6774.47,2026-09-09 16:59:31,0,normal,NONE
TX-001115,ACC-01621,ACC-01736,11386.86,2026-09-07 13:01:56,0,normal,NONE
TX-006815,ACC-01493,ACC-00305,1086.55,2026-09-06 13:34:17,0,normal,NONE
TX-004437,ACC-01931,ACC-00588,16044.5,2026-09-02 15:50:48,0,normal,NONE
TX-011972,ACC-00833,ACC-00538,11968.06,2026-09-07 12:41:40,0,normal,NONE
TX-007873,ACC-01846,ACC-01514,17437.74,2026-09-05 19:26:35,0,normal,NONE
TX-013249,ACC-00937,ACC-00496,75505.44,2026-09-05 15:05:00,0,normal_high_value,NONE
TX-013013,ACC-00270,ACC-00060,26290.67,2026-09-01 12:50:00,0,normal_high_value,NONE
TX-003144,ACC-01938,ACC-01874,9350.63,2026-09-03 12:01:51,0,normal,NONE
TX-012245,FRAUD-10-NEXTHOP,FRAUD-10-OUT-03,12442.99,2026-09-03 12:50:00,1,fan_out,NET-10
TX-008817,ACC-00931,ACC-00758,13714.33,2026-09-06 16:00:14,0,normal,NONE
TX-009308,ACC-01018,ACC-01676,16000.74,2026-09-09 15:18:08,0,normal,NONE
TX-006573,ACC-00929,ACC-00455,565.18,2026-09-06 09:30:39,0,normal,NONE
TX-008678,ACC-00089,ACC-01247,1187.95,2026-09-07 15:41:58,0,normal,NONE
TX-001587,ACC-01322,ACC-00303,4718.73,2026-09-08 12:16:15,0,normal,NONE
TX-012578,ACC-01819,ACC-00594,36333.46,2026-09-01 11:07:00,0,normal_high_value,NONE
TX-011865,ACC-00298,ACC-01182,746.62,2026-09-08 19:16:09,0,normal,NONE
TX-007426,ACC-00212,ACC-00982,4359.18,2026-09-07 14:36:02,0,normal,NONE
TX-000750,ACC-00315,ACC-00049,8276.87,2026-09-06 09:05:04,0,normal,NONE
TX-003510,ACC-01019,ACC-00398,11577.83,2026-09-03 08:44:33,0,normal,NONE
TX-001663,ACC-00523,ACC-00534,6884.45,2026-09-03 20:29:05,0,normal,NONE
TX-012335,ACC-01587,ACC-01459,22781.29,2026-09-09 23:24:00,0,normal_high_value,NONE
TX-013003,ACC-01876,ACC-00836,29838.27,2026-09-09 15:20:00,0,normal_high_value,NONE
TX-003376,ACC-00947,ACC-00146,14577.72,2026-09-06 08:00:30,0,normal,NONE
TX-009266,ACC-00564,ACC-01567,1773.0,2026-09-01 11:34:51,0,normal,NONE
TX-005693,ACC-00303,ACC-01345,15454.5,2026-09-05 12:22:39,0,normal,NONE
TX-004994,ACC-00891,ACC-00148,8499.89,2026-09-09 13:57:21,0,normal,NONE
TX-007247,ACC-00296,ACC-01036,2083.24,2026-09-06 14:25:49,0,normal,NONE
TX-009729,ACC-00247,ACC-00442,11429.92,2026-09-06 23:19:00,0,normal,NONE
TX-013071,ACC-00753,ACC-00721,69251.26,2026-09-07 23:15:00,0,normal_high_value,NONE
TX-010172,ACC-00926,ACC-01363,1706.45,2026-09-01 15:18:02,0,normal,NONE
TX-005340,ACC-01870,ACC-00335,13356.73,2026-09-08 15:25:20,0,normal,NONE
TX-002617,ACC-00635,ACC-00026,3911.3,2026-09-03 18:13:31,0,normal,NONE
TX-005141,ACC-00314,ACC-01456,9562.27,2026-09-06 21:28:47,0,normal,NONE
TX-007014,ACC-00156,ACC-00804,4537.61,2026-09-01 18:17:27,0,normal,NONE
TX-003479,ACC-01425,ACC-00657,4812.66,2026-09-03 11:43:32,0,normal,NONE
TX-007655,ACC-00502,ACC-01004,3716.0,2026-09-02 14:16:43,0,normal,NONE
TX-007467,ACC-01309,ACC-01197,16953.89,2026-09-08 16:23:02,0,normal,NONE
TX-005610,ACC-00544,ACC-01920,16801.59,2026-09-06 16:51:30,0,normal,NONE
TX-008423,ACC-00517,ACC-00576,8546.04,2026-09-01 20:03:50,0,normal,NONE
TX-002129,ACC-00638,ACC-01517,6094.88,2026-09-03 09:20:44,0,normal,NONE
TX-009385,ACC-01628,ACC-00294,8064.82,2026-09-03 23:19:26,0,normal,NONE
TX-012911,ACC-00199,ACC-00179,25979.79,2026-09-04 19:18:00,0,normal_high_value,NONE
TX-007751,ACC-00732,ACC-01804,15514.77,2026-09-05 13:33:32,0,normal,NONE
TX-011941,ACC-00859,ACC-00649,8860.7,2026-09-09 18:14:40,0,normal,NONE
TX-010416,ACC-01433,ACC-00538,3204.69,2026-09-06 22:08:39,0,normal,NONE
TX-006924,ACC-00578,ACC-00110,7873.35,2026-09-06 23:58:10,0,normal,NONE
TX-009076,ACC-01898,ACC-00748,15489.43,2026-09-07 14:27:37,0,normal,NONE
TX-002268,ACC-01468,ACC-01900,9217.84,2026-09-08 21:50:07,0,normal,NONE
TX-002616,ACC-00112,ACC-01327,11277.6,2026-09-05 14:32:01,0,normal,NONE
TX-011696,ACC-01599,ACC-00493,17520.36,2026-09-08 18:05:39,0,normal,NONE
TX-001158,ACC-00419,ACC-01067,17138.84,2026-09-01 17:26:43,0,normal,NONE
TX-010316,ACC-01190,ACC-00688,2134.31,2026-09-04 15:25:41,0,normal,NONE
TX-003502,ACC-00617,ACC-01591,5714.89,2026-09-05 14:45:51,0,normal,NONE
TX-009282,ACC-01906,ACC-01216,4633.25,2026-09-05 16:47:38,0,normal,NONE
TX-001003,ACC-01127,ACC-00664,13811.25,2026-09-02 18:21:25,0,normal,NONE
TX-006700,ACC-01885,ACC-00180,17081.85,2026-09-03 10:50:47,0,normal,NONE
TX-000174,ACC-00768,ACC-00883,2637.34,2026-09-09 21:36:43,0,normal,NONE
TX-009860,ACC-01682,ACC-00781,11537.86,2026-09-04 20:27:31,0,normal,NONE
TX-003426,ACC-00941,ACC-01101,4600.79,2026-09-01 13:42:36,0,normal,NONE
TX-000773,ACC-01294,ACC-00064,14631.31,2026-09-07 14:58:02,0,normal,NONE
TX-008375,ACC-01629,ACC-00683,15245.7,2026-09-04 16:49:02,0,normal,NONE
TX-005772,ACC-01358,ACC-01837,6618.18,2026-09-01 22:57:42,0,normal,NONE
TX-011511,ACC-00111,ACC-01740,8666.71,2026-09-01 11:18:05,0,normal,NONE
TX-011779,ACC-00969,ACC-00276,4107.09,2026-09-08 10:06:33,0,normal,NONE
TX-002219,ACC-00869,ACC-01089,13677.8,2026-09-02 12:00:21,0,normal,NONE
TX-005647,ACC-01589,ACC-01777,970.38,2026-09-07 10:09:57,0,normal,NONE
TX-007373,ACC-00497,ACC-01917,3962.26,2026-09-05 22:28:17,0,normal,NONE
TX-003843,ACC-00485,ACC-00801,16080.86,2026-09-07 12:04:36,0,normal,NONE
TX-012749,ACC-00860,ACC-01532,45667.97,2026-09-06 13:04:00,0,normal_high_value,NONE
TX-007253,ACC-01006,ACC-01743,15493.97,2026-09-09 11:13:01,0,normal,NONE
TX-010644,ACC-00480,ACC-01998,6430.07,2026-09-02 10:42:31,0,normal,NONE
TX-005096,ACC-00781,ACC-00712,7671.71,2026-09-04 10:13:24,0,normal,NONE
TX-012356,ACC-01523,ACC-01461,70274.42,2026-09-02 21:08:00,0,normal_high_value,NONE
TX-006459,ACC-00856,ACC-00610,9857.61,2026-09-06 10:43:02,0,normal,NONE
TX-009871,ACC-00291,ACC-01019,11426.41,2026-09-04 16:36:07,0,normal,NONE
TX-000938,ACC-00903,ACC-00092,16637.35,2026-09-04 14:43:23,0,normal,NONE
TX-003752,ACC-01729,ACC-00945,2161.1,2026-09-05 22:12:16,0,normal,NONE
TX-006761,ACC-01901,ACC-00400,4377.74,2026-09-07 14:43:04,0,normal,NONE
TX-004339,ACC-00158,ACC-01498,3614.71,2026-09-05 19:25:19,0,normal,NONE
TX-011268,ACC-00710,ACC-01477,12227.19,2026-09-08 22:19:41,0,normal,NONE
TX-009823,ACC-01257,ACC-01915,7258.27,2026-09-06 17:47:12,0,normal,NONE
TX-005264,ACC-00768,ACC-00960,755.03,2026-09-04 21:09:24,0,normal,NONE
TX-006875,ACC-01751,ACC-01265,7556.21,2026-09-06 17:43:29,0,normal,NONE
TX-008800,ACC-00992,ACC-01630,16342.16,2026-09-07 09:41:14,0,normal,NONE
TX-009717,ACC-00565,ACC-00577,16611.1,2026-09-03 15:57:51,0,normal,NONE
TX-006215,ACC-00062,ACC-01905,3054.23,2026-09-08 21:28:16,0,normal,NONE
TX-001966,ACC-01433,ACC-01120,3622.31,2026-09-08 17:18:42,0,normal,NONE
TX-010284,ACC-01054,ACC-01839,3300.45,2026-09-01 12:22:11,0,normal,NONE
TX-000120,ACC-00435,ACC-00727,14365.03,2026-09-06 16:56:38,0,normal,NONE
TX-005724,ACC-01751,ACC-01129,12258.3,2026-09-03 18:08:04,0,normal,NONE
TX-012001,FRAUD-01-SRC-01,FRAUD-01-COLLECTOR,12535.39,2026-09-05 13:00:00,1,funneling,NET-01
TX-002936,ACC-00083,ACC-01039,7835.72,2026-09-01 09:38:03,0,normal,NONE
TX-005033,ACC-00628,ACC-00964,8087.22,2026-09-02 21:32:31,0,normal,NONE
TX-007799,ACC-01768,ACC-00677,6387.09,2026-09-08 09:35:10,0,normal,NONE
TX-009869,ACC-00319,ACC-00632,4717.99,2026-09-08 14:00:56,0,normal,NONE
TX-010096,ACC-01380,ACC-00085,2366.7,2026-09-03 20:51:18,0,normal,NONE
TX-008525,ACC-01075,ACC-01033,6284.91,2026-09-03 15:16:25,0,normal,NONE
TX-006599,ACC-00905,ACC-01139,16101.43,2026-09-09 21:36:32,0,normal,NONE
TX-004166,ACC-01106,ACC-00005,7625.22,2026-09-02 20:54:07,0,normal,NONE
TX-003083,ACC-00337,ACC-00534,1451.33,2026-09-06 13:34:48,0,normal,NONE
TX-012350,ACC-00859,ACC-01929,29878.8,2026-09-09 09:32:00,0,normal_high_value,NONE
TX-004206,ACC-01247,ACC-01931,14411.18,2026-09-05 20:08:58,0,normal,NONE
TX-004048,ACC-01188,ACC-00118,8009.07,2026-09-06 20:20:58,0,normal,NONE
TX-008856,ACC-01881,ACC-01511,13457.33,2026-09-03 10:02:06,0,normal,NONE
TX-001238,ACC-01005,ACC-01352,9977.03,2026-09-09 23:30:35,0,normal,NONE
TX-009273,ACC-01411,ACC-00997,11100.52,2026-09-09 19:18:25,0,normal,NONE
TX-006747,ACC-00216,ACC-00095,6374.82,2026-09-05 20:05:34,0,normal,NONE
TX-007415,ACC-01306,ACC-00647,9974.01,2026-09-09 22:42:02,0,normal,NONE
TX-009403,ACC-00320,ACC-01665,5895.15,2026-09-05 20:20:20,0,normal,NONE
TX-000358,ACC-00556,ACC-01911,10125.08,2026-09-05 12:06:39,0,normal,NONE
TX-008733,ACC-01648,ACC-00424,3949.42,2026-09-06 09:25:25,0,normal,NONE
TX-001179,ACC-01467,ACC-01749,7708.98,2026-09-07 19:00:18,0,normal,NONE
TX-004919,ACC-01872,ACC-01149,9137.96,2026-09-02 14:33:54,0,normal,NONE
TX-000151,ACC-00645,ACC-00517,5832.46,2026-09-07 08:42:55,0,normal,NONE
TX-009942,ACC-00672,ACC-01153,7440.32,2026-09-05 08:48:01,0,normal,NONE
TX-004383,ACC-00307,ACC-00604,14025.33,2026-09-07 19:52:21,0,normal,NONE
TX-002118,ACC-01624,ACC-00802,3513.23,2026-09-05 18:27:32,0,normal,NONE
TX-001327,ACC-01641,ACC-00886,13251.29,2026-09-05 12:22:42,0,normal,NONE
TX-006947,ACC-00748,ACC-01712,7497.52,2026-09-07 10:55:26,0,normal,NONE
TX-013026,ACC-01116,ACC-00704,72875.72,2026-09-08 18:52:00,0,normal_high_value,NONE
TX-002413,ACC-00098,ACC-00665,8258.52,2026-09-05 13:13:35,0,normal,NONE
TX-011694,ACC-00334,ACC-00743,426.74,2026-09-09 13:07:46,0,normal,NONE
TX-012703,ACC-01089,ACC-00352,24800.02,2026-09-02 09:06:00,0,normal_high_value,NONE
TX-004615,ACC-01854,ACC-01806,12429.05,2026-09-02 22:10:06,0,normal,NONE
TX-002022,ACC-00902,ACC-01332,13760.17,2026-09-02 08:31:53,0,normal,NONE
TX-013086,ACC-00679,ACC-01723,39310.46,2026-09-04 12:30:00,0,normal_high_value,NONE
TX-006821,ACC-00587,ACC-01094,5162.24,2026-09-03 22:15:37,0,normal,NONE
TX-009757,ACC-00982,ACC-00473,3813.83,2026-09-01 13:31:40,0,normal,NONE
TX-008198,ACC-00032,ACC-01804,10450.61,2026-09-03 21:07:00,0,normal,NONE
TX-006019,ACC-01542,ACC-00800,10894.66,2026-09-06 14:02:06,0,normal,NONE
TX-006401,ACC-00345,ACC-00845,5799.62,2026-09-01 11:53:10,0,normal,NONE
TX-008516,ACC-00869,ACC-01170,13288.16,2026-09-03 14:55:45,0,normal,NONE
TX-010608,ACC-01635,ACC-01873,17352.23,2026-09-09 11:23:27,0,normal,NONE
TX-012788,ACC-01364,ACC-00450,33220.44,2026-09-07 16:17:00,0,normal_high_value,NONE
TX-005115,ACC-01130,ACC-00449,8643.75,2026-09-05 16:36:20,0,normal,NONE
TX-007721,ACC-00548,ACC-01913,13438.76,2026-09-05 19:21:46,0,normal,NONE
TX-006757,ACC-01986,ACC-01608,4473.69,2026-09-09 08:05:49,0,normal,NONE
TX-001740,ACC-01253,ACC-00604,5856.94,2026-09-01 08:52:22,0,normal,NONE
TX-009461,ACC-01244,ACC-00939,16426.64,2026-09-09 13:11:59,0,normal,NONE
TX-012860,ACC-00643,ACC-00148,52477.24,2026-09-08 15:41:00,0,normal_high_value,NONE
TX-000928,ACC-00085,ACC-00654,9727.94,2026-09-03 18:32:44,0,normal,NONE
TX-007238,ACC-00030,ACC-01068,15333.16,2026-09-06 08:21:54,0,normal,NONE
TX-005852,ACC-00233,ACC-00143,3417.79,2026-09-05 08:15:17,0,normal,NONE
TX-003121,ACC-01279,ACC-00190,1080.54,2026-09-01 10:33:15,0,normal,NONE
TX-002309,ACC-01154,ACC-00806,13733.26,2026-09-01 20:03:26,0,normal,NONE
TX-011840,ACC-00790,ACC-00537,10527.54,2026-09-02 14:15:01,0,normal,NONE
TX-004803,ACC-01751,ACC-00853,14981.61,2026-09-04 21:25:53,0,normal,NONE
TX-004862,ACC-00116,ACC-00521,4949.47,2026-09-01 08:51:11,0,normal,NONE
TX-000469,ACC-00092,ACC-01660,12799.81,2026-09-01 18:41:06,0,normal,NONE
TX-000931,ACC-00304,ACC-00271,6064.3,2026-09-08 09:35:25,0,normal,NONE
TX-010719,ACC-00801,ACC-00266,8329.41,2026-09-04 13:23:21,0,normal,NONE
TX-009150,ACC-00009,ACC-00368,10540.87,2026-09-06 09:04:50,0,normal,NONE
TX-002454,ACC-00788,ACC-00628,517.21,2026-09-06 10:11:12,0,normal,NONE
TX-002358,ACC-01786,ACC-00296,16446.11,2026-09-01 20:48:38,0,normal,NONE
TX-008811,ACC-00914,ACC-01066,4504.32,2026-09-09 23:30:30,0,normal,NONE
TX-013028,ACC-01651,ACC-01563,54231.71,2026-09-01 19:26:00,0,normal_high_value,NONE
TX-008404,ACC-01625,ACC-01832,10545.86,2026-09-01 22:18:13,0,normal,NONE
TX-003483,ACC-00412,ACC-01147,6112.26,2026-09-04 12:46:18,0,normal,NONE
TX-011403,ACC-01360,ACC-01480,9058.27,2026-09-09 23:46:42,0,normal,NONE
TX-006595,ACC-00664,ACC-01871,846.81,2026-09-05 20:09:06,0,normal,NONE
TX-001745,ACC-01495,ACC-01488,7821.59,2026-09-03 23:05:31,0,normal,NONE
TX-009015,ACC-01908,ACC-01945,10762.16,2026-09-06 14:46:25,0,normal,NONE
TX-006680,ACC-01550,ACC-01080,15090.55,2026-09-02 16:57:10,0,normal,NONE
TX-008531,ACC-01221,ACC-01599,16497.59,2026-09-02 16:21:54,0,normal,NONE
TX-005546,ACC-00798,ACC-00204,7857.38,2026-09-05 22:00:01,0,normal,NONE
TX-000178,ACC-01388,ACC-01120,2860.4,2026-09-08 19:37:19,0,normal,NONE
TX-008630,ACC-00305,ACC-00474,12450.41,2026-09-01 08:01:06,0,normal,NONE
TX-000764,ACC-00138,ACC-00514,1785.68,2026-09-08 18:22:08,0,normal,NONE
TX-007458,ACC-00772,ACC-00225,13302.55,2026-09-01 22:13:04,0,normal,NONE
TX-003291,ACC-01838,ACC-00028,16759.12,2026-09-05 22:08:45,0,normal,NONE
TX-001434,ACC-00810,ACC-01431,2231.13,2026-09-03 16:56:27,0,normal,NONE
TX-007195,ACC-00813,ACC-01735,8905.77,2026-09-06 12:30:49,0,normal,NONE
TX-000903,ACC-00661,ACC-00840,11543.45,2026-09-02 11:33:42,0,normal,NONE
TX-009930,ACC-00555,ACC-01970,884.8,2026-09-02 12:44:15,0,normal,NONE
TX-005508,ACC-01604,ACC-01989,4021.68,2026-09-01 21:16:01,0,normal,NONE
TX-011116,ACC-00460,ACC-00424,15814.59,2026-09-01 16:42:20,0,normal,NONE
TX-001386,ACC-00173,ACC-00076,9683.05,2026-09-07 12:33:34,0,normal,NONE
TX-002037,ACC-00901,ACC-00019,8406.58,2026-09-06 23:40:54,0,normal,NONE
TX-000051,ACC-01903,ACC-01540,16844.5,2026-09-01 22:39:36,0,normal,NONE
TX-011647,ACC-00872,ACC-01859,1128.59,2026-09-08 17:33:06,0,normal,NONE
TX-007376,ACC-01262,ACC-01895,1355.28,2026-09-01 13:13:31,0,normal,NONE
TX-011244,ACC-01788,ACC-01975,7260.65,2026-09-02 20:45:40,0,normal,NONE
TX-003949,ACC-01328,ACC-00584,15220.31,2026-09-08 18:55:23,0,normal,NONE
TX-010682,ACC-00416,ACC-00935,5911.99,2026-09-03 23:04:37,0,normal,NONE
TX-010484,ACC-00574,ACC-01880,7358.05,2026-09-07 22:35:21,0,normal,NONE
TX-007502,ACC-00991,ACC-00922,10751.78,2026-09-06 15:19:02,0,normal,NONE
TX-008288,ACC-01737,ACC-01486,13438.33,2026-09-04 14:43:05,0,normal,NONE
TX-013233,ACC-00907,ACC-00220,42383.82,2026-09-07 17:33:00,0,normal_high_value,NONE
TX-007760,ACC-01802,ACC-01364,9486.46,2026-09-05 10:51:10,0,normal,NONE
TX-013136,ACC-00926,ACC-01828,82075.99,2026-09-06 09:31:00,0,normal_high_value,NONE
TX-009060,ACC-01698,ACC-00708,11018.69,2026-09-02 21:58:04,0,normal,NONE
TX-003387,ACC-00311,ACC-00862,9548.32,2026-09-07 16:34:27,0,normal,NONE
TX-008957,ACC-00390,ACC-00446,10173.97,2026-09-09 08:02:28,0,normal,NONE
TX-010241,ACC-00613,ACC-01267,11805.68,2026-09-02 13:27:49,0,normal,NONE
TX-003942,ACC-00415,ACC-00335,1143.43,2026-09-04 11:38:28,0,normal,NONE
TX-010812,ACC-00182,ACC-01032,11658.85,2026-09-09 20:06:25,0,normal,NONE
TX-005548,ACC-01493,ACC-01344,1727.81,2026-09-07 17:09:37,0,normal,NONE
TX-004059,ACC-01801,ACC-01092,16244.9,2026-09-06 12:17:03,0,normal,NONE
TX-011858,ACC-00545,ACC-00484,3686.63,2026-09-06 21:11:34,0,normal,NONE
TX-006509,ACC-00249,ACC-00216,16725.06,2026-09-04 09:05:32,0,normal,NONE
TX-003547,ACC-00470,ACC-01170,14910.53,2026-09-08 19:24:04,0,normal,NONE
TX-003618,ACC-01929,ACC-01851,3131.29,2026-09-04 16:52:31,0,normal,NONE
TX-003345,ACC-00289,ACC-00774,9626.64,2026-09-07 13:24:38,0,normal,NONE
TX-004534,ACC-00128,ACC-01956,1299.43,2026-09-07 23:38:13,0,normal,NONE
TX-005370,ACC-00153,ACC-01375,12059.67,2026-09-09 19:57:45,0,normal,NONE
TX-001108,ACC-00268,ACC-00030,3117.04,2026-09-01 17:52:50,0,normal,NONE
TX-011027,ACC-00900,ACC-00449,3371.06,2026-09-03 11:44:47,0,normal,NONE
TX-002901,ACC-01253,ACC-00244,1701.31,2026-09-05 15:02:30,0,normal,NONE
TX-011917,ACC-01807,ACC-01886,17431.33,2026-09-07 15:08:56,0,normal,NONE
TX-001563,ACC-00878,ACC-01551,4398.95,2026-09-02 09:08:23,0,normal,NONE
TX-000397,ACC-00824,ACC-00899,4233.42,2026-09-04 09:08:32,0,normal,NONE
TX-000168,ACC-01987,ACC-00317,1365.41,2026-09-05 18:39:44,0,normal,NONE
TX-010548,ACC-00074,ACC-01801,10348.25,2026-09-06 13:10:16,0,normal,NONE
TX-011240,ACC-01764,ACC-01479,14376.08,2026-09-08 14:35:55,0,normal,NONE
TX-009472,ACC-01674,ACC-00735,2862.96,2026-09-06 23:51:02,0,normal,NONE
TX-011120,ACC-00757,ACC-01693,2120.69,2026-09-08 12:34:46,0,normal,NONE
TX-011295,ACC-01832,ACC-00963,15080.5,2026-09-02 15:00:17,0,normal,NONE
TX-003520,ACC-01084,ACC-01651,11303.29,2026-09-02 23:10:58,0,normal,NONE
TX-005628,ACC-00425,ACC-01197,15273.21,2026-09-05 17:39:02,0,normal,NONE
TX-008243,ACC-00014,ACC-01332,4141.18,2026-09-09 15:17:36,0,normal,NONE
TX-005046,ACC-00538,ACC-00578,1873.95,2026-09-03 15:50:32,0,normal,NONE
TX-004783,ACC-01788,ACC-01335,6511.88,2026-09-01 08:45:38,0,normal,NONE
TX-003943,ACC-01128,ACC-01696,10668.24,2026-09-01 10:05:51,0,normal,NONE
TX-010120,ACC-00041,ACC-00489,14928.16,2026-09-06 09:09:44,0,normal,NONE
TX-002488,ACC-01062,ACC-00074,8451.85,2026-09-02 11:14:02,0,normal,NONE
TX-007255,ACC-01027,ACC-01167,12163.91,2026-09-07 17:41:06,0,normal,NONE
TX-008863,ACC-01262,ACC-01046,9290.8,2026-09-04 21:32:27,0,normal,NONE
TX-007002,ACC-00032,ACC-01892,2124.06,2026-09-05 10:09:40,0,normal,NONE
TX-001984,ACC-01243,ACC-01293,15135.41,2026-09-03 18:06:44,0,normal,NONE
TX-007509,ACC-00194,ACC-00737,8734.68,2026-09-05 10:55:20,0,normal,NONE
TX-004811,ACC-00339,ACC-01501,14812.72,2026-09-01 22:12:17,0,normal,NONE
TX-010570,ACC-01860,ACC-00083,13835.47,2026-09-09 10:54:24,0,normal,NONE
TX-003308,ACC-00523,ACC-00674,12871.35,2026-09-04 09:24:38,0,normal,NONE
TX-004190,ACC-01166,ACC-01195,7359.1,2026-09-04 19:24:39,0,normal,NONE
TX-005154,ACC-00912,ACC-00890,6322.08,2026-09-06 09:30:01,0,normal,NONE
TX-002885,ACC-01478,ACC-00760,9406.07,2026-09-02 16:55:42,0,normal,NONE
TX-000252,ACC-01171,ACC-01335,3404.55,2026-09-08 12:03:28,0,normal,NONE
TX-004128,ACC-00902,ACC-01364,3813.61,2026-09-07 23:44:50,0,normal,NONE
TX-004514,ACC-00964,ACC-01209,11507.7,2026-09-09 10:26:06,0,normal,NONE
TX-011914,ACC-01925,ACC-00042,4894.35,2026-09-02 16:53:44,0,normal,NONE
TX-001007,ACC-01668,ACC-00848,16701.66,2026-09-01 17:36:46,0,normal,NONE
TX-008840,ACC-01890,ACC-00806,3117.82,2026-09-02 12:11:19,0,normal,NONE
TX-006884,ACC-00458,ACC-00996,15761.19,2026-09-05 19:46:58,0,normal,NONE
TX-001394,ACC-00508,ACC-00216,5914.69,2026-09-04 19:29:06,0,normal,NONE
TX-007413,ACC-00248,ACC-00139,8269.45,2026-09-06 14:37:35,0,normal,NONE
TX-009287,ACC-00581,ACC-00617,4669.55,2026-09-07 19:31:19,0,normal,NONE
TX-000150,ACC-01421,ACC-01015,5202.16,2026-09-07 09:29:05,0,normal,NONE
TX-011435,ACC-00509,ACC-01600,8953.99,2026-09-08 09:06:20,0,normal,NONE
TX-004901,ACC-01129,ACC-01145,14033.79,2026-09-04 08:01:17,0,normal,NONE
TX-001706,ACC-01624,ACC-00044,2287.7,2026-09-06 08:49:43,0,normal,NONE
TX-002705,ACC-00387,ACC-01663,16815.51,2026-09-08 22:59:35,0,normal,NONE
TX-006652,ACC-00981,ACC-00287,5509.11,2026-09-07 14:37:02,0,normal,NONE
TX-004150,ACC-00697,ACC-01679,9704.18,2026-09-04 08:23:16,0,normal,NONE
TX-001079,ACC-01535,ACC-00496,13222.96,2026-09-04 18:43:44,0,normal,NONE
TX-012219,FRAUD-09-NEXTHOP,FRAUD-09-OUT-02,14014.84,2026-09-04 18:49:00,1,fan_out,NET-09
TX-001226,ACC-00694,ACC-00411,10717.4,2026-09-07 11:14:53,0,normal,NONE
TX-000201,ACC-01321,ACC-00735,1108.69,2026-09-05 14:07:54,0,normal,NONE
TX-005400,ACC-01142,ACC-00986,1966.61,2026-09-03 21:06:23,0,normal,NONE
TX-012229,FRAUD-10-SRC-04,FRAUD-10-COLLECTOR,11959.13,2026-09-03 12:06:00,1,funneling,NET-10
TX-005562,ACC-01861,ACC-01974,6470.22,2026-09-09 08:45:48,0,normal,NONE
TX-001086,ACC-01576,ACC-00875,12466.14,2026-09-06 16:10:49,0,normal,NONE
TX-006109,ACC-01553,ACC-00153,4722.64,2026-09-01 10:00:55,0,normal,NONE
TX-010834,ACC-00007,ACC-00937,1158.32,2026-09-02 11:25:39,0,normal,NONE
TX-010204,ACC-01041,ACC-01076,15973.01,2026-09-03 13:37:42,0,normal,NONE
TX-003316,ACC-01406,ACC-01334,13606.62,2026-09-06 15:41:38,0,normal,NONE
TX-010511,ACC-00860,ACC-01418,2391.17,2026-09-07 16:39:57,0,normal,NONE
TX-001374,ACC-00971,ACC-00700,5175.91,2026-09-03 10:17:23,0,normal,NONE
TX-012733,ACC-01967,ACC-01162,21867.93,2026-09-02 21:38:00,0,normal_high_value,NONE
TX-008407,ACC-00524,ACC-01689,16132.06,2026-09-05 08:43:30,0,normal,NONE
TX-012521,ACC-00613,ACC-01898,41396.77,2026-09-05 16:26:00,0,normal_high_value,NONE
TX-005598,ACC-00193,ACC-01803,16583.28,2026-09-04 18:42:01,0,normal,NONE
TX-011699,ACC-00955,ACC-00356,4208.71,2026-09-06 10:50:59,0,normal,NONE
TX-010627,ACC-01978,ACC-01821,6127.41,2026-09-06 09:08:58,0,normal,NONE
TX-010058,ACC-01322,ACC-00444,2711.23,2026-09-03 15:56:38,0,normal,NONE
TX-011690,ACC-01308,ACC-01868,5563.52,2026-09-08 19:27:48,0,normal,NONE
TX-000084,ACC-00461,ACC-01652,3600.36,2026-09-01 09:15:30,0,normal,NONE
TX-007749,ACC-00886,ACC-01393,7800.19,2026-09-05 12:13:36,0,normal,NONE
TX-007248,ACC-00326,ACC-00106,8237.53,2026-09-05 16:37:57,0,normal,NONE
TX-001627,ACC-01634,ACC-01392,16811.97,2026-09-03 15:06:25,0,normal,NONE
TX-009963,ACC-01756,ACC-01858,12479.27,2026-09-02 21:20:25,0,normal,NONE
TX-009747,ACC-00735,ACC-00203,5050.33,2026-09-06 18:34:49,0,normal,NONE
TX-004227,ACC-00151,ACC-01144,14310.25,2026-09-09 08:22:22,0,normal,NONE
TX-006670,ACC-00009,ACC-00269,11796.52,2026-09-08 10:38:48,0,normal,NONE
TX-007869,ACC-01666,ACC-01736,2233.31,2026-09-08 14:39:54,0,normal,NONE
TX-007647,ACC-00119,ACC-01651,16750.03,2026-09-09 16:31:30,0,normal,NONE
TX-011689,ACC-00224,ACC-01303,14891.64,2026-09-08 17:48:58,0,normal,NONE
TX-002875,ACC-01757,ACC-01301,2643.56,2026-09-07 19:12:55,0,normal,NONE
TX-004509,ACC-00309,ACC-00610,1876.57,2026-09-08 10:10:41,0,normal,NONE
TX-000430,ACC-00170,ACC-01024,15219.03,2026-09-06 11:57:33,0,normal,NONE
TX-006665,ACC-01852,ACC-00095,12471.16,2026-09-02 21:08:16,0,normal,NONE
TX-004030,ACC-00930,ACC-01768,3008.36,2026-09-05 19:13:37,0,normal,NONE
TX-008340,ACC-01659,ACC-00808,14664.21,2026-09-02 23:49:30,0,normal,NONE
TX-004481,ACC-00039,ACC-01383,5889.41,2026-09-03 13:18:47,0,normal,NONE
TX-012824,ACC-00743,ACC-01787,88793.72,2026-09-08 22:40:00,0,normal_high_value,NONE
TX-011577,ACC-01673,ACC-00686,169.58,2026-09-07 16:29:05,0,normal,NONE
TX-001509,ACC-01552,ACC-01343,233.8,2026-09-09 12:55:25,0,normal,NONE
TX-002857,ACC-01348,ACC-00610,1825.83,2026-09-07 09:19:58,0,normal,NONE
TX-002877,ACC-00896,ACC-00101,4552.96,2026-09-07 22:10:03,0,normal,NONE
TX-007608,ACC-01051,ACC-01324,16057.07,2026-09-01 09:25:32,0,normal,NONE
TX-007339,ACC-01714,ACC-00690,7090.61,2026-09-07 14:01:03,0,normal,NONE
TX-012702,ACC-01986,ACC-01273,83458.25,2026-09-03 14:45:00,0,normal_high_value,NONE
TX-007643,ACC-00064,ACC-00901,15416.67,2026-09-01 08:20:58,0,normal,NONE
TX-012849,ACC-00572,ACC-01592,70016.8,2026-09-03 11:32:00,0,normal_high_value,NONE
TX-007308,ACC-01127,ACC-01471,11613.58,2026-09-01 08:06:47,0,normal,NONE
TX-000294,ACC-01418,ACC-01019,6624.9,2026-09-09 16:51:05,0,normal,NONE
TX-001946,ACC-00661,ACC-01648,10415.45,2026-09-04 16:08:26,0,normal,NONE
TX-004787,ACC-01498,ACC-01797,2715.66,2026-09-01 10:41:32,0,normal,NONE
TX-011010,ACC-00880,ACC-01784,3441.81,2026-09-04 23:53:44,0,normal,NONE
TX-003132,ACC-00318,ACC-01181,17194.37,2026-09-04 21:56:10,0,normal,NONE
TX-005937,ACC-01146,ACC-01196,6463.58,2026-09-02 08:14:33,0,normal,NONE
TX-002821,ACC-01187,ACC-00521,7118.73,2026-09-01 15:02:14,0,normal,NONE
TX-009407,ACC-01715,ACC-01989,5929.75,2026-09-03 17:09:16,0,normal,NONE
TX-006456,ACC-01096,ACC-01032,7261.44,2026-09-04 09:52:27,0,normal,NONE
TX-000654,ACC-00965,ACC-00263,13341.72,2026-09-09 13:43:57,0,normal,NONE
TX-002440,ACC-00134,ACC-01956,12945.26,2026-09-05 08:45:38,0,normal,NONE
TX-004522,ACC-00663,ACC-01316,5017.92,2026-09-03 13:24:53,0,normal,NONE
TX-005182,ACC-00201,ACC-00815,16271.5,2026-09-03 11:47:51,0,normal,NONE
TX-001714,ACC-00409,ACC-00187,15561.01,2026-09-07 21:33:19,0,normal,NONE
TX-012461,ACC-01095,ACC-00482,47002.11,2026-09-08 08:02:00,0,normal_high_value,NONE
TX-007821,ACC-00325,ACC-00927,17137.94,2026-09-06 23:34:14,0,normal,NONE
TX-011290,ACC-01565,ACC-00398,2440.37,2026-09-02 20:21:54,0,normal,NONE
TX-011910,ACC-00414,ACC-00254,15768.34,2026-09-09 08:28:04,0,normal,NONE
TX-002743,ACC-00343,ACC-00100,8453.82,2026-09-03 15:55:38,0,normal,NONE
TX-013005,ACC-00377,ACC-00957,22210.5,2026-09-04 10:38:00,0,normal_high_value,NONE
TX-001176,ACC-01572,ACC-00570,3538.97,2026-09-02 22:43:42,0,normal,NONE
TX-011043,ACC-01563,ACC-01783,10671.05,2026-09-04 20:49:59,0,normal,NONE
TX-006661,ACC-00935,ACC-01460,16659.2,2026-09-04 18:22:25,0,normal,NONE
TX-010366,ACC-00860,ACC-00003,1545.9,2026-09-08 13:54:26,0,normal,NONE
TX-004246,ACC-00198,ACC-00687,9677.31,2026-09-09 18:35:03,0,normal,NONE
TX-007201,ACC-01911,ACC-01771,3039.74,2026-09-08 09:09:47,0,normal,NONE
TX-011342,ACC-00666,ACC-00499,1461.88,2026-09-07 17:43:52,0,normal,NONE
TX-002352,ACC-00019,ACC-00263,9344.82,2026-09-03 23:48:02,0,normal,NONE
TX-008912,ACC-01481,ACC-01214,6296.37,2026-09-02 16:00:20,0,normal,NONE
TX-011153,ACC-00506,ACC-01823,8686.83,2026-09-08 15:00:39,0,normal,NONE
TX-002803,ACC-01472,ACC-00987,7847.32,2026-09-02 17:59:45,0,normal,NONE
TX-010195,ACC-00988,ACC-00439,12459.75,2026-09-09 08:02:57,0,normal,NONE
TX-010646,ACC-01274,ACC-00497,16662.53,2026-09-01 19:34:16,0,normal,NONE
TX-007729,ACC-00047,ACC-00481,7387.28,2026-09-07 08:50:40,0,normal,NONE
TX-007533,ACC-00740,ACC-01230,4843.41,2026-09-09 09:03:30,0,normal,NONE
TX-006413,ACC-01488,ACC-01796,13231.27,2026-09-05 20:11:25,0,normal,NONE
TX-010218,ACC-00244,ACC-00952,2019.38,2026-09-05 18:45:39,0,normal,NONE
TX-002010,ACC-00895,ACC-01881,1061.45,2026-09-04 10:37:00,0,normal,NONE
TX-005713,ACC-00858,ACC-00687,11046.94,2026-09-09 08:55:20,0,normal,NONE
TX-009919,ACC-00326,ACC-00359,7470.84,2026-09-06 16:07:45,0,normal,NONE
TX-009616,ACC-01578,ACC-01168,2729.44,2026-09-07 21:11:09,0,normal,NONE
TX-008170,ACC-01814,ACC-00802,11662.1,2026-09-03 17:12:46,0,normal,NONE
TX-000648,ACC-00535,ACC-01344,12805.47,2026-09-05 14:09:33,0,normal,NONE
TX-008405,ACC-01190,ACC-00043,11397.52,2026-09-05 16:30:31,0,normal,NONE
TX-010250,ACC-00876,ACC-00355,15679.97,2026-09-09 11:32:13,0,normal,NONE
TX-008574,ACC-00899,ACC-00204,17905.97,2026-09-04 21:36:49,0,normal,NONE
TX-002317,ACC-01310,ACC-00702,4983.31,2026-09-06 22:59:18,0,normal,NONE
TX-005682,ACC-00162,ACC-00564,4926.21,2026-09-01 09:13:52,0,normal,NONE
TX-002445,ACC-00734,ACC-01204,2171.91,2026-09-02 10:33:26,0,normal,NONE
TX-001347,ACC-01758,ACC-01618,9703.71,2026-09-02 17:49:29,0,normal,NONE
TX-004304,ACC-00436,ACC-01970,5358.67,2026-09-02 12:56:38,0,normal,NONE
TX-011451,ACC-01973,ACC-00390,15298.99,2026-09-01 16:22:21,0,normal,NONE
TX-006913,ACC-01581,ACC-01514,13000.06,2026-09-02 09:08:24,0,normal,NONE
TX-005928,ACC-00539,ACC-01487,17308.73,2026-09-09 14:40:51,0,normal,NONE
TX-010375,ACC-00850,ACC-00364,17117.59,2026-09-09 22:21:12,0,normal,NONE
TX-012888,ACC-01917,ACC-00855,56844.45,2026-09-05 13:28:00,0,normal_high_value,NONE
TX-010649,ACC-00329,ACC-00865,16728.3,2026-09-02 09:34:43,0,normal,NONE
TX-001845,ACC-00850,ACC-00067,299.23,2026-09-03 19:53:52,0,normal,NONE
TX-004715,ACC-00459,ACC-01138,15573.22,2026-09-03 23:50:30,0,normal,NONE
TX-012563,ACC-00940,ACC-00146,83448.77,2026-09-01 14:44:00,0,normal_high_value,NONE
TX-004185,ACC-00079,ACC-00781,7270.11,2026-09-08 21:18:37,0,normal,NONE
TX-005532,ACC-00963,ACC-00519,14936.29,2026-09-02 21:43:45,0,normal,NONE
TX-005341,ACC-00022,ACC-00088,12960.26,2026-09-03 08:36:02,0,normal,NONE
TX-000544,ACC-00245,ACC-01029,12126.4,2026-09-01 13:14:51,0,normal,NONE
TX-007712,ACC-01017,ACC-01732,16711.72,2026-09-01 19:26:48,0,normal,NONE
TX-009345,ACC-00418,ACC-00904,2882.55,2026-09-05 21:27:28,0,normal,NONE
TX-008208,ACC-01730,ACC-01003,15863.09,2026-09-08 09:38:22,0,normal,NONE
TX-006135,ACC-00465,ACC-01315,11234.91,2026-09-06 08:15:28,0,normal,NONE
TX-001660,ACC-01046,ACC-00430,12388.99,2026-09-01 15:02:12,0,normal,NONE
TX-011817,ACC-00161,ACC-00505,3953.4,2026-09-06 10:44:37,0,normal,NONE
TX-013206,ACC-00744,ACC-01335,50225.33,2026-09-08 08:30:00,0,normal_high_value,NONE
TX-012958,ACC-00851,ACC-01580,51512.46,2026-09-04 08:05:00,0,normal_high_value,NONE
TX-009545,ACC-00489,ACC-01314,14433.61,2026-09-04 16:55:53,0,normal,NONE
TX-010891,ACC-01188,ACC-00866,13480.64,2026-09-04 12:49:27,0,normal,NONE
TX-004396,ACC-01127,ACC-00431,9109.39,2026-09-09 22:26:13,0,normal,NONE
TX-003617,ACC-00117,ACC-00356,5018.33,2026-09-06 14:03:05,0,normal,NONE
TX-004963,ACC-00513,ACC-00191,15029.06,2026-09-09 14:38:43,0,normal,NONE
TX-000742,ACC-01541,ACC-01330,178.29,2026-09-06 22:15:57,0,normal,NONE
TX-006181,ACC-01224,ACC-01317,10685.17,2026-09-06 16:51:50,0,normal,NONE
TX-004673,ACC-01470,ACC-01890,7116.84,2026-09-07 22:00:25,0,normal,NONE
TX-010156,ACC-01761,ACC-01139,3379.94,2026-09-03 10:45:01,0,normal,NONE
TX-002090,ACC-01201,ACC-00771,15700.62,2026-09-04 14:16:30,0,normal,NONE
TX-003022,ACC-01369,ACC-00396,14661.36,2026-09-06 08:03:04,0,normal,NONE
TX-006194,ACC-00563,ACC-01745,2384.44,2026-09-06 11:32:21,0,normal,NONE
TX-011753,ACC-00011,ACC-00949,11746.11,2026-09-09 17:21:29,0,normal,NONE
TX-005923,ACC-01171,ACC-01350,6953.85,2026-09-01 20:18:23,0,normal,NONE
TX-003521,ACC-00072,ACC-00407,2206.78,2026-09-07 19:22:45,0,normal,NONE
TX-009158,ACC-01150,ACC-00410,14259.85,2026-09-09 12:18:05,0,normal,NONE
TX-006519,ACC-01002,ACC-00210,4476.28,2026-09-07 14:03:50,0,normal,NONE
TX-003488,ACC-01473,ACC-00547,6668.91,2026-09-08 20:58:44,0,normal,NONE
TX-010969,ACC-01273,ACC-00853,11025.99,2026-09-04 12:00:22,0,normal,NONE
TX-011015,ACC-00491,ACC-00136,913.55,2026-09-07 19:44:20,0,normal,NONE
TX-012515,ACC-00800,ACC-01084,30076.23,2026-09-09 10:20:00,0,normal_high_value,NONE
TX-009822,ACC-01546,ACC-00173,5498.45,2026-09-05 22:13:50,0,normal,NONE
TX-005801,ACC-01758,ACC-01342,3933.44,2026-09-09 10:39:07,0,normal,NONE
TX-004644,ACC-01867,ACC-01020,1526.51,2026-09-05 12:38:19,0,normal,NONE
TX-009302,ACC-00464,ACC-01958,6723.39,2026-09-02 08:33:21,0,normal,NONE
TX-002496,ACC-00590,ACC-01141,2916.54,2026-09-09 18:03:07,0,normal,NONE
TX-011277,ACC-01382,ACC-01295,12997.48,2026-09-07 21:22:34,0,normal,NONE
TX-006084,ACC-01901,ACC-00436,15459.74,2026-09-09 21:55:34,0,normal,NONE
TX-003478,ACC-00524,ACC-00444,14149.23,2026-09-03 18:41:35,0,normal,NONE
TX-000114,ACC-00861,ACC-01685,8833.83,2026-09-07 19:40:57,0,normal,NONE
TX-005609,ACC-00842,ACC-00233,8475.34,2026-09-02 14:26:19,0,normal,NONE
TX-001369,ACC-01251,ACC-01249,14083.17,2026-09-02 09:32:06,0,normal,NONE
TX-006293,ACC-01483,ACC-00644,2046.97,2026-09-01 19:57:47,0,normal,NONE
TX-002685,ACC-00538,ACC-00833,1092.92,2026-09-07 09:55:20,0,normal,NONE
TX-002178,ACC-00768,ACC-00943,1481.32,2026-09-04 17:53:43,0,normal,NONE
TX-009582,ACC-01777,ACC-00360,5048.42,2026-09-08 09:13:25,0,normal,NONE
TX-002013,ACC-00899,ACC-00370,5101.08,2026-09-06 19:38:41,0,normal,NONE
TX-006909,ACC-02000,ACC-01482,16773.8,2026-09-08 22:50:29,0,normal,NONE
TX-007378,ACC-00103,ACC-00662,17346.07,2026-09-02 17:00:20,0,normal,NONE
TX-000840,ACC-01062,ACC-00943,5695.41,2026-09-01 08:43:13,0,normal,NONE
TX-007071,ACC-00051,ACC-00429,12327.85,2026-09-06 16:30:35,0,normal,NONE
TX-008141,ACC-00143,ACC-00942,10843.35,2026-09-03 18:04:14,0,normal,NONE
TX-011173,ACC-00511,ACC-01008,2842.53,2026-09-03 13:41:05,0,normal,NONE
TX-001311,ACC-01891,ACC-01347,11467.01,2026-09-08 09:12:09,0,normal,NONE
TX-009575,ACC-00294,ACC-01423,13523.88,2026-09-08 21:31:24,0,normal,NONE
TX-006106,ACC-00236,ACC-00745,15588.64,2026-09-01 11:04:05,0,normal,NONE
TX-008084,ACC-00497,ACC-00241,8341.96,2026-09-03 18:09:43,0,normal,NONE
TX-005170,ACC-00825,ACC-00091,2813.8,2026-09-09 16:40:40,0,normal,NONE
TX-009220,ACC-01942,ACC-00674,4978.86,2026-09-09 15:46:34,0,normal,NONE
TX-010740,ACC-01623,ACC-00210,17559.85,2026-09-09 22:04:44,0,normal,NONE
TX-004949,ACC-01847,ACC-00030,1712.72,2026-09-09 11:41:50,0,normal,NONE
TX-007646,ACC-00057,ACC-01368,10006.2,2026-09-03 15:33:20,0,normal,NONE
TX-000745,ACC-01483,ACC-00580,464.21,2026-09-09 19:32:51,0,normal,NONE
TX-004731,ACC-00863,ACC-00103,13725.49,2026-09-06 23:50:40,0,normal,NONE
TX-012201,FRAUD-09-SRC-01,FRAUD-09-COLLECTOR,3614.6,2026-09-04 18:00:00,1,funneling,NET-09
TX-009030,ACC-00170,ACC-01203,13473.19,2026-09-05 14:31:29,0,normal,NONE
TX-007192,ACC-00005,ACC-01573,11440.52,2026-09-08 17:59:14,0,normal,NONE
TX-011969,ACC-01643,ACC-01888,3777.9,2026-09-02 21:44:28,0,normal,NONE
TX-007972,ACC-01579,ACC-00457,5177.05,2026-09-05 16:03:45,0,normal,NONE
TX-009804,ACC-00793,ACC-01685,13255.04,2026-09-04 10:02:56,0,normal,NONE
TX-009521,ACC-00936,ACC-00863,13405.53,2026-09-02 09:33:27,0,normal,NONE
TX-005050,ACC-01986,ACC-00417,16537.75,2026-09-02 14:00:09,0,normal,NONE
TX-002630,ACC-00845,ACC-00359,17512.87,2026-09-01 10:49:56,0,normal,NONE
TX-009641,ACC-00167,ACC-00434,2559.33,2026-09-05 08:25:15,0,normal,NONE
TX-006131,ACC-00715,ACC-00725,15158.43,2026-09-04 16:54:28,0,normal,NONE
TX-004528,ACC-01128,ACC-00460,3947.75,2026-09-04 11:02:06,0,normal,NONE
TX-003878,ACC-00038,ACC-01124,9351.57,2026-09-04 17:47:45,0,normal,NONE
TX-006753,ACC-00560,ACC-00097,15304.7,2026-09-09 15:44:41,0,normal,NONE
TX-002925,ACC-01717,ACC-00421,2532.03,2026-09-04 10:33:09,0,normal,NONE
TX-010670,ACC-00413,ACC-01487,14440.66,2026-09-04 10:16:37,0,normal,NONE
TX-001492,ACC-01984,ACC-01197,15947.3,2026-09-04 10:50:30,0,normal,NONE
TX-007747,ACC-00197,ACC-00169,11770.37,2026-09-01 14:52:14,0,normal,NONE
TX-005688,ACC-01765,ACC-00146,17319.63,2026-09-05 21:43:27,0,normal,NONE
TX-012241,FRAUD-10-COLLECTOR,FRAUD-10-RELAY,117932.71,2026-09-03 12:35:00,1,layering,NET-10
TX-002059,ACC-01696,ACC-01694,17761.67,2026-09-09 15:49:58,0,normal,NONE
TX-007857,ACC-00518,ACC-00959,1469.56,2026-09-08 23:43:48,0,normal,NONE
TX-002528,ACC-01676,ACC-00743,16758.34,2026-09-03 22:57:01,0,normal,NONE
TX-006439,ACC-00487,ACC-01120,16819.86,2026-09-06 19:04:39,0,normal,NONE
TX-006862,ACC-01908,ACC-00127,11659.02,2026-09-05 10:17:53,0,normal,NONE
TX-007423,ACC-01133,ACC-00922,14069.35,2026-09-03 23:55:33,0,normal,NONE
TX-007709,ACC-01418,ACC-01251,1487.42,2026-09-02 14:57:23,0,normal,NONE
TX-011997,ACC-00089,ACC-01317,6550.81,2026-09-05 18:39:33,0,normal,NONE
TX-006581,ACC-01222,ACC-01318,12600.18,2026-09-07 09:08:15,0,normal,NONE
TX-011163,ACC-00423,ACC-01564,17975.3,2026-09-01 17:33:47,0,normal,NONE
TX-004961,ACC-01457,ACC-00782,7801.42,2026-09-07 13:49:10,0,normal,NONE
TX-005560,ACC-01113,ACC-01131,9698.69,2026-09-07 09:14:05,0,normal,NONE
TX-001689,ACC-00752,ACC-01720,2417.07,2026-09-06 09:27:31,0,normal,NONE
TX-008367,ACC-00131,ACC-00262,14731.36,2026-09-01 15:48:48,0,normal,NONE
TX-003996,ACC-01124,ACC-01981,16576.83,2026-09-08 21:44:08,0,normal,NONE
TX-008884,ACC-01273,ACC-01638,11849.91,2026-09-02 15:24:18,0,normal,NONE
TX-001454,ACC-01881,ACC-00861,9592.74,2026-09-06 08:25:12,0,normal,NONE
TX-008067,ACC-00574,ACC-01390,229.45,2026-09-08 23:45:43,0,normal,NONE
TX-002949,ACC-00132,ACC-00819,4835.03,2026-09-03 10:09:44,0,normal,NONE
TX-008371,ACC-01392,ACC-00431,14895.84,2026-09-04 18:56:52,0,normal,NONE
TX-007888,ACC-01190,ACC-01111,3071.67,2026-09-08 23:03:40,0,normal,NONE
TX-010006,ACC-00793,ACC-01152,7546.29,2026-09-08 22:51:45,0,normal,NONE
TX-001087,ACC-00152,ACC-00568,13992.36,2026-09-07 20:21:03,0,normal,NONE
TX-000103,ACC-00946,ACC-00373,924.12,2026-09-07 18:13:29,0,normal,NONE
TX-002555,ACC-00514,ACC-01689,6218.77,2026-09-04 08:41:56,0,normal,NONE
TX-005466,ACC-00738,ACC-00500,16325.55,2026-09-01 17:39:44,0,normal,NONE
TX-012586,ACC-00276,ACC-00370,80642.64,2026-09-02 08:25:00,0,normal_high_value,NONE
TX-001985,ACC-00921,ACC-00774,2415.24,2026-09-09 14:12:16,0,normal,NONE
TX-009503,ACC-00501,ACC-00411,13644.67,2026-09-06 15:54:50,0,normal,NONE
TX-008022,ACC-00481,ACC-00558,17906.61,2026-09-02 08:11:25,0,normal,NONE
TX-002999,ACC-01346,ACC-00608,14948.47,2026-09-08 10:56:33,0,normal,NONE
TX-006787,ACC-00048,ACC-00580,17018.72,2026-09-01 19:50:12,0,normal,NONE
TX-000435,ACC-00493,ACC-01161,15027.02,2026-09-07 18:24:48,0,normal,NONE
TX-000896,ACC-00994,ACC-01448,7886.25,2026-09-05 23:12:36,0,normal,NONE
TX-012978,ACC-00038,ACC-00965,64680.08,2026-09-02 09:47:00,0,normal_high_value,NONE
TX-012210,FRAUD-09-SRC-10,FRAUD-09-COLLECTOR,10329.0,2026-09-04 18:18:00,1,funneling,NET-09
TX-012861,ACC-00978,ACC-00305,75788.13,2026-09-03 19:53:00,0,normal_high_value,NONE
TX-012985,ACC-00771,ACC-01283,37334.13,2026-09-03 11:19:00,0,normal_high_value,NONE
TX-000829,ACC-00540,ACC-00509,5185.47,2026-09-07 18:04:35,0,normal,NONE
TX-005910,ACC-00734,ACC-01722,15092.33,2026-09-04 20:46:59,0,normal,NONE
TX-010652,ACC-00864,ACC-00688,921.58,2026-09-09 23:23:21,0,normal,NONE
TX-009138,ACC-00730,ACC-00517,5594.19,2026-09-01 20:29:53,0,normal,NONE
TX-010529,ACC-00820,ACC-00404,2657.79,2026-09-02 15:41:14,0,normal,NONE
TX-013102,ACC-00906,ACC-00339,40794.81,2026-09-05 19:55:00,0,normal_high_value,NONE
TX-009126,ACC-01400,ACC-01375,6578.46,2026-09-02 22:56:49,0,normal,NONE
TX-007154,ACC-00595,ACC-01444,15574.07,2026-09-02 10:16:39,0,normal,NONE
TX-002125,ACC-01154,ACC-00224,11577.88,2026-09-06 12:51:40,0,normal,NONE
TX-000104,ACC-00670,ACC-00692,13706.91,2026-09-07 16:48:53,0,normal,NONE
TX-012305,ACC-01474,ACC-01144,71423.47,2026-09-03 10:52:00,0,normal_high_value,NONE
TX-006426,ACC-00995,ACC-01729,7830.55,2026-09-04 18:44:11,0,normal,NONE
TX-004330,ACC-01865,ACC-00214,5945.21,2026-09-05 18:14:16,0,normal,NONE
TX-007243,ACC-01212,ACC-01209,703.9,2026-09-03 11:49:15,0,normal,NONE
TX-000536,ACC-00061,ACC-00687,14531.8,2026-09-05 10:16:45,0,normal,NONE
TX-004983,ACC-00175,ACC-01734,4710.3,2026-09-08 10:05:01,0,normal,NONE
TX-001576,ACC-01679,ACC-01954,14288.18,2026-09-01 20:27:54,0,normal,NONE
TX-008385,ACC-00727,ACC-01914,16649.11,2026-09-08 23:15:00,0,normal,NONE
TX-004485,ACC-00512,ACC-00422,15281.51,2026-09-09 12:08:08,0,normal,NONE
TX-012519,ACC-01067,ACC-00651,37176.12,2026-09-08 18:20:00,0,normal_high_value,NONE
TX-005965,ACC-00119,ACC-00307,4330.59,2026-09-09 20:17:25,0,normal,NONE
TX-003791,ACC-00972,ACC-00630,2436.53,2026-09-06 19:07:15,0,normal,NONE
TX-011005,ACC-01323,ACC-01904,17776.75,2026-09-04 21:26:23,0,normal,NONE
TX-008952,ACC-01931,ACC-01353,2301.41,2026-09-01 17:36:29,0,normal,NONE
TX-000812,ACC-00011,ACC-01648,1657.77,2026-09-03 23:59:38,0,normal,NONE
TX-004443,ACC-01323,ACC-01199,6932.79,2026-09-03 11:35:57,0,normal,NONE
TX-012631,ACC-00600,ACC-01213,66566.71,2026-09-06 22:35:00,0,normal_high_value,NONE
TX-003317,ACC-00253,ACC-00302,9668.62,2026-09-09 16:55:34,0,normal,NONE
TX-006334,ACC-01206,ACC-00951,2431.69,2026-09-07 12:56:06,0,normal,NONE
TX-005080,ACC-00397,ACC-01294,4892.4,2026-09-02 08:00:22,0,normal,NONE
TX-004221,ACC-00910,ACC-01536,17258.67,2026-09-07 12:49:14,0,normal,NONE
TX-002120,ACC-01986,ACC-01344,10380.1,2026-09-07 17:27:05,0,normal,NONE
TX-011450,ACC-00851,ACC-00770,15590.4,2026-09-06 18:31:28,0,normal,NONE
TX-009893,ACC-01281,ACC-01670,17274.2,2026-09-06 11:44:43,0,normal,NONE
TX-013208,ACC-00448,ACC-01772,41913.98,2026-09-03 10:18:00,0,normal_high_value,NONE
TX-002110,ACC-00811,ACC-01761,12926.41,2026-09-05 13:58:23,0,normal,NONE
TX-009198,ACC-01940,ACC-00753,17315.97,2026-09-06 20:10:04,0,normal,NONE
TX-000034,ACC-00065,ACC-01761,5961.1,2026-09-09 15:17:42,0,normal,NONE
TX-008252,ACC-00317,ACC-01047,8886.24,2026-09-01 23:10:26,0,normal,NONE
TX-001513,ACC-00922,ACC-01747,10060.87,2026-09-06 12:36:55,0,normal,NONE
TX-003964,ACC-01735,ACC-00934,4687.28,2026-09-08 08:24:51,0,normal,NONE
TX-004148,ACC-01232,ACC-01418,366.61,2026-09-05 19:49:36,0,normal,NONE
TX-010544,ACC-01906,ACC-01533,10666.29,2026-09-05 09:20:27,0,normal,NONE
TX-009280,ACC-00773,ACC-01110,16544.86,2026-09-06 08:37:08,0,normal,NONE
TX-012541,ACC-01684,ACC-00248,48721.76,2026-09-02 23:28:00,0,normal_high_value,NONE
TX-010192,ACC-01381,ACC-00055,12157.78,2026-09-09 21:44:50,0,normal,NONE
TX-000374,ACC-01954,ACC-00676,5448.99,2026-09-01 16:41:23,0,normal,NONE
TX-004740,ACC-00426,ACC-00188,16964.55,2026-09-08 12:52:42,0,normal,NONE
TX-008167,ACC-00033,ACC-01727,10697.15,2026-09-08 19:02:29,0,normal,NONE
TX-007189,ACC-01864,ACC-00138,16386.45,2026-09-06 14:37:47,0,normal,NONE
TX-005149,ACC-00169,ACC-01365,14067.35,2026-09-02 10:29:30,0,normal,NONE
TX-012404,ACC-01212,ACC-00079,76698.68,2026-09-04 22:58:00,0,normal_high_value,NONE
TX-005707,ACC-00682,ACC-01359,17839.01,2026-09-04 16:24:57,0,normal,NONE
TX-005386,ACC-01933,ACC-01772,5241.09,2026-09-03 14:29:13,0,normal,NONE
TX-006226,ACC-01524,ACC-01189,1668.01,2026-09-09 21:48:45,0,normal,NONE
TX-009073,ACC-00625,ACC-01858,17273.69,2026-09-02 10:32:05,0,normal,NONE
TX-001723,ACC-00566,ACC-00431,10526.2,2026-09-02 11:08:40,0,normal,NONE
TX-008254,ACC-01424,ACC-00063,4482.3,2026-09-02 21:30:34,0,normal,NONE
TX-012120,FRAUD-05-NEXTHOP,FRAUD-05-OUT-03,11258.48,2026-09-06 16:50:00,1,fan_out,NET-05
TX-009352,ACC-01265,ACC-01725,16969.35,2026-09-07 09:44:41,0,normal,NONE
TX-009261,ACC-00111,ACC-00626,5089.02,2026-09-05 15:55:20,0,normal,NONE
TX-005181,ACC-00886,ACC-01436,10760.94,2026-09-09 18:20:43,0,normal,NONE
TX-002185,ACC-00432,ACC-01439,7820.68,2026-09-05 14:21:44,0,normal,NONE
TX-004660,ACC-00834,ACC-01281,2502.85,2026-09-01 21:37:08,0,normal,NONE
TX-012166,FRAUD-07-COLLECTOR,FRAUD-07-RELAY,121852.8,2026-09-07 16:35:00,1,layering,NET-07
TX-004404,ACC-01201,ACC-00271,3965.64,2026-09-03 12:24:35,0,normal,NONE
TX-007277,ACC-01273,ACC-00150,571.1,2026-09-04 13:15:47,0,normal,NONE
TX-006204,ACC-00722,ACC-01232,12565.89,2026-09-04 19:55:21,0,normal,NONE
TX-010257,ACC-01113,ACC-01758,8298.1,2026-09-03 17:22:44,0,normal,NONE
TX-007900,ACC-01087,ACC-00934,9926.63,2026-09-01 16:57:34,0,normal,NONE
TX-003574,ACC-01301,ACC-01159,11708.33,2026-09-03 20:14:20,0,normal,NONE
TX-013043,ACC-00037,ACC-01747,35064.09,2026-09-03 20:53:00,0,normal_high_value,NONE
TX-003609,ACC-00332,ACC-01670,10072.34,2026-09-05 21:25:21,0,normal,NONE
TX-009802,ACC-00382,ACC-00401,16316.52,2026-09-07 14:21:22,0,normal,NONE
TX-002021,ACC-01133,ACC-00432,2227.01,2026-09-03 09:15:44,0,normal,NONE
TX-006819,ACC-00523,ACC-00062,16099.15,2026-09-04 20:42:27,0,normal,NONE
TX-003410,ACC-01365,ACC-01539,14929.62,2026-09-01 08:25:18,0,normal,NONE
TX-012786,ACC-00853,ACC-01159,35275.79,2026-09-04 14:15:00,0,normal_high_value,NONE
TX-005675,ACC-01595,ACC-01473,3817.18,2026-09-05 09:50:50,0,normal,NONE
TX-004872,ACC-00124,ACC-00206,9827.95,2026-09-03 12:00:06,0,normal,NONE
TX-012718,ACC-01464,ACC-01050,53209.46,2026-09-07 15:47:00,0,normal_high_value,NONE
TX-008417,ACC-00155,ACC-01509,6964.89,2026-09-09 15:11:05,0,normal,NONE
TX-004129,ACC-01818,ACC-01853,2181.97,2026-09-03 13:47:11,0,normal,NONE
TX-008537,ACC-00115,ACC-01142,11486.47,2026-09-01 19:29:51,0,normal,NONE
TX-003690,ACC-01469,ACC-01247,2759.34,2026-09-09 15:22:57,0,normal,NONE
TX-009660,ACC-01388,ACC-00021,2123.95,2026-09-07 10:09:48,0,normal,NONE
TX-003615,ACC-00748,ACC-01911,14687.82,2026-09-08 21:09:49,0,normal,NONE
TX-008605,ACC-01342,ACC-00964,2784.7,2026-09-03 16:02:57,0,normal,NONE
TX-000677,ACC-01121,ACC-00518,8549.65,2026-09-03 14:44:43,0,normal,NONE
TX-012367,ACC-01899,ACC-01904,74118.12,2026-09-06 17:10:00,0,normal_high_value,NONE
TX-001698,ACC-00999,ACC-00015,2818.23,2026-09-05 15:30:25,0,normal,NONE
TX-000922,ACC-00512,ACC-00478,4627.26,2026-09-05 10:36:25,0,normal,NONE
TX-005126,ACC-01676,ACC-00377,1117.24,2026-09-02 20:50:12,0,normal,NONE
TX-001483,ACC-00582,ACC-00357,3956.63,2026-09-05 13:21:54,0,normal,NONE
TX-007714,ACC-01733,ACC-01337,7860.56,2026-09-04 21:31:02,0,normal,NONE
TX-000222,ACC-00721,ACC-00213,10410.97,2026-09-04 12:42:30,0,normal,NONE
TX-006740,ACC-01036,ACC-00326,15820.76,2026-09-06 08:33:20,0,normal,NONE
TX-003679,ACC-00812,ACC-00387,15715.97,2026-09-01 18:40:02,0,normal,NONE
TX-002859,ACC-00281,ACC-00141,1715.78,2026-09-01 11:57:30,0,normal,NONE
TX-004245,ACC-00409,ACC-01395,15413.74,2026-09-03 20:24:06,0,normal,NONE
TX-008009,ACC-00275,ACC-01760,11820.81,2026-09-08 18:28:38,0,normal,NONE
TX-005145,ACC-01380,ACC-01019,8182.72,2026-09-06 12:05:58,0,normal,NONE
TX-004809,ACC-00065,ACC-00730,447.55,2026-09-05 18:51:03,0,normal,NONE
TX-004610,ACC-01022,ACC-01154,14565.69,2026-09-01 13:17:10,0,normal,NONE
TX-000334,ACC-00750,ACC-00093,7222.46,2026-09-09 14:23:35,0,normal,NONE
TX-007782,ACC-00159,ACC-00428,9445.44,2026-09-06 16:54:44,0,normal,NONE
TX-002486,ACC-00584,ACC-01753,10270.55,2026-09-02 11:25:52,0,normal,NONE
TX-009775,ACC-01152,ACC-01158,3026.69,2026-09-06 10:41:30,0,normal,NONE
TX-012344,ACC-00801,ACC-00943,83106.21,2026-09-07 08:14:00,0,normal_high_value,NONE
TX-008135,ACC-01003,ACC-01081,2057.61,2026-09-01 17:11:45,0,normal,NONE
TX-007137,ACC-01455,ACC-00525,6430.68,2026-09-09 16:58:33,0,normal,NONE
TX-012551,ACC-01055,ACC-00454,82376.55,2026-09-03 21:34:00,0,normal_high_value,NONE
TX-008147,ACC-01015,ACC-00293,16102.81,2026-09-03 09:40:47,0,normal,NONE
TX-006605,ACC-01800,ACC-01728,1989.07,2026-09-05 19:43:42,0,normal,NONE
TX-009195,ACC-00895,ACC-01712,9595.02,2026-09-03 11:57:10,0,normal,NONE
TX-013083,ACC-00427,ACC-01041,74295.67,2026-09-02 21:01:00,0,normal_high_value,NONE
TX-002418,ACC-01310,ACC-00382,13623.03,2026-09-04 16:54:45,0,normal,NONE
TX-009856,ACC-01031,ACC-00465,10991.19,2026-09-09 17:10:09,0,normal,NONE
TX-001227,ACC-00870,ACC-01486,8994.0,2026-09-05 20:22:30,0,normal,NONE
TX-012855,ACC-00042,ACC-01735,60147.27,2026-09-01 23:14:00,0,normal_high_value,NONE
TX-007020,ACC-01057,ACC-00106,5519.27,2026-09-02 17:24:07,0,normal,NONE
TX-000725,ACC-00866,ACC-01656,249.61,2026-09-02 08:24:09,0,normal,NONE
TX-001214,ACC-01185,ACC-01564,271.44,2026-09-04 14:18:10,0,normal,NONE
TX-003835,ACC-00568,ACC-01115,17139.08,2026-09-01 23:09:47,0,normal,NONE
TX-010901,ACC-00302,ACC-00086,1175.25,2026-09-01 10:58:00,0,normal,NONE
TX-002537,ACC-00065,ACC-00268,15699.28,2026-09-01 08:19:24,0,normal,NONE
TX-008296,ACC-00829,ACC-00014,14023.03,2026-09-07 20:52:07,0,normal,NONE
TX-009046,ACC-00098,ACC-01053,3634.39,2026-09-04 23:32:13,0,normal,NONE
TX-005763,ACC-01677,ACC-00448,3736.57,2026-09-05 14:20:25,0,normal,NONE
TX-000448,ACC-01010,ACC-00299,1157.54,2026-09-07 16:26:19,0,normal,NONE
TX-007076,ACC-01404,ACC-01188,4527.69,2026-09-02 19:17:21,0,normal,NONE
TX-007048,ACC-01086,ACC-00988,2011.54,2026-09-03 16:48:38,0,normal,NONE
TX-009017,ACC-00996,ACC-01585,7066.01,2026-09-08 22:13:57,0,normal,NONE
TX-003275,ACC-01680,ACC-01619,16766.44,2026-09-06 21:55:23,0,normal,NONE
TX-010333,ACC-01057,ACC-00237,1102.1,2026-09-08 11:03:36,0,normal,NONE
TX-001494,ACC-01322,ACC-01539,9174.67,2026-09-08 22:11:20,0,normal,NONE
TX-010561,ACC-01721,ACC-00471,9181.75,2026-09-01 14:48:23,0,normal,NONE
TX-008710,ACC-01210,ACC-00202,16991.66,2026-09-05 09:01:51,0,normal,NONE
TX-002596,ACC-01324,ACC-00664,7131.77,2026-09-06 09:41:18,0,normal,NONE
TX-000684,ACC-01597,ACC-01048,1369.37,2026-09-02 16:41:14,0,normal,NONE
TX-011904,ACC-01209,ACC-00555,9472.32,2026-09-09 12:29:26,0,normal,NONE
TX-000876,ACC-00594,ACC-00227,11471.33,2026-09-08 16:44:39,0,normal,NONE
TX-004097,ACC-01919,ACC-01624,11117.58,2026-09-05 10:27:19,0,normal,NONE
TX-005153,ACC-01379,ACC-01557,4416.78,2026-09-06 23:17:28,0,normal,NONE
TX-003652,ACC-00240,ACC-00147,5819.99,2026-09-07 14:02:09,0,normal,NONE
TX-001769,ACC-01888,ACC-00504,6909.67,2026-09-09 23:34:34,0,normal,NONE
TX-002128,ACC-01720,ACC-01161,13695.26,2026-09-01 23:16:26,0,normal,NONE
TX-001965,ACC-01303,ACC-00045,3342.85,2026-09-04 13:32:47,0,normal,NONE
TX-010562,ACC-00552,ACC-00422,1915.65,2026-09-04 22:47:14,0,normal,NONE
TX-008132,ACC-01462,ACC-01954,12471.23,2026-09-04 11:07:10,0,normal,NONE
TX-007613,ACC-01689,ACC-01414,12757.82,2026-09-04 19:48:57,0,normal,NONE
TX-011613,ACC-01522,ACC-00724,3608.84,2026-09-03 17:46:18,0,normal,NONE
TX-008819,ACC-00740,ACC-01271,6457.4,2026-09-04 20:42:19,0,normal,NONE
TX-006000,ACC-01318,ACC-00130,9765.92,2026-09-02 12:55:42,0,normal,NONE
TX-005929,ACC-01172,ACC-00078,3992.65,2026-09-08 22:58:58,0,normal,NONE
TX-013117,ACC-01092,ACC-01680,34536.48,2026-09-02 13:06:00,0,normal_high_value,NONE
TX-004820,ACC-01271,ACC-01759,14987.19,2026-09-06 14:05:51,0,normal,NONE
TX-009320,ACC-01662,ACC-01106,16964.97,2026-09-07 10:03:09,0,normal,NONE
TX-004342,ACC-01162,ACC-01588,14346.1,2026-09-04 15:00:54,0,normal,NONE
TX-006914,ACC-01279,ACC-00419,10344.09,2026-09-06 14:15:52,0,normal,NONE
TX-005295,ACC-00552,ACC-00832,7482.64,2026-09-08 18:41:47,0,normal,NONE
TX-004664,ACC-01439,ACC-00045,11057.72,2026-09-04 16:43:56,0,normal,NONE
TX-002792,ACC-00180,ACC-00083,2990.68,2026-09-05 18:06:02,0,normal,NONE
TX-003449,ACC-01247,ACC-01931,2799.23,2026-09-08 13:51:32,0,normal,NONE
TX-010013,ACC-01553,ACC-01875,15497.25,2026-09-06 19:01:01,0,normal,NONE
TX-000102,ACC-01213,ACC-01156,11940.74,2026-09-02 21:08:55,0,normal,NONE
TX-011400,ACC-01322,ACC-01703,859.97,2026-09-02 12:40:33,0,normal,NONE
TX-002343,ACC-00899,ACC-00818,3591.51,2026-09-07 11:05:11,0,normal,NONE
TX-007031,ACC-00030,ACC-01184,5302.65,2026-09-05 10:52:11,0,normal,NONE
TX-006756,ACC-01648,ACC-00277,11624.32,2026-09-04 23:31:38,0,normal,NONE
TX-000980,ACC-01998,ACC-01048,11025.06,2026-09-03 20:35:24,0,normal,NONE
TX-009508,ACC-01380,ACC-00732,366.67,2026-09-06 12:27:05,0,normal,NONE
TX-002058,ACC-01339,ACC-00992,10901.83,2026-09-08 21:14:36,0,normal,NONE
TX-011961,ACC-01656,ACC-01265,1545.03,2026-09-02 09:44:48,0,normal,NONE
TX-003838,ACC-00029,ACC-00543,14986.22,2026-09-04 13:26:06,0,normal,NONE
TX-007441,ACC-01394,ACC-01684,2080.16,2026-09-06 19:40:24,0,normal,NONE
TX-001154,ACC-01090,ACC-01390,14860.31,2026-09-05 22:39:23,0,normal,NONE
TX-007935,ACC-01224,ACC-00218,7745.82,2026-09-06 18:19:21,0,normal,NONE
TX-005383,ACC-01141,ACC-01099,13660.77,2026-09-07 23:11:33,0,normal,NONE
TX-008138,ACC-00050,ACC-01756,4725.59,2026-09-07 19:08:55,0,normal,NONE
TX-002086,ACC-00670,ACC-00321,9136.94,2026-09-05 22:40:47,0,normal,NONE
TX-003754,ACC-01001,ACC-01046,9626.99,2026-09-04 14:07:33,0,normal,NONE
TX-009470,ACC-01930,ACC-00401,10715.34,2026-09-03 19:25:44,0,normal,NONE
TX-003370,ACC-00798,ACC-01929,16812.61,2026-09-06 08:30:04,0,normal,NONE
TX-007996,ACC-00437,ACC-01314,5391.69,2026-09-08 18:57:24,0,normal,NONE
TX-002808,ACC-01161,ACC-01778,12603.4,2026-09-01 13:16:26,0,normal,NONE
TX-007357,ACC-00755,ACC-00741,15894.72,2026-09-09 18:35:31,0,normal,NONE
TX-010346,ACC-00949,ACC-00858,1791.05,2026-09-06 11:34:01,0,normal,NONE
TX-008701,ACC-01263,ACC-00395,4753.14,2026-09-01 20:06:41,0,normal,NONE
TX-007445,ACC-01203,ACC-00283,2359.61,2026-09-08 08:25:55,0,normal,NONE
TX-010108,ACC-01457,ACC-00491,6231.95,2026-09-03 14:37:21,0,normal,NONE
TX-011782,ACC-01097,ACC-01349,11411.51,2026-09-08 09:16:09,0,normal,NONE
TX-010064,ACC-01845,ACC-01327,3428.27,2026-09-01 12:16:58,0,normal,NONE
TX-000020,ACC-00789,ACC-00782,10734.07,2026-09-08 16:35:55,0,normal,NONE
TX-010616,ACC-00987,ACC-01873,11128.11,2026-09-07 21:58:51,0,normal,NONE
TX-006171,ACC-00388,ACC-00242,15606.35,2026-09-09 15:50:42,0,normal,NONE
TX-009788,ACC-00721,ACC-00130,8833.56,2026-09-05 20:26:54,0,normal,NONE
TX-004238,ACC-00659,ACC-00323,10953.29,2026-09-06 10:57:24,0,normal,NONE
TX-011881,ACC-00617,ACC-00592,3876.25,2026-09-01 16:34:32,0,normal,NONE
TX-000322,ACC-00854,ACC-01266,11509.06,2026-09-08 17:41:19,0,normal,NONE
TX-003356,ACC-01234,ACC-00379,14117.37,2026-09-02 12:17:05,0,normal,NONE
TX-004581,ACC-01933,ACC-00908,16699.07,2026-09-03 12:59:52,0,normal,NONE
TX-005816,ACC-00122,ACC-00060,8886.88,2026-09-06 08:50:01,0,normal,NONE
TX-012062,FRAUD-03-SRC-12,FRAUD-03-COLLECTOR,4751.61,2026-09-02 09:22:00,1,funneling,NET-03
TX-006303,ACC-01606,ACC-00685,11312.88,2026-09-06 11:36:01,0,normal,NONE
TX-011585,ACC-00190,ACC-00772,10106.86,2026-09-08 13:46:01,0,normal,NONE
TX-002088,ACC-01910,ACC-01445,14299.67,2026-09-06 14:53:35,0,normal,NONE
TX-006271,ACC-00649,ACC-01801,15342.87,2026-09-06 09:34:05,0,normal,NONE
TX-003913,ACC-00095,ACC-01988,15758.24,2026-09-03 12:28:26,0,normal,NONE
TX-000264,ACC-01795,ACC-01570,11132.21,2026-09-07 12:10:11,0,normal,NONE
TX-002838,ACC-01551,ACC-01294,6337.86,2026-09-06 20:50:48,0,normal,NONE
TX-003600,ACC-00420,ACC-00608,16026.67,2026-09-04 21:10:59,0,normal,NONE
TX-007794,ACC-00540,ACC-01358,13435.99,2026-09-09 21:48:07,0,normal,NONE
TX-011177,ACC-00760,ACC-00056,16632.99,2026-09-07 19:42:33,0,normal,NONE
TX-010406,ACC-00440,ACC-00372,5548.89,2026-09-09 08:31:49,0,normal,NONE
TX-009377,ACC-00835,ACC-00561,14231.22,2026-09-02 23:10:45,0,normal,NONE
TX-011200,ACC-01743,ACC-00328,4980.74,2026-09-02 20:22:58,0,normal,NONE
TX-000474,ACC-00440,ACC-00422,5024.64,2026-09-02 11:51:55,0,normal,NONE
TX-002376,ACC-01369,ACC-01754,6175.9,2026-09-09 16:04:50,0,normal,NONE
TX-013066,ACC-00872,ACC-00758,26993.66,2026-09-09 12:24:00,0,normal_high_value,NONE
TX-004386,ACC-00971,ACC-00244,8116.57,2026-09-09 08:09:56,0,normal,NONE
TX-010552,ACC-00658,ACC-01307,5955.37,2026-09-07 22:29:55,0,normal,NONE
TX-002367,ACC-00379,ACC-01496,11875.46,2026-09-06 22:42:37,0,normal,NONE
TX-005712,ACC-00271,ACC-01437,16590.29,2026-09-01 22:01:42,0,normal,NONE
TX-008841,ACC-00952,ACC-01167,17526.33,2026-09-03 12:16:31,0,normal,NONE
TX-008146,ACC-00169,ACC-01773,12687.22,2026-09-07 09:59:29,0,normal,NONE
TX-008361,ACC-01130,ACC-00549,4631.83,2026-09-06 22:25:24,0,normal,NONE
TX-011101,ACC-00769,ACC-00357,12539.69,2026-09-04 15:16:35,0,normal,NONE
TX-006803,ACC-00557,ACC-01108,6342.55,2026-09-08 21:58:32,0,normal,NONE
TX-007276,ACC-00748,ACC-01366,3859.58,2026-09-02 17:44:15,0,normal,NONE
TX-010469,ACC-01271,ACC-00602,14474.13,2026-09-01 22:36:39,0,normal,NONE
TX-010290,ACC-01169,ACC-01697,9234.91,2026-09-09 15:21:50,0,normal,NONE
TX-008356,ACC-00648,ACC-00273,14514.52,2026-09-01 16:57:07,0,normal,NONE
TX-003188,ACC-00055,ACC-01651,16408.19,2026-09-07 15:06:28,0,normal,NONE
TX-009991,ACC-01629,ACC-00911,13545.34,2026-09-08 09:23:02,0,normal,NONE
TX-012827,ACC-01354,ACC-00073,41989.92,2026-09-04 18:55:00,0,normal_high_value,NONE
TX-004191,ACC-01209,ACC-01861,16016.58,2026-09-03 15:13:20,0,normal,NONE
TX-006880,ACC-00601,ACC-00125,9040.73,2026-09-04 18:25:23,0,normal,NONE
TX-002145,ACC-01901,ACC-00395,4956.96,2026-09-07 17:23:39,0,normal,NONE
TX-012559,ACC-00702,ACC-01922,75186.96,2026-09-08 16:37:00,0,normal_high_value,NONE
TX-003080,ACC-00808,ACC-00402,2543.57,2026-09-05 13:40:15,0,normal,NONE
TX-005217,ACC-01340,ACC-00989,12408.99,2026-09-02 21:11:06,0,normal,NONE
TX-000851,ACC-01142,ACC-01909,14584.09,2026-09-06 08:26:07,0,normal,NONE
TX-004202,ACC-01107,ACC-00891,11606.8,2026-09-07 17:10:47,0,normal,NONE
TX-004013,ACC-00360,ACC-01926,1882.11,2026-09-07 08:13:37,0,normal,NONE
TX-002928,ACC-01568,ACC-00024,14045.26,2026-09-01 08:05:20,0,normal,NONE
TX-009039,ACC-00712,ACC-01235,12811.39,2026-09-08 13:50:37,0,normal,NONE
TX-007274,ACC-00607,ACC-00744,15618.49,2026-09-01 12:47:24,0,normal,NONE
TX-005059,ACC-00402,ACC-01968,9600.99,2026-09-05 20:12:16,0,normal,NONE
TX-009857,ACC-00845,ACC-01344,7793.79,2026-09-02 19:19:56,0,normal,NONE
TX-006187,ACC-01791,ACC-00255,14076.08,2026-09-01 15:58:03,0,normal,NONE
TX-006931,ACC-01572,ACC-00659,2615.95,2026-09-01 08:16:04,0,normal,NONE
TX-004463,ACC-00818,ACC-00986,2549.46,2026-09-09 15:36:00,0,normal,NONE
TX-006390,ACC-00785,ACC-01054,768.06,2026-09-06 21:16:42,0,normal,NONE
TX-000968,ACC-01776,ACC-01264,8829.17,2026-09-06 22:56:15,0,normal,NONE
TX-005164,ACC-00722,ACC-01931,6587.78,2026-09-09 18:25:16,0,normal,NONE
TX-001521,ACC-01383,ACC-01133,3213.9,2026-09-08 08:11:12,0,normal,NONE
TX-004348,ACC-01554,ACC-00735,15994.65,2026-09-06 11:11:16,0,normal,NONE
TX-009961,ACC-01771,ACC-01901,6604.02,2026-09-08 10:52:57,0,normal,NONE
TX-000096,ACC-01112,ACC-00955,7495.62,2026-09-04 21:24:57,0,normal,NONE
TX-001800,ACC-00269,ACC-00695,5249.33,2026-09-07 09:57:45,0,normal,NONE
TX-009754,ACC-00789,ACC-00565,4528.33,2026-09-01 15:01:42,0,normal,NONE
TX-006473,ACC-01856,ACC-01739,14820.62,2026-09-08 21:30:47,0,normal,NONE
TX-013175,ACC-00419,ACC-01104,88227.66,2026-09-05 20:53:00,0,normal_high_value,NONE
TX-006606,ACC-01224,ACC-01069,17970.2,2026-09-05 15:59:28,0,normal,NONE
TX-000060,ACC-01130,ACC-01446,7709.81,2026-09-01 11:04:56,0,normal,NONE
TX-004541,ACC-01522,ACC-01914,5937.7,2026-09-09 16:56:09,0,normal,NONE
TX-009083,ACC-00516,ACC-01995,2808.3,2026-09-02 21:09:27,0,normal,NONE
TX-010371,ACC-01766,ACC-01880,12319.46,2026-09-01 16:53:55,0,normal,NONE
TX-007272,ACC-01902,ACC-01684,15306.58,2026-09-03 08:05:55,0,normal,NONE
TX-012203,FRAUD-09-SRC-03,FRAUD-09-COLLECTOR,11536.46,2026-09-04 18:04:00,1,funneling,NET-09
TX-011827,ACC-00877,ACC-00789,13928.85,2026-09-05 19:01:42,0,normal,NONE
TX-002070,ACC-01483,ACC-01569,10620.26,2026-09-09 10:09:57,0,normal,NONE
TX-004004,ACC-01509,ACC-00971,9013.45,2026-09-08 23:45:21,0,normal,NONE
TX-000462,ACC-00509,ACC-01347,11971.2,2026-09-03 09:36:41,0,normal,NONE
TX-012456,ACC-00903,ACC-00306,58924.98,2026-09-02 22:30:00,0,normal_high_value,NONE
TX-005355,ACC-00045,ACC-01298,10269.62,2026-09-06 14:45:52,0,normal,NONE
TX-011980,ACC-00268,ACC-00658,14364.9,2026-09-04 13:19:49,0,normal,NONE
TX-004266,ACC-00751,ACC-00474,15437.28,2026-09-03 20:02:03,0,normal,NONE
TX-003839,ACC-00221,ACC-01093,14915.3,2026-09-01 09:12:19,0,normal,NONE
TX-009487,ACC-01936,ACC-00725,669.61,2026-09-07 20:39:37,0,normal,NONE
TX-010376,ACC-01406,ACC-00219,13984.15,2026-09-05 15:15:24,0,normal,NONE
TX-001744,ACC-00452,ACC-00665,4852.91,2026-09-07 12:28:14,0,normal,NONE
TX-006183,ACC-00053,ACC-00241,2644.53,2026-09-06 14:05:35,0,normal,NONE
TX-009710,ACC-01065,ACC-01785,14529.33,2026-09-06 11:18:17,0,normal,NONE
TX-009022,ACC-00553,ACC-00587,14325.92,2026-09-01 20:41:15,0,normal,NONE
TX-001796,ACC-01588,ACC-00308,445.86,2026-09-07 23:37:55,0,normal,NONE
TX-007718,ACC-01428,ACC-00176,6492.36,2026-09-05 16:39:18,0,normal,NONE
TX-006780,ACC-01955,ACC-01855,13417.13,2026-09-03 20:31:43,0,normal,NONE
TX-000328,ACC-01937,ACC-00787,15557.67,2026-09-07 15:55:57,0,normal,NONE
TX-001054,ACC-01316,ACC-01651,7497.08,2026-09-08 21:39:11,0,normal,NONE
TX-009782,ACC-00431,ACC-01313,13991.0,2026-09-05 13:04:19,0,normal,NONE
TX-003039,ACC-01119,ACC-01175,17576.27,2026-09-07 11:12:13,0,normal,NONE
TX-012141,FRAUD-06-COLLECTOR,FRAUD-06-RELAY,121045.48,2026-09-03 13:35:00,1,layering,NET-06
TX-005917,ACC-01197,ACC-00640,2583.5,2026-09-04 16:59:57,0,normal,NONE
TX-000331,ACC-01936,ACC-00806,9107.89,2026-09-04 14:37:22,0,normal,NONE
TX-004897,ACC-00210,ACC-00768,3356.53,2026-09-09 15:07:38,0,normal,NONE
TX-003985,ACC-00960,ACC-00290,679.48,2026-09-02 22:06:01,0,normal,NONE
TX-000614,ACC-01367,ACC-00199,1561.02,2026-09-06 21:48:37,0,normal,NONE
TX-002035,ACC-01603,ACC-01338,14588.47,2026-09-01 11:19:36,0,normal,NONE
TX-006563,ACC-01939,ACC-01909,9475.48,2026-09-03 22:49:59,0,normal,NONE
TX-000015,ACC-00822,ACC-00549,1210.07,2026-09-06 14:41:31,0,normal,NONE
TX-006724,ACC-01306,ACC-00287,1607.2,2026-09-03 13:56:08,0,normal,NONE
TX-003887,ACC-00511,ACC-00890,2154.96,2026-09-02 15:28:05,0,normal,NONE
TX-004696,ACC-01246,ACC-00077,2802.72,2026-09-08 11:25:57,0,normal,NONE
TX-012410,ACC-00009,ACC-00191,88009.68,2026-09-07 08:47:00,0,normal_high_value,NONE
TX-006256,ACC-00472,ACC-00996,12731.91,2026-09-05 09:24:43,0,normal,NONE
TX-001622,ACC-01470,ACC-01522,13253.32,2026-09-07 21:51:14,0,normal,NONE
TX-000612,ACC-00782,ACC-00757,3374.76,2026-09-01 16:28:29,0,normal,NONE
TX-005538,ACC-00857,ACC-00022,17928.66,2026-09-03 12:15:20,0,normal,NONE
TX-009947,ACC-01905,ACC-00218,6991.72,2026-09-07 16:54:26,0,normal,NONE
TX-003290,ACC-00163,ACC-00355,10409.56,2026-09-06 22:59:50,0,normal,NONE
TX-004890,ACC-01926,ACC-00052,6713.15,2026-09-08 14:29:06,0,normal,NONE
TX-005891,ACC-01551,ACC-01535,10695.22,2026-09-01 22:02:51,0,normal,NONE
TX-008886,ACC-01723,ACC-01694,6647.75,2026-09-05 14:50:25,0,normal,NONE
TX-007306,ACC-00724,ACC-00599,13788.91,2026-09-08 22:36:05,0,normal,NONE
TX-009151,ACC-01508,ACC-00192,5483.23,2026-09-05 22:11:39,0,normal,NONE
TX-006203,ACC-00055,ACC-00909,16791.32,2026-09-07 19:22:50,0,normal,NONE
TX-005497,ACC-00249,ACC-00985,6931.63,2026-09-04 08:09:12,0,normal,NONE
TX-011271,ACC-00776,ACC-01503,16742.54,2026-09-08 13:04:59,0,normal,NONE
TX-011075,ACC-00445,ACC-01048,3018.22,2026-09-04 18:20:11,0,normal,NONE
TX-010384,ACC-00400,ACC-00595,293.6,2026-09-02 23:36:45,0,normal,NONE
TX-002992,ACC-01836,ACC-01136,109.16,2026-09-09 22:49:12,0,normal,NONE
TX-010141,ACC-01031,ACC-00985,6682.26,2026-09-06 22:21:06,0,normal,NONE
TX-006059,ACC-01725,ACC-01683,3888.36,2026-09-07 19:38:12,0,normal,NONE
TX-000971,ACC-00925,ACC-00936,14889.64,2026-09-01 15:33:34,0,normal,NONE
TX-008975,ACC-01295,ACC-00629,5038.1,2026-09-01 12:46:31,0,normal,NONE
TX-012050,FRAUD-02-NEXTHOP,FRAUD-02-OUT-08,12124.38,2026-09-06 17:55:00,1,fan_out,NET-02
TX-008640,ACC-01864,ACC-00250,12989.35,2026-09-06 21:30:53,0,normal,NONE
TX-009756,ACC-00255,ACC-01381,10991.53,2026-09-01 10:53:32,0,normal,NONE
TX-009827,ACC-01249,ACC-00925,10950.1,2026-09-06 17:13:16,0,normal,NONE
TX-010945,ACC-00488,ACC-00438,1228.45,2026-09-04 20:47:55,0,normal,NONE
TX-009624,ACC-00252,ACC-01966,8064.47,2026-09-09 21:34:06,0,normal,NONE
TX-005873,ACC-00099,ACC-01881,2510.61,2026-09-06 20:17:40,0,normal,NONE
TX-007321,ACC-01480,ACC-01612,14777.64,2026-09-07 18:34:54,0,normal,NONE
TX-004768,ACC-01078,ACC-01856,11973.13,2026-09-06 08:05:46,0,normal,NONE
TX-007841,ACC-00896,ACC-00798,5820.59,2026-09-05 17:15:54,0,normal,NONE
TX-011949,ACC-00899,ACC-01285,10569.44,2026-09-03 08:02:44,0,normal,NONE
TX-009387,ACC-01868,ACC-01335,14671.79,2026-09-08 17:03:00,0,normal,NONE
TX-007377,ACC-00595,ACC-00424,9898.48,2026-09-08 15:18:20,0,normal,NONE
TX-004755,ACC-01298,ACC-00909,7520.52,2026-09-02 15:49:26,0,normal,NONE
TX-006346,ACC-00297,ACC-01584,669.02,2026-09-02 14:03:44,0,normal,NONE
TX-008269,ACC-00052,ACC-01441,7499.95,2026-09-04 18:40:04,0,normal,NONE
TX-012803,ACC-01581,ACC-01546,68585.14,2026-09-05 22:00:00,0,normal_high_value,NONE
TX-012816,ACC-01250,ACC-00084,88460.47,2026-09-06 17:04:00,0,normal_high_value,NONE
TX-009192,ACC-00440,ACC-00949,1023.98,2026-09-01 23:48:38,0,normal,NONE
TX-012462,ACC-01215,ACC-00933,37650.24,2026-09-02 21:35:00,0,normal_high_value,NONE
TX-013205,ACC-01638,ACC-00229,71016.72,2026-09-03 23:26:00,0,normal_high_value,NONE
TX-011462,ACC-01005,ACC-00288,14197.05,2026-09-01 11:54:58,0,normal,NONE
TX-001167,ACC-00085,ACC-00649,10349.96,2026-09-08 16:23:11,0,normal,NONE
TX-009725,ACC-00935,ACC-01701,10405.93,2026-09-04 22:10:47,0,normal,NONE
TX-010133,ACC-00551,ACC-00675,818.37,2026-09-06 16:07:30,0,normal,NONE
TX-012052,FRAUD-03-SRC-02,FRAUD-03-COLLECTOR,13879.62,2026-09-02 09:02:00,1,funneling,NET-03
TX-005749,ACC-00863,ACC-01306,14122.47,2026-09-05 20:55:41,0,normal,NONE
TX-004395,ACC-01247,ACC-01561,12825.49,2026-09-07 13:25:52,0,normal,NONE
TX-004345,ACC-00787,ACC-00821,2400.7,2026-09-02 21:20:22,0,normal,NONE
TX-004640,ACC-01289,ACC-01692,8611.26,2026-09-07 14:21:15,0,normal,NONE
TX-004337,ACC-01317,ACC-01119,11687.79,2026-09-01 18:42:34,0,normal,NONE
TX-006105,ACC-00394,ACC-00411,10948.34,2026-09-01 23:54:25,0,normal,NONE
TX-001112,ACC-01180,ACC-01118,2489.18,2026-09-04 09:37:11,0,normal,NONE
TX-010261,ACC-01333,ACC-00264,5238.25,2026-09-07 13:52:58,0,normal,NONE
TX-000709,ACC-01556,ACC-01350,4007.01,2026-09-06 19:53:40,0,normal,NONE
TX-001373,ACC-00414,ACC-00900,17454.07,2026-09-01 15:53:51,0,normal,NONE
TX-002819,ACC-01247,ACC-01172,4172.4,2026-09-06 15:28:16,0,normal,NONE
TX-007078,ACC-01839,ACC-01086,15982.95,2026-09-04 10:16:49,0,normal,NONE
TX-008750,ACC-00406,ACC-01940,10506.6,2026-09-04 21:31:18,0,normal,NONE
TX-011074,ACC-01328,ACC-01884,4514.38,2026-09-07 17:49:08,0,normal,NONE
TX-009569,ACC-00559,ACC-01547,3047.83,2026-09-08 21:23:54,0,normal,NONE
TX-008049,ACC-01567,ACC-01499,9403.45,2026-09-02 16:01:34,0,normal,NONE
TX-011581,ACC-00053,ACC-00171,1281.96,2026-09-01 11:10:51,0,normal,NONE
TX-002985,ACC-01066,ACC-01813,3673.22,2026-09-07 20:56:38,0,normal,NONE
TX-001580,ACC-00401,ACC-00317,16492.05,2026-09-01 08:55:32,0,normal,NONE
TX-001209,ACC-01352,ACC-01052,10685.31,2026-09-08 11:58:16,0,normal,NONE
TX-001792,ACC-01168,ACC-01157,826.84,2026-09-08 09:03:20,0,normal,NONE
TX-000425,ACC-00036,ACC-01029,14640.57,2026-09-07 13:06:58,0,normal,NONE
TX-000555,ACC-01306,ACC-01680,7110.44,2026-09-01 21:42:08,0,normal,NONE
TX-000945,ACC-01617,ACC-01427,11131.01,2026-09-01 22:41:00,0,normal,NONE
TX-010963,ACC-01953,ACC-01529,4827.23,2026-09-09 23:23:41,0,normal,NONE
TX-013106,ACC-00969,ACC-00974,65193.0,2026-09-03 13:40:00,0,normal_high_value,NONE
TX-007086,ACC-01967,ACC-01281,3801.68,2026-09-08 20:03:43,0,normal,NONE
TX-012704,ACC-01981,ACC-00742,72993.66,2026-09-01 21:03:00,0,normal_high_value,NONE
TX-012646,ACC-00279,ACC-00308,66096.5,2026-09-06 20:06:00,0,normal_high_value,NONE
TX-006552,ACC-00689,ACC-01898,14375.92,2026-09-06 19:53:29,0,normal,NONE
TX-010467,ACC-00332,ACC-01018,16421.48,2026-09-03 08:02:55,0,normal,NONE
TX-001731,ACC-00390,ACC-01517,14665.31,2026-09-08 10:10:28,0,normal,NONE
TX-012464,ACC-01900,ACC-00197,61131.74,2026-09-09 22:52:00,0,normal_high_value,NONE
TX-009248,ACC-00056,ACC-01891,11237.9,2026-09-05 19:37:45,0,normal,NONE
TX-009394,ACC-00086,ACC-00653,1742.46,2026-09-01 11:59:53,0,normal,NONE
TX-003059,ACC-01578,ACC-01920,3152.38,2026-09-03 18:36:25,0,normal,NONE
TX-003932,ACC-00208,ACC-01374,12790.43,2026-09-08 14:34:35,0,normal,NONE
TX-008046,ACC-00665,ACC-00528,8796.52,2026-09-06 19:01:07,0,normal,NONE
TX-009980,ACC-00304,ACC-01709,6347.98,2026-09-09 23:02:43,0,normal,NONE
TX-002849,ACC-01975,ACC-00281,12532.4,2026-09-07 12:17:21,0,normal,NONE
TX-002472,ACC-00721,ACC-01975,9688.99,2026-09-07 13:32:23,0,normal,NONE
TX-006795,ACC-00335,ACC-00905,3022.62,2026-09-08 15:59:46,0,normal,NONE
TX-003705,ACC-00974,ACC-00293,13771.68,2026-09-07 21:37:19,0,normal,NONE
TX-007946,ACC-00939,ACC-00862,16348.64,2026-09-05 15:19:53,0,normal,NONE
TX-010792,ACC-01399,ACC-01373,9348.58,2026-09-03 18:28:56,0,normal,NONE
TX-005771,ACC-01279,ACC-00707,16958.23,2026-09-06 12:47:54,0,normal,NONE
TX-000069,ACC-01881,ACC-00943,6306.86,2026-09-04 15:01:42,0,normal,NONE
TX-010782,ACC-01853,ACC-01916,16971.25,2026-09-05 08:49:29,0,normal,NONE
TX-006195,ACC-00379,ACC-01784,6534.81,2026-09-08 21:49:33,0,normal,NONE
TX-011883,ACC-01016,ACC-00583,5829.82,2026-09-06 22:25:33,0,normal,NONE
TX-012074,FRAUD-03-NEXTHOP,FRAUD-03-OUT-07,14708.45,2026-09-02 09:54:00,1,fan_out,NET-03
TX-013002,ACC-01235,ACC-00107,37776.56,2026-09-09 09:32:00,0,normal_high_value,NONE
TX-004554,ACC-01183,ACC-00587,3064.36,2026-09-03 11:22:18,0,normal,NONE
TX-011794,ACC-00158,ACC-01375,14903.57,2026-09-04 14:46:02,0,normal,NONE
TX-004075,ACC-00546,ACC-00815,8690.95,2026-09-03 19:19:59,0,normal,NONE
TX-010566,ACC-00364,ACC-01316,10507.85,2026-09-08 09:39:37,0,normal,NONE
TX-010060,ACC-01189,ACC-01663,13080.68,2026-09-05 15:22:37,0,normal,NONE
TX-001741,ACC-00450,ACC-01497,17374.79,2026-09-03 16:01:34,0,normal,NONE
TX-004119,ACC-00925,ACC-01727,11739.82,2026-09-06 21:16:57,0,normal,NONE
TX-008831,ACC-00925,ACC-00821,3604.55,2026-09-05 13:31:10,0,normal,NONE
TX-000733,ACC-01975,ACC-00397,5309.32,2026-09-03 10:11:11,0,normal,NONE
TX-000246,ACC-01287,ACC-01012,8361.88,2026-09-08 18:55:40,0,normal,NONE
TX-003822,ACC-01719,ACC-01705,14777.28,2026-09-01 14:19:13,0,normal,NONE
TX-007919,ACC-00257,ACC-00648,16255.2,2026-09-05 12:16:21,0,normal,NONE
TX-004124,ACC-01059,ACC-00631,6034.7,2026-09-08 20:01:18,0,normal,NONE
TX-008116,ACC-01334,ACC-01953,11716.15,2026-09-07 13:20:40,0,normal,NONE
TX-002202,ACC-00316,ACC-01403,10005.16,2026-09-06 08:30:10,0,normal,NONE
TX-002345,ACC-00430,ACC-00247,16933.71,2026-09-06 18:26:12,0,normal,NONE
TX-010714,ACC-00295,ACC-01270,3912.76,2026-09-07 09:29:00,0,normal,NONE
TX-010926,ACC-00030,ACC-01873,4681.52,2026-09-01 17:30:13,0,normal,NONE
TX-007741,ACC-00984,ACC-00614,4185.94,2026-09-07 13:48:49,0,normal,NONE
TX-013245,ACC-01943,ACC-01937,89163.03,2026-09-07 23:56:00,0,normal_high_value,NONE
TX-000674,ACC-01457,ACC-01333,14262.45,2026-09-07 16:49:34,0,normal,NONE
TX-001499,ACC-00276,ACC-01540,1530.83,2026-09-08 19:14:37,0,normal,NONE
TX-006750,ACC-00557,ACC-01991,4525.43,2026-09-05 08:48:15,0,normal,NONE
TX-007132,ACC-01047,ACC-01751,8930.48,2026-09-02 18:37:01,0,normal,NONE
TX-000477,ACC-01203,ACC-00234,6275.68,2026-09-08 13:52:43,0,normal,NONE
TX-012131,FRAUD-06-SRC-06,FRAUD-06-COLLECTOR,7654.05,2026-09-03 13:10:00,1,funneling,NET-06
TX-003300,ACC-00694,ACC-01516,2638.64,2026-09-04 10:07:08,0,normal,NONE
TX-011887,ACC-00564,ACC-00868,7887.82,2026-09-05 14:12:19,0,normal,NONE
TX-004721,ACC-01349,ACC-00991,15280.82,2026-09-08 23:06:48,0,normal,NONE
TX-007342,ACC-00947,ACC-01783,13342.58,2026-09-01 17:53:58,0,normal,NONE
TX-006206,ACC-00915,ACC-00899,13971.84,2026-09-05 22:49:53,0,normal,NONE
TX-008608,ACC-00009,ACC-00546,6592.96,2026-09-09 12:30:23,0,normal,NONE
TX-004808,ACC-01329,ACC-00516,5427.77,2026-09-07 18:55:34,0,normal,NONE
TX-005130,ACC-01230,ACC-00343,8643.16,2026-09-07 09:36:40,0,normal,NONE
TX-002146,ACC-01571,ACC-00826,16818.86,2026-09-09 14:04:37,0,normal,NONE
TX-002610,ACC-00312,ACC-01099,152.15,2026-09-05 16:35:23,0,normal,NONE
TX-005435,ACC-01944,ACC-00701,16590.9,2026-09-04 13:20:40,0,normal,NONE
TX-007069,ACC-01410,ACC-01048,16368.76,2026-09-07 22:47:16,0,normal,NONE
TX-010225,ACC-00746,ACC-00615,5911.36,2026-09-03 15:55:13,0,normal,NONE
TX-002479,ACC-00505,ACC-01274,12040.22,2026-09-07 17:13:56,0,normal,NONE
TX-004078,ACC-00718,ACC-00018,13594.58,2026-09-09 13:22:46,0,normal,NONE
TX-003694,ACC-01482,ACC-00759,14862.88,2026-09-03 08:40:57,0,normal,NONE
TX-000813,ACC-00892,ACC-00181,1172.17,2026-09-04 19:05:38,0,normal,NONE
TX-002797,ACC-00459,ACC-01412,5120.87,2026-09-07 18:42:10,0,normal,NONE
TX-005235,ACC-01814,ACC-01646,5886.36,2026-09-02 23:19:21,0,normal,NONE
TX-007291,ACC-01457,ACC-00776,3429.09,2026-09-04 20:45:49,0,normal,NONE
TX-002609,ACC-00166,ACC-01192,15872.01,2026-09-09 13:25:13,0,normal,NONE
TX-012942,ACC-00615,ACC-01110,44400.84,2026-09-02 12:01:00,0,normal_high_value,NONE
TX-010514,ACC-01005,ACC-01297,10908.57,2026-09-07 08:53:48,0,normal,NONE
TX-006779,ACC-00229,ACC-00203,7871.02,2026-09-06 17:10:33,0,normal,NONE
TX-003220,ACC-01907,ACC-01848,16858.5,2026-09-02 15:23:43,0,normal,NONE
TX-005640,ACC-01442,ACC-00859,6594.83,2026-09-06 12:47:56,0,normal,NONE
TX-006174,ACC-01821,ACC-00086,9923.85,2026-09-06 14:01:12,0,normal,NONE
TX-001428,ACC-00834,ACC-00914,1528.67,2026-09-09 14:50:09,0,normal,NONE
TX-012066,FRAUD-03-COLLECTOR,FRAUD-03-RELAY,132117.87,2026-09-02 09:35:00,1,layering,NET-03
TX-001954,ACC-00805,ACC-00258,7264.9,2026-09-01 22:51:48,0,normal,NONE
TX-002456,ACC-01787,ACC-01400,16428.81,2026-09-06 13:57:28,0,normal,NONE
TX-002123,ACC-00807,ACC-01949,6721.82,2026-09-09 11:28:14,0,normal,NONE
TX-002702,ACC-01659,ACC-01018,6762.48,2026-09-07 23:45:17,0,normal,NONE
TX-001684,ACC-01042,ACC-01910,13159.74,2026-09-08 23:32:43,0,normal,NONE
TX-001414,ACC-00388,ACC-01538,8575.53,2026-09-01 11:42:59,0,normal,NONE
TX-000115,ACC-01698,ACC-00942,12737.41,2026-09-07 13:46:33,0,normal,NONE
TX-006214,ACC-01001,ACC-00241,2789.6,2026-09-06 15:21:57,0,normal,NONE
TX-004289,ACC-00796,ACC-01813,2232.54,2026-09-04 14:56:20,0,normal,NONE
TX-002391,ACC-00145,ACC-00464,17341.17,2026-09-05 12:57:25,0,normal,NONE
TX-009108,ACC-01542,ACC-01873,15382.57,2026-09-04 10:11:06,0,normal,NONE
TX-000231,ACC-00102,ACC-01381,1486.84,2026-09-08 21:31:38,0,normal,NONE
TX-006152,ACC-01061,ACC-00538,10662.35,2026-09-08 23:36:40,0,normal,NONE
TX-007018,ACC-01641,ACC-00361,7615.14,2026-09-07 12:20:17,0,normal,NONE
TX-007210,ACC-00892,ACC-00832,17463.14,2026-09-05 08:20:14,0,normal,NONE
TX-008470,ACC-00892,ACC-01081,1121.04,2026-09-09 23:28:39,0,normal,NONE
TX-005827,ACC-01002,ACC-00401,7146.9,2026-09-04 12:15:34,0,normal,NONE
TX-000215,ACC-01240,ACC-00882,1803.23,2026-09-02 14:27:28,0,normal,NONE
TX-001517,ACC-00048,ACC-01163,14140.73,2026-09-03 12:21:36,0,normal,NONE
TX-006721,ACC-00792,ACC-00736,12671.37,2026-09-06 21:20:50,0,normal,NONE
TX-003038,ACC-00865,ACC-00488,14856.51,2026-09-06 12:29:31,0,normal,NONE
TX-005752,ACC-00884,ACC-01023,13435.07,2026-09-04 13:45:11,0,normal,NONE
TX-000697,ACC-00693,ACC-01064,9425.4,2026-09-02 21:42:46,0,normal,NONE
TX-006935,ACC-01403,ACC-00617,6775.99,2026-09-01 15:27:31,0,normal,NONE
TX-006455,ACC-01242,ACC-01723,17172.41,2026-09-04 11:57:01,0,normal,NONE
TX-005951,ACC-00047,ACC-01532,7973.73,2026-09-03 21:19:19,0,normal,NONE
TX-011233,ACC-01497,ACC-01460,12603.6,2026-09-08 14:00:07,0,normal,NONE
TX-002767,ACC-01690,ACC-00774,5956.13,2026-09-08 16:09:09,0,normal,NONE
TX-011399,ACC-00311,ACC-00483,5133.96,2026-09-03 19:15:47,0,normal,NONE
TX-010154,ACC-00616,ACC-00238,9107.72,2026-09-07 08:39:23,0,normal,NONE
TX-002324,ACC-00408,ACC-01388,17486.47,2026-09-05 16:38:47,0,normal,NONE
TX-012979,ACC-00673,ACC-00772,41402.44,2026-09-01 21:28:00,0,normal_high_value,NONE
TX-007950,ACC-00843,ACC-00031,2842.18,2026-09-06 19:12:45,0,normal,NONE
TX-012051,FRAUD-03-SRC-01,FRAUD-03-COLLECTOR,13972.68,2026-09-02 09:00:00,1,funneling,NET-03
TX-004639,ACC-00142,ACC-01383,2067.51,2026-09-08 22:01:24,0,normal,NONE
TX-009552,ACC-00961,ACC-01848,2213.63,2026-09-02 13:45:03,0,normal,NONE
TX-003612,ACC-00276,ACC-00677,7234.88,2026-09-02 14:13:56,0,normal,NONE
TX-000737,ACC-01585,ACC-01910,11264.09,2026-09-05 23:50:36,0,normal,NONE
TX-006889,ACC-01559,ACC-01736,17857.33,2026-09-06 13:13:50,0,normal,NONE
TX-006527,ACC-00261,ACC-01475,11547.98,2026-09-06 09:34:06,0,normal,NONE
TX-002338,ACC-01935,ACC-01730,729.36,2026-09-03 19:04:20,0,normal,NONE
TX-005063,ACC-00644,ACC-00317,8509.83,2026-09-04 17:05:05,0,normal,NONE
TX-001596,ACC-01502,ACC-00883,3088.0,2026-09-06 13:45:08,0,normal,NONE
TX-013081,ACC-00641,ACC-00511,52585.12,2026-09-08 09:38:00,0,normal_high_value,NONE
TX-006538,ACC-00018,ACC-00792,10238.03,2026-09-09 12:24:19,0,normal,NONE
TX-006822,ACC-01142,ACC-00477,5757.33,2026-09-07 19:08:45,0,normal,NONE
TX-010589,ACC-01616,ACC-00325,11064.19,2026-09-02 23:30:48,0,normal,NONE
TX-008411,ACC-01251,ACC-01395,17467.75,2026-09-02 20:39:51,0,normal,NONE
TX-008425,ACC-01083,ACC-01089,15942.11,2026-09-03 10:16:07,0,normal,NONE
TX-002168,ACC-01456,ACC-00128,5669.97,2026-09-09 16:54:12,0,normal,NONE
TX-008041,ACC-01905,ACC-01048,3957.4,2026-09-09 23:34:33,0,normal,NONE
TX-000032,ACC-00461,ACC-00132,6098.78,2026-09-09 15:37:14,0,normal,NONE
TX-007745,ACC-00081,ACC-00507,1245.72,2026-09-02 12:35:29,0,normal,NONE
TX-002288,ACC-00375,ACC-01413,16855.28,2026-09-04 15:44:45,0,normal,NONE
TX-002190,ACC-01290,ACC-00735,15650.54,2026-09-01 13:26:30,0,normal,NONE
TX-010130,ACC-00366,ACC-00391,17259.81,2026-09-03 18:54:46,0,normal,NONE
TX-003466,ACC-01772,ACC-01246,754.96,2026-09-03 14:07:50,0,normal,NONE
TX-004902,ACC-01109,ACC-00451,8765.86,2026-09-04 20:46:14,0,normal,NONE
TX-008980,ACC-01078,ACC-00346,13322.09,2026-09-08 15:18:52,0,normal,NONE
TX-007560,ACC-01279,ACC-01905,11134.11,2026-09-08 19:10:25,0,normal,NONE
TX-009442,ACC-01117,ACC-00948,15757.97,2026-09-07 18:02:36,0,normal,NONE
TX-013222,ACC-01146,ACC-01181,63323.45,2026-09-01 23:07:00,0,normal_high_value,NONE
TX-006852,ACC-01006,ACC-01225,17204.42,2026-09-01 20:21:00,0,normal,NONE
TX-008242,ACC-01866,ACC-00274,13740.79,2026-09-04 08:19:21,0,normal,NONE
TX-002421,ACC-01862,ACC-01037,12610.1,2026-09-09 17:48:35,0,normal,NONE
TX-000484,ACC-01338,ACC-01014,7376.24,2026-09-08 21:45:53,0,normal,NONE
TX-012554,ACC-01918,ACC-01754,32147.34,2026-09-08 21:43:00,0,normal_high_value,NONE
TX-007793,ACC-00821,ACC-01772,4711.68,2026-09-01 20:37:56,0,normal,NONE
TX-001612,ACC-00993,ACC-00820,13310.9,2026-09-02 19:27:59,0,normal,NONE
TX-012970,ACC-01216,ACC-01706,72151.56,2026-09-01 14:41:00,0,normal_high_value,NONE
TX-011409,ACC-00259,ACC-00313,12265.06,2026-09-05 22:48:59,0,normal,NONE
TX-011616,ACC-01714,ACC-00109,6031.64,2026-09-09 11:48:39,0,normal,NONE
TX-004270,ACC-01531,ACC-01141,17328.34,2026-09-05 17:59:21,0,normal,NONE
TX-010526,ACC-00342,ACC-01374,2970.19,2026-09-04 12:11:32,0,normal,NONE
TX-011176,ACC-00812,ACC-01206,14638.87,2026-09-03 22:16:59,0,normal,NONE
TX-002597,ACC-00664,ACC-01159,13621.71,2026-09-01 09:46:45,0,normal,NONE
TX-008318,ACC-01955,ACC-00778,17941.92,2026-09-06 14:47:08,0,normal,NONE
TX-001685,ACC-01387,ACC-01819,9592.72,2026-09-02 20:00:39,0,normal,NONE
TX-002408,ACC-00082,ACC-00712,11654.65,2026-09-08 22:36:55,0,normal,NONE
TX-012092,FRAUD-04-RELAY,FRAUD-04-NEXTHOP,108997.32,2026-09-04 12:42:00,1,next_hop,NET-04
TX-004393,ACC-01534,ACC-00431,8340.58,2026-09-02 19:37:04,0,normal,NONE
TX-004024,ACC-00666,ACC-00533,1114.36,2026-09-06 18:06:44,0,normal,NONE
TX-008501,ACC-01873,ACC-00659,6945.47,2026-09-09 18:12:52,0,normal,NONE
TX-011567,ACC-00541,ACC-01673,653.34,2026-09-03 18:52:49,0,normal,NONE
TX-011986,ACC-01609,ACC-01065,11825.35,2026-09-06 09:06:20,0,normal,NONE
TX-000300,ACC-01536,ACC-01392,2896.56,2026-09-01 12:54:38,0,normal,NONE
TX-004986,ACC-00735,ACC-00858,7789.79,2026-09-06 08:41:21,0,normal,NONE
TX-007170,ACC-01658,ACC-00978,12502.42,2026-09-09 10:35:09,0,normal,NONE
TX-001409,ACC-00944,ACC-01560,8109.73,2026-09-08 12:55:46,0,normal,NONE
TX-006593,ACC-00256,ACC-00590,13813.75,2026-09-03 09:19:50,0,normal,NONE
TX-002997,ACC-01915,ACC-00033,12869.46,2026-09-08 16:37:51,0,normal,NONE
TX-012905,ACC-01915,ACC-01569,71446.22,2026-09-08 13:04:00,0,normal_high_value,NONE
TX-001415,ACC-01090,ACC-00369,17323.53,2026-09-05 14:15:53,0,normal,NONE
TX-000500,ACC-00570,ACC-01423,16855.32,2026-09-06 22:31:20,0,normal,NONE
TX-000669,ACC-00627,ACC-00343,1193.86,2026-09-01 17:18:29,0,normal,NONE
TX-002389,ACC-00288,ACC-00295,8667.16,2026-09-03 15:25:50,0,normal,NONE
TX-003468,ACC-00793,ACC-00803,2936.4,2026-09-02 14:07:26,0,normal,NONE
TX-012010,FRAUD-01-SRC-10,FRAUD-01-COLLECTOR,5974.14,2026-09-05 13:18:00,1,funneling,NET-01
TX-005817,ACC-01188,ACC-01015,15602.33,2026-09-02 16:41:03,0,normal,NONE
TX-011170,ACC-00060,ACC-01041,14576.93,2026-09-03 15:09:49,0,normal,NONE
TX-010076,ACC-01371,ACC-00680,2989.76,2026-09-04 23:00:00,0,normal,NONE
TX-002938,ACC-00700,ACC-00182,6519.17,2026-09-09 16:33:09,0,normal,NONE
TX-008538,ACC-00043,ACC-00165,10265.81,2026-09-08 17:55:13,0,normal,NONE
TX-007531,ACC-00608,ACC-01214,12080.38,2026-09-04 17:31:49,0,normal,NONE
TX-000304,ACC-00816,ACC-00644,11699.1,2026-09-04 11:01:47,0,normal,NONE
TX-004975,ACC-01653,ACC-01853,10898.78,2026-09-07 17:20:13,0,normal,NONE
TX-006551,ACC-01744,ACC-01023,10655.72,2026-09-05 21:46:16,0,normal,NONE
TX-001019,ACC-01910,ACC-00091,12373.2,2026-09-02 18:29:56,0,normal,NONE
TX-003711,ACC-01502,ACC-01191,9665.1,2026-09-09 11:24:18,0,normal,NONE
TX-010032,ACC-00178,ACC-01128,8415.24,2026-09-09 20:15:16,0,normal,NONE
TX-013163,ACC-01954,ACC-00408,87296.0,2026-09-04 12:56:00,0,normal_high_value,NONE
TX-013167,ACC-00788,ACC-00047,40439.02,2026-09-09 15:15:00,0,normal_high_value,NONE
TX-013119,ACC-00286,ACC-00731,86193.99,2026-09-08 14:53:00,0,normal_high_value,NONE
TX-012291,ACC-01198,ACC-01438,23895.54,2026-09-01 08:49:00,0,normal_high_value,NONE
TX-006071,ACC-01469,ACC-00847,11291.64,2026-09-09 10:53:59,0,normal,NONE
TX-012179,FRAUD-08-SRC-04,FRAUD-08-COLLECTOR,7969.9,2026-09-07 09:06:00,1,funneling,NET-08
TX-009044,ACC-01768,ACC-01872,16725.1,2026-09-09 15:27:27,0,normal,NONE
TX-005247,ACC-00574,ACC-00460,5596.75,2026-09-08 15:53:05,0,normal,NONE
TX-012647,ACC-01022,ACC-01333,82274.25,2026-09-06 14:19:00,0,normal_high_value,NONE
TX-004642,ACC-01200,ACC-00319,1307.59,2026-09-03 20:52:40,0,normal,NONE
TX-012885,ACC-00270,ACC-01270,26839.41,2026-09-07 19:12:00,0,normal_high_value,NONE
TX-006067,ACC-01677,ACC-00498,15971.21,2026-09-08 13:39:27,0,normal,NONE
TX-003430,ACC-01305,ACC-01566,17264.17,2026-09-09 21:32:16,0,normal,NONE
TX-002239,ACC-01248,ACC-01694,8302.38,2026-09-07 18:34:24,0,normal,NONE
TX-003296,ACC-00718,ACC-01995,14745.64,2026-09-03 19:16:32,0,normal,NONE
TX-006671,ACC-00120,ACC-01392,14163.54,2026-09-06 12:53:00,0,normal,NONE
TX-011115,ACC-01033,ACC-00414,825.97,2026-09-03 12:04:48,0,normal,NONE
TX-009609,ACC-01624,ACC-01006,9572.73,2026-09-05 18:30:45,0,normal,NONE
TX-001767,ACC-00262,ACC-00373,13820.29,2026-09-06 18:31:27,0,normal,NONE
TX-004082,ACC-01624,ACC-00333,4437.4,2026-09-05 10:18:36,0,normal,NONE
TX-010857,ACC-00577,ACC-01167,6844.82,2026-09-06 14:48:31,0,normal,NONE
TX-001069,ACC-00758,ACC-01655,3173.68,2026-09-04 23:11:51,0,normal,NONE
TX-008559,ACC-00977,ACC-01076,3037.11,2026-09-07 17:55:32,0,normal,NONE
TX-009431,ACC-01744,ACC-01828,17370.29,2026-09-05 19:57:58,0,normal,NONE
TX-010964,ACC-01000,ACC-01441,9312.09,2026-09-05 12:58:14,0,normal,NONE
TX-011612,ACC-00618,ACC-01595,2569.81,2026-09-02 21:44:16,0,normal,NONE
TX-011372,ACC-01061,ACC-01957,10700.83,2026-09-05 12:21:13,0,normal,NONE
TX-012754,ACC-01157,ACC-01721,21241.96,2026-09-01 10:08:00,0,normal_high_value,NONE
TX-013131,ACC-00616,ACC-01072,59027.31,2026-09-06 09:29:00,0,normal_high_value,NONE
TX-007884,ACC-01037,ACC-01242,7544.0,2026-09-07 14:26:32,0,normal,NONE
TX-007780,ACC-00158,ACC-01694,14384.2,2026-09-09 13:58:55,0,normal,NONE
TX-010656,ACC-00621,ACC-01445,8556.4,2026-09-03 10:30:40,0,normal,NONE
TX-011416,ACC-01224,ACC-01759,5663.88,2026-09-07 22:29:23,0,normal,NONE
TX-009413,ACC-01610,ACC-01673,8331.05,2026-09-05 13:11:32,0,normal,NONE
TX-000466,ACC-00989,ACC-00215,5331.87,2026-09-02 11:53:46,0,normal,NONE
TX-008262,ACC-01424,ACC-00797,8979.39,2026-09-01 10:43:36,0,normal,NONE
TX-003571,ACC-00678,ACC-00068,434.5,2026-09-04 19:20:44,0,normal,NONE
TX-011078,ACC-01832,ACC-00048,3065.0,2026-09-05 08:36:16,0,normal,NONE
TX-012405,ACC-00009,ACC-01821,57935.14,2026-09-07 10:59:00,0,normal_high_value,NONE
TX-002401,ACC-00216,ACC-01772,13863.62,2026-09-05 16:40:32,0,normal,NONE
TX-007235,ACC-01097,ACC-00559,803.21,2026-09-09 16:15:28,0,normal,NONE
TX-008202,ACC-01156,ACC-00242,9670.27,2026-09-02 09:49:22,0,normal,NONE
TX-010927,ACC-01720,ACC-00045,16016.95,2026-09-08 22:21:59,0,normal,NONE
TX-006364,ACC-01268,ACC-00557,9289.93,2026-09-04 20:37:44,0,normal,NONE
TX-011077,ACC-01341,ACC-01442,7237.53,2026-09-02 12:47:56,0,normal,NONE
TX-003500,ACC-00251,ACC-01912,14649.21,2026-09-01 16:41:34,0,normal,NONE
TX-011540,ACC-00517,ACC-01260,16119.09,2026-09-07 22:23:29,0,normal,NONE
TX-003892,ACC-00664,ACC-01562,4320.34,2026-09-07 21:01:28,0,normal,NONE
TX-009314,ACC-00568,ACC-01588,3543.63,2026-09-01 08:39:41,0,normal,NONE
TX-010775,ACC-00741,ACC-01269,3428.23,2026-09-09 11:14:06,0,normal,NONE
TX-009892,ACC-00282,ACC-00961,3842.04,2026-09-03 15:55:33,0,normal,NONE
TX-004300,ACC-00485,ACC-01274,16796.28,2026-09-03 15:46:34,0,normal,NONE
TX-000421,ACC-00153,ACC-01936,14727.57,2026-09-01 08:26:08,0,normal,NONE
TX-007151,ACC-00451,ACC-00024,3781.29,2026-09-06 15:38:23,0,normal,NONE
TX-005220,ACC-01815,ACC-01694,12089.73,2026-09-07 17:41:21,0,normal,NONE
TX-011182,ACC-00614,ACC-01501,5361.15,2026-09-05 12:17:06,0,normal,NONE
TX-006596,ACC-00998,ACC-01796,6961.47,2026-09-04 17:38:55,0,normal,NONE
TX-002326,ACC-00997,ACC-01635,883.6,2026-09-09 09:58:32,0,normal,NONE
TX-001048,ACC-01147,ACC-01681,17616.96,2026-09-02 17:55:01,0,normal,NONE
TX-000857,ACC-00810,ACC-00556,15980.7,2026-09-06 22:26:10,0,normal,NONE
TX-008680,ACC-01531,ACC-00382,2960.32,2026-09-06 13:47:55,0,normal,NONE
TX-002406,ACC-01626,ACC-01317,17174.21,2026-09-02 11:48:15,0,normal,NONE
TX-007801,ACC-00538,ACC-00555,13219.51,2026-09-02 17:57:17,0,normal,NONE
TX-009045,ACC-00029,ACC-01024,10543.82,2026-09-04 15:42:18,0,normal,NONE
TX-005997,ACC-00269,ACC-01477,610.19,2026-09-04 09:24:37,0,normal,NONE
TX-010412,ACC-01490,ACC-01044,4791.26,2026-09-08 11:35:10,0,normal,NONE
TX-011379,ACC-00880,ACC-00144,10476.71,2026-09-04 21:43:17,0,normal,NONE
TX-009484,ACC-01355,ACC-01480,12672.03,2026-09-09 17:09:42,0,normal,NONE
TX-010079,ACC-01975,ACC-01486,7767.79,2026-09-08 15:18:48,0,normal,NONE
TX-004516,ACC-01837,ACC-01601,9284.54,2026-09-04 22:05:01,0,normal,NONE
TX-005786,ACC-01866,ACC-01343,4275.27,2026-09-03 18:19:26,0,normal,NONE
TX-011044,ACC-01738,ACC-01334,1803.18,2026-09-07 12:58:46,0,normal,NONE
TX-003885,ACC-01726,ACC-01948,1497.96,2026-09-09 21:30:16,0,normal,NONE
TX-001140,ACC-00808,ACC-00982,14578.7,2026-09-02 22:31:15,0,normal,NONE
TX-006905,ACC-00178,ACC-01084,11708.89,2026-09-04 21:41:51,0,normal,NONE
TX-004831,ACC-00410,ACC-00507,7971.87,2026-09-07 11:53:08,0,normal,NONE
TX-005184,ACC-01387,ACC-00512,6365.87,2026-09-04 21:31:15,0,normal,NONE
TX-000821,ACC-01146,ACC-01874,10501.12,2026-09-06 16:14:38,0,normal,NONE
TX-008112,ACC-00312,ACC-01263,2553.19,2026-09-07 12:37:33,0,normal,NONE
TX-012924,ACC-01439,ACC-00029,52604.41,2026-09-04 21:05:00,0,normal_high_value,NONE
TX-002583,ACC-01593,ACC-00396,14247.24,2026-09-05 12:23:54,0,normal,NONE
TX-000108,ACC-00970,ACC-01372,2076.72,2026-09-04 22:44:16,0,normal,NONE
TX-007489,ACC-00148,ACC-00310,7055.42,2026-09-04 17:02:44,0,normal,NONE
TX-000368,ACC-01113,ACC-01074,8900.55,2026-09-03 22:17:12,0,normal,NONE
TX-002693,ACC-01785,ACC-01720,12398.36,2026-09-09 12:30:21,0,normal,NONE
TX-007133,ACC-01713,ACC-00646,2140.17,2026-09-03 14:29:31,0,normal,NONE
TX-003442,ACC-01858,ACC-01865,9449.3,2026-09-02 23:46:00,0,normal,NONE
TX-004903,ACC-01414,ACC-01727,1436.07,2026-09-06 13:47:09,0,normal,NONE
TX-007443,ACC-00903,ACC-01359,11786.2,2026-09-01 09:02:55,0,normal,NONE
TX-002681,ACC-00387,ACC-01360,8556.18,2026-09-08 14:06:11,0,normal,NONE
TX-003563,ACC-00064,ACC-01954,9234.65,2026-09-06 13:14:07,0,normal,NONE
TX-012220,FRAUD-09-NEXTHOP,FRAUD-09-OUT-03,11925.61,2026-09-04 18:50:00,1,fan_out,NET-09
TX-006211,ACC-01829,ACC-00746,10805.22,2026-09-05 17:36:44,0,normal,NONE
TX-000218,ACC-01891,ACC-00972,1227.06,2026-09-02 10:27:06,0,normal,NONE
TX-004210,ACC-00838,ACC-00206,16857.32,2026-09-07 18:30:09,0,normal,NONE
TX-012496,ACC-01143,ACC-00017,50717.66,2026-09-02 17:38:00,0,normal_high_value,NONE
TX-012385,ACC-00311,ACC-00723,48384.71,2026-09-05 17:14:00,0,normal_high_value,NONE
TX-010947,ACC-00122,ACC-01753,2830.83,2026-09-03 08:40:34,0,normal,NONE
TX-007839,ACC-01331,ACC-01766,10068.05,2026-09-02 14:40:56,0,normal,NONE
TX-008444,ACC-01416,ACC-01056,12848.39,2026-09-02 11:10:49,0,normal,NONE
TX-012388,ACC-01317,ACC-01905,64614.8,2026-09-08 09:59:00,0,normal_high_value,NONE
TX-000511,ACC-00003,ACC-00438,8592.98,2026-09-03 15:33:43,0,normal,NONE
TX-000701,ACC-01007,ACC-00657,4351.23,2026-09-05 09:32:14,0,normal,NONE
TX-000170,ACC-01472,ACC-01818,13674.04,2026-09-09 09:39:04,0,normal,NONE
TX-006490,ACC-01919,ACC-01556,15292.56,2026-09-08 21:29:29,0,normal,NONE
TX-009986,ACC-00398,ACC-00797,17165.39,2026-09-08 10:29:58,0,normal,NONE
TX-005958,ACC-01411,ACC-01967,17434.17,2026-09-09 22:49:35,0,normal,NONE
TX-001278,ACC-00485,ACC-01757,7974.4,2026-09-01 20:59:58,0,normal,NONE
TX-000574,ACC-00859,ACC-00409,11574.89,2026-09-09 15:40:51,0,normal,NONE
TX-009194,ACC-01632,ACC-00371,2867.33,2026-09-02 22:24:27,0,normal,NONE
TX-000040,ACC-01791,ACC-01891,1375.42,2026-09-09 11:03:41,0,normal,NONE
TX-002914,ACC-01433,ACC-01665,3008.08,2026-09-09 18:56:28,0,normal,NONE
TX-006367,ACC-01823,ACC-01694,14242.03,2026-09-01 18:20:01,0,normal,NONE
TX-002151,ACC-00974,ACC-01792,24.44,2026-09-02 09:08:32,0,normal,NONE
TX-012909,ACC-01092,ACC-01024,86471.36,2026-09-05 19:42:00,0,normal_high_value,NONE
TX-011666,ACC-01024,ACC-01071,17561.87,2026-09-03 12:17:55,0,normal,NONE
TX-007587,ACC-01774,ACC-00554,10457.18,2026-09-06 08:27:02,0,normal,NONE
TX-006460,ACC-01880,ACC-00092,2339.23,2026-09-09 12:19:04,0,normal,NONE
TX-000933,ACC-00985,ACC-01146,3581.99,2026-09-07 14:35:39,0,normal,NONE
TX-008150,ACC-00743,ACC-00056,2034.39,2026-09-07 13:26:08,0,normal,NONE
TX-003527,ACC-01747,ACC-00971,12447.59,2026-09-04 19:14:08,0,normal,NONE
TX-003853,ACC-00932,ACC-00526,5528.95,2026-09-07 09:09:52,0,normal,NONE
TX-007334,ACC-01723,ACC-00791,4839.17,2026-09-07 10:11:43,0,normal,NONE
TX-006933,ACC-00749,ACC-00677,4616.51,2026-09-01 10:32:37,0,normal,NONE
TX-008900,ACC-01868,ACC-01312,10192.12,2026-09-06 14:36:06,0,normal,NONE
TX-006497,ACC-01951,ACC-01422,17740.57,2026-09-09 21:26:30,0,normal,NONE
TX-008055,ACC-01700,ACC-01252,1147.97,2026-09-02 10:45:15,0,normal,NONE
TX-000347,ACC-00643,ACC-00858,2742.73,2026-09-04 21:32:49,0,normal,NONE
TX-004760,ACC-00181,ACC-00075,17631.02,2026-09-09 14:43:49,0,normal,NONE
TX-011157,ACC-01894,ACC-00042,1864.63,2026-09-02 22:35:21,0,normal,NONE
TX-003746,ACC-00641,ACC-00208,7321.32,2026-09-09 18:31:23,0,normal,NONE
TX-000475,ACC-01100,ACC-00383,6596.96,2026-09-04 22:07:16,0,normal,NONE
TX-010712,ACC-00660,ACC-01653,4807.65,2026-09-02 22:05:01,0,normal,NONE
TX-012894,ACC-00098,ACC-00305,78687.29,2026-09-04 17:07:00,0,normal_high_value,NONE
TX-012475,ACC-00893,ACC-00640,73030.93,2026-09-03 09:14:00,0,normal_high_value,NONE
TX-010227,ACC-00618,ACC-01528,11162.19,2026-09-06 21:25:12,0,normal,NONE
TX-008205,ACC-00465,ACC-01152,16224.6,2026-09-05 08:06:47,0,normal,NONE
TX-004098,ACC-00282,ACC-01923,3616.89,2026-09-02 20:22:17,0,normal,NONE
TX-002955,ACC-00087,ACC-00383,7270.96,2026-09-04 19:21:34,0,normal,NONE
TX-001618,ACC-00060,ACC-00329,16723.48,2026-09-06 20:49:17,0,normal,NONE
TX-001403,ACC-00083,ACC-01071,2776.42,2026-09-06 17:23:19,0,normal,NONE
TX-005520,ACC-00925,ACC-00552,12285.77,2026-09-02 10:30:43,0,normal,NONE
TX-007591,ACC-00025,ACC-01939,8944.67,2026-09-01 23:34:27,0,normal,NONE
TX-005933,ACC-01395,ACC-01403,13100.17,2026-09-03 18:00:25,0,normal,NONE
TX-001651,ACC-01462,ACC-01862,15522.54,2026-09-09 13:25:52,0,normal,NONE
TX-008782,ACC-00268,ACC-01548,10387.89,2026-09-09 18:16:44,0,normal,NONE
TX-002944,ACC-01582,ACC-01279,14019.48,2026-09-09 13:08:04,0,normal,NONE
TX-012133,FRAUD-06-SRC-08,FRAUD-06-COLLECTOR,8535.68,2026-09-03 13:14:00,1,funneling,NET-06
TX-002502,ACC-01321,ACC-00791,5098.78,2026-09-07 22:58:47,0,normal,NONE
TX-000972,ACC-00811,ACC-01506,725.74,2026-09-07 09:12:18,0,normal,NONE
TX-013100,ACC-00512,ACC-01316,26309.41,2026-09-03 12:10:00,0,normal_high_value,NONE
TX-009190,ACC-00139,ACC-00113,17771.06,2026-09-08 13:38:21,0,normal,NONE
TX-002003,ACC-01226,ACC-01515,11031.54,2026-09-02 23:08:17,0,normal,NONE
TX-009714,ACC-01606,ACC-00643,12013.5,2026-09-04 20:14:31,0,normal,NONE
TX-012117,FRAUD-05-RELAY,FRAUD-05-NEXTHOP,102731.7,2026-09-06 16:42:00,1,next_hop,NET-05
TX-009465,ACC-01714,ACC-00970,8030.51,2026-09-06 16:23:13,0,normal,NONE
TX-012204,FRAUD-09-SRC-04,FRAUD-09-COLLECTOR,3487.08,2026-09-04 18:06:00,1,funneling,NET-09
TX-001202,ACC-01629,ACC-01838,10064.62,2026-09-09 11:26:29,0,normal,NONE
TX-008479,ACC-00422,ACC-00458,1855.37,2026-09-03 18:33:06,0,normal,NONE
TX-003419,ACC-00793,ACC-01469,7917.4,2026-09-05 09:49:44,0,normal,NONE
TX-009499,ACC-01782,ACC-00408,553.2,2026-09-08 17:50:21,0,normal,NONE
TX-012529,ACC-01658,ACC-00804,21632.89,2026-09-02 14:06:00,0,normal_high_value,NONE
TX-004054,ACC-00915,ACC-00156,12659.77,2026-09-02 23:23:14,0,normal,NONE
TX-010445,ACC-01876,ACC-01675,12240.83,2026-09-09 14:44:35,0,normal,NONE
TX-001624,ACC-01517,ACC-01213,16871.05,2026-09-02 19:08:54,0,normal,NONE
TX-004352,ACC-00219,ACC-00316,3168.75,2026-09-05 17:16:04,0,normal,NONE
TX-006085,ACC-00338,ACC-00985,10009.63,2026-09-05 22:08:27,0,normal,NONE
TX-002799,ACC-01446,ACC-01669,7231.67,2026-09-04 17:42:20,0,normal,NONE
TX-005196,ACC-00965,ACC-01659,10651.53,2026-09-05 10:09:56,0,normal,NONE
TX-003016,ACC-00643,ACC-01171,6076.61,2026-09-02 16:53:12,0,normal,NONE
TX-007758,ACC-01440,ACC-01047,4444.54,2026-09-08 12:25:35,0,normal,NONE
TX-007498,ACC-01305,ACC-01813,8918.39,2026-09-07 21:32:16,0,normal,NONE
TX-012895,ACC-00633,ACC-01358,29130.05,2026-09-01 09:56:00,0,normal_high_value,NONE
TX-007765,ACC-01710,ACC-01535,5084.94,2026-09-06 23:14:04,0,normal,NONE
TX-009113,ACC-01131,ACC-01896,15938.25,2026-09-08 18:47:44,0,normal,NONE
TX-010631,ACC-00507,ACC-01395,260.2,2026-09-06 12:21:16,0,normal,NONE
TX-010674,ACC-00919,ACC-01877,12567.45,2026-09-02 09:36:01,0,normal,NONE
TX-011671,ACC-00225,ACC-01228,2488.98,2026-09-05 23:59:44,0,normal,NONE
TX-006642,ACC-01673,ACC-00971,12957.99,2026-09-07 20:55:16,0,normal,NONE
TX-011644,ACC-00005,ACC-00158,15115.66,2026-09-05 21:46:07,0,normal,NONE
TX-011805,ACC-01366,ACC-01191,1760.39,2026-09-08 09:32:56,0,normal,NONE
TX-008687,ACC-01514,ACC-01043,8692.95,2026-09-01 08:17:16,0,normal,NONE
TX-012038,FRAUD-02-SRC-13,FRAUD-02-COLLECTOR,12059.36,2026-09-06 17:24:00,1,funneling,NET-02
TX-003706,ACC-00129,ACC-01566,7892.95,2026-09-07 23:01:35,0,normal,NONE
TX-001289,ACC-01215,ACC-01694,5909.9,2026-09-05 14:05:26,0,normal,NONE
TX-006811,ACC-00922,ACC-00865,5529.5,2026-09-02 23:55:29,0,normal,NONE
TX-004925,ACC-00093,ACC-00636,12412.66,2026-09-01 15:30:43,0,normal,NONE
TX-005271,ACC-00047,ACC-01613,7232.42,2026-09-01 20:36:16,0,normal,NONE
TX-009967,ACC-01573,ACC-01161,3467.91,2026-09-06 21:31:40,0,normal,NONE
TX-004882,ACC-00444,ACC-00940,135.43,2026-09-06 10:48:07,0,normal,NONE
TX-008911,ACC-01066,ACC-00940,17053.51,2026-09-02 14:16:01,0,normal,NONE
TX-005071,ACC-01520,ACC-01995,3324.04,2026-09-02 12:26:39,0,normal,NONE
TX-012457,ACC-01529,ACC-00537,20425.72,2026-09-09 17:30:00,0,normal_high_value,NONE
TX-003572,ACC-00452,ACC-00964,3601.25,2026-09-07 16:36:27,0,normal,NONE
TX-007298,ACC-00636,ACC-00835,1480.22,2026-09-07 23:37:18,0,normal,NONE
TX-009876,ACC-01327,ACC-01935,13825.14,2026-09-07 23:42:19,0,normal,NONE
TX-012611,ACC-00083,ACC-01850,20777.26,2026-09-03 19:20:00,0,normal_high_value,NONE
TX-006324,ACC-00535,ACC-00803,3255.08,2026-09-01 23:34:56,0,normal,NONE
TX-009672,ACC-01444,ACC-01653,9054.78,2026-09-02 10:29:52,0,normal,NONE
TX-005175,ACC-01652,ACC-01681,12489.75,2026-09-05 11:35:22,0,normal,NONE
TX-012636,ACC-01377,ACC-00254,71362.91,2026-09-02 23:17:00,0,normal_high_value,NONE
TX-007350,ACC-00261,ACC-01176,4466.22,2026-09-02 14:08:25,0,normal,NONE
TX-008224,ACC-00093,ACC-00138,3937.03,2026-09-02 16:12:18,0,normal,NONE
TX-008741,ACC-01540,ACC-01951,10526.93,2026-09-01 22:25:05,0,normal,NONE
TX-001351,ACC-00017,ACC-00211,11354.77,2026-09-07 21:54:31,0,normal,NONE
TX-010538,ACC-01702,ACC-01328,14077.27,2026-09-04 08:40:29,0,normal,NONE
TX-001328,ACC-00197,ACC-01705,6626.87,2026-09-04 23:28:56,0,normal,NONE
TX-009283,ACC-00900,ACC-00289,6345.38,2026-09-08 12:42:57,0,normal,NONE
TX-002265,ACC-00963,ACC-01766,6947.97,2026-09-07 16:56:45,0,normal,NONE
TX-010127,ACC-00011,ACC-01914,16273.89,2026-09-01 11:13:48,0,normal,NONE
TX-002040,ACC-01612,ACC-00566,4686.54,2026-09-08 12:14:40,0,normal,NONE
TX-010166,ACC-01283,ACC-01954,4436.12,2026-09-05 11:46:54,0,normal,NONE
TX-011257,ACC-01192,ACC-01025,17023.94,2026-09-03 09:02:27,0,normal,NONE
TX-000211,ACC-01975,ACC-00064,1113.64,2026-09-08 20:27:43,0,normal,NONE
TX-011083,ACC-01048,ACC-01900,11094.43,2026-09-08 19:43:31,0,normal,NONE
TX-011491,ACC-01816,ACC-00589,17687.29,2026-09-08 10:12:27,0,normal,NONE
TX-000652,ACC-00456,ACC-01406,9632.74,2026-09-08 19:32:19,0,normal,NONE
TX-001594,ACC-01905,ACC-01533,7175.5,2026-09-05 08:10:52,0,normal,NONE
TX-002484,ACC-01621,ACC-01001,1215.68,2026-09-09 18:10:47,0,normal,NONE
TX-011206,ACC-00258,ACC-01007,17861.46,2026-09-07 19:49:15,0,normal,NONE
TX-004280,ACC-00767,ACC-01956,3598.88,2026-09-01 10:28:14,0,normal,NONE
TX-007757,ACC-00909,ACC-01265,10921.71,2026-09-05 17:43:49,0,normal,NONE
TX-002030,ACC-01951,ACC-01478,16785.86,2026-09-05 22:27:36,0,normal,NONE
TX-010726,ACC-01627,ACC-01234,17601.81,2026-09-05 10:34:20,0,normal,NONE
TX-006217,ACC-00318,ACC-01867,13969.03,2026-09-03 23:09:43,0,normal,NONE
TX-001671,ACC-01950,ACC-00216,14093.55,2026-09-02 13:33:46,0,normal,NONE
TX-010439,ACC-01343,ACC-00292,2533.48,2026-09-09 17:35:06,0,normal,NONE
TX-004829,ACC-00641,ACC-01548,12323.05,2026-09-08 09:59:48,0,normal,NONE
TX-007408,ACC-01356,ACC-00095,7997.55,2026-09-03 20:10:39,0,normal,NONE
TX-011296,ACC-00265,ACC-01597,17732.99,2026-09-02 19:37:03,0,normal,NONE
TX-011338,ACC-01937,ACC-00350,12086.35,2026-09-04 16:16:02,0,normal,NONE
TX-010444,ACC-00874,ACC-00835,16482.43,2026-09-08 09:52:51,0,normal,NONE
TX-007316,ACC-00264,ACC-01269,5367.45,2026-09-09 14:54:02,0,normal,NONE
TX-009495,ACC-01776,ACC-00352,2620.16,2026-09-02 21:52:22,0,normal,NONE
TX-009420,ACC-01010,ACC-00252,17712.04,2026-09-05 18:55:16,0,normal,NONE
TX-008272,ACC-01963,ACC-01819,7485.45,2026-09-04 15:30:47,0,normal,NONE
TX-007387,ACC-01963,ACC-01624,13015.46,2026-09-07 10:58:27,0,normal,NONE
TX-003209,ACC-01247,ACC-01028,701.4,2026-09-05 23:59:58,0,normal,NONE
TX-008969,ACC-01917,ACC-01889,9293.73,2026-09-01 13:25:19,0,normal,NONE
TX-001471,ACC-01545,ACC-00733,5615.16,2026-09-09 12:09:30,0,normal,NONE
TX-000485,ACC-00910,ACC-01001,3027.22,2026-09-01 15:18:02,0,normal,NONE
TX-008275,ACC-01410,ACC-01249,4992.82,2026-09-06 15:26:04,0,normal,NONE
TX-008963,ACC-00476,ACC-00435,2028.51,2026-09-02 21:25:47,0,normal,NONE
TX-000899,ACC-00921,ACC-00606,14753.15,2026-09-09 19:29:00,0,normal,NONE
TX-012516,ACC-01276,ACC-01699,87105.16,2026-09-09 08:00:00,0,normal_high_value,NONE
TX-000399,ACC-01795,ACC-00294,17742.81,2026-09-09 15:26:19,0,normal,NONE
TX-009368,ACC-01048,ACC-00220,6017.24,2026-09-01 20:28:33,0,normal,NONE
TX-003475,ACC-00387,ACC-01469,4060.46,2026-09-07 19:00:19,0,normal,NONE
TX-000909,ACC-01523,ACC-01922,16029.94,2026-09-06 09:52:39,0,normal,NONE
TX-009911,ACC-01171,ACC-01966,6129.01,2026-09-05 17:15:54,0,normal,NONE
TX-012289,ACC-00758,ACC-00823,41676.12,2026-09-06 15:57:00,0,normal_high_value,NONE
TX-011646,ACC-00577,ACC-00528,16813.39,2026-09-06 15:39:12,0,normal,NONE
TX-000593,ACC-00004,ACC-01944,12642.11,2026-09-07 09:11:38,0,normal,NONE
TX-001251,ACC-01098,ACC-00439,5186.65,2026-09-01 17:36:25,0,normal,NONE
TX-011974,ACC-01445,ACC-01014,3444.58,2026-09-06 12:41:44,0,normal,NONE
TX-011678,ACC-01065,ACC-01709,17786.58,2026-09-03 22:31:07,0,normal,NONE
TX-002996,ACC-01157,ACC-01190,12741.7,2026-09-05 17:36:11,0,normal,NONE
TX-006110,ACC-01488,ACC-01075,17114.68,2026-09-02 20:49:52,0,normal,NONE
TX-010840,ACC-00249,ACC-01734,2216.34,2026-09-08 17:10:24,0,normal,NONE
TX-013173,ACC-01157,ACC-00833,51363.13,2026-09-04 08:28:00,0,normal_high_value,NONE
TX-009984,ACC-00861,ACC-01805,4815.66,2026-09-09 14:24:08,0,normal,NONE
TX-008848,ACC-00264,ACC-00586,8620.42,2026-09-02 10:22:56,0,normal,NONE
TX-004661,ACC-01988,ACC-01163,7550.14,2026-09-07 18:54:07,0,normal,NONE
TX-013085,ACC-00543,ACC-00272,71656.5,2026-09-09 10:19:00,0,normal_high_value,NONE
TX-009835,ACC-01605,ACC-00850,4598.75,2026-09-03 13:51:26,0,normal,NONE
TX-006045,ACC-01338,ACC-00032,17282.85,2026-09-07 12:55:19,0,normal,NONE
TX-004251,ACC-00745,ACC-01457,5027.72,2026-09-08 09:55:34,0,normal,NONE
TX-000765,ACC-01375,ACC-01343,4236.9,2026-09-05 10:57:12,0,normal,NONE
TX-010903,ACC-00901,ACC-01063,4281.41,2026-09-01 10:39:56,0,normal,NONE
TX-000583,ACC-00721,ACC-01941,10226.37,2026-09-03 14:53:51,0,normal,NONE
TX-007837,ACC-00737,ACC-00095,14495.2,2026-09-01 20:39:17,0,normal,NONE
TX-009983,ACC-00809,ACC-01239,15460.2,2026-09-02 14:49:33,0,normal,NONE
TX-003489,ACC-01155,ACC-01383,4848.76,2026-09-06 22:25:37,0,normal,NONE
TX-008342,ACC-01505,ACC-01568,15318.23,2026-09-07 10:25:57,0,normal,NONE
TX-009183,ACC-00004,ACC-01393,16612.47,2026-09-06 17:19:49,0,normal,NONE
TX-003799,ACC-01998,ACC-01790,17578.77,2026-09-07 10:23:40,0,normal,NONE
TX-004650,ACC-01350,ACC-01135,3646.66,2026-09-08 21:21:36,0,normal,NONE
TX-011110,ACC-00681,ACC-01864,6916.55,2026-09-05 11:54:28,0,normal,NONE
TX-004751,ACC-00909,ACC-01068,2068.97,2026-09-01 17:54:52,0,normal,NONE
TX-010828,ACC-01188,ACC-01728,6932.58,2026-09-04 12:23:43,0,normal,NONE
TX-004326,ACC-00578,ACC-01224,12645.56,2026-09-04 12:52:26,0,normal,NONE
TX-000739,ACC-00140,ACC-01611,9102.42,2026-09-07 20:05:22,0,normal,NONE
TX-002311,ACC-01443,ACC-00415,3770.79,2026-09-05 17:53:23,0,normal,NONE
TX-011675,ACC-01691,ACC-00790,6503.48,2026-09-03 23:38:52,0,normal,NONE
TX-007894,ACC-00327,ACC-00997,10592.12,2026-09-05 13:23:10,0,normal,NONE
TX-003185,ACC-00354,ACC-01937,4444.83,2026-09-08 11:08:53,0,normal,NONE
TX-011256,ACC-01157,ACC-00846,14344.09,2026-09-03 17:12:26,0,normal,NONE
TX-007937,ACC-00972,ACC-01813,9350.31,2026-09-05 20:08:41,0,normal,NONE
TX-007497,ACC-01251,ACC-00398,14176.83,2026-09-04 21:31:22,0,normal,NONE
TX-010779,ACC-00921,ACC-01840,15378.85,2026-09-05 23:07:41,0,normal,NONE
TX-003659,ACC-01745,ACC-01743,4055.6,2026-09-03 10:52:41,0,normal,NONE
TX-007891,ACC-01081,ACC-01914,17733.82,2026-09-03 10:56:27,0,normal,NONE
TX-004815,ACC-01896,ACC-00059,1160.57,2026-09-03 18:35:22,0,normal,NONE
TX-000751,ACC-00112,ACC-00365,14299.98,2026-09-09 10:36:52,0,normal,NONE
TX-001982,ACC-00787,ACC-01548,17520.29,2026-09-02 09:39:16,0,normal,NONE
TX-005770,ACC-01793,ACC-01823,17228.11,2026-09-05 10:35:14,0,normal,NONE
TX-008553,ACC-01822,ACC-01587,2440.37,2026-09-03 13:12:00,0,normal,NONE
TX-005503,ACC-00359,ACC-00780,15987.38,2026-09-04 22:37:16,0,normal,NONE
TX-006691,ACC-00369,ACC-01862,7025.62,2026-09-07 11:21:57,0,normal,NONE
TX-001840,ACC-01651,ACC-00067,12025.43,2026-09-07 14:14:49,0,normal,NONE
TX-012101,FRAUD-05-SRC-01,FRAUD-05-COLLECTOR,12571.29,2026-09-06 16:00:00,1,funneling,NET-05
TX-001036,ACC-01092,ACC-00945,7226.68,2026-09-07 15:39:15,0,normal,NONE
TX-001276,ACC-01981,ACC-01854,10912.55,2026-09-01 15:16:35,0,normal,NONE
TX-009140,ACC-00068,ACC-00634,426.17,2026-09-06 13:47:42,0,normal,NONE
TX-008940,ACC-00869,ACC-00525,4457.79,2026-09-06 12:08:06,0,normal,NONE
TX-003015,ACC-00202,ACC-01377,14954.44,2026-09-03 14:51:33,0,normal,NONE
TX-005925,ACC-01003,ACC-01364,12547.17,2026-09-04 22:39:42,0,normal,NONE
TX-002789,ACC-01631,ACC-01511,172.65,2026-09-09 21:31:57,0,normal,NONE
TX-006373,ACC-01922,ACC-01275,11554.19,2026-09-04 12:48:54,0,normal,NONE
TX-007013,ACC-00651,ACC-00534,7051.86,2026-09-08 14:38:15,0,normal,NONE
TX-003367,ACC-01814,ACC-01613,5054.37,2026-09-01 10:31:33,0,normal,NONE
TX-007820,ACC-01770,ACC-00241,4675.83,2026-09-01 12:07:23,0,normal,NONE
TX-011180,ACC-00695,ACC-01148,16755.23,2026-09-03 18:55:25,0,normal,NONE
TX-010363,ACC-00893,ACC-00459,5904.79,2026-09-07 09:55:06,0,normal,NONE
TX-006114,ACC-01923,ACC-01173,6868.4,2026-09-04 20:28:11,0,normal,NONE
TX-010459,ACC-00029,ACC-00723,17406.62,2026-09-04 20:03:29,0,normal,NONE
TX-001955,ACC-01792,ACC-01061,8294.77,2026-09-01 10:03:17,0,normal,NONE
TX-001370,ACC-00343,ACC-01291,2142.71,2026-09-04 19:10:46,0,normal,NONE
TX-000741,ACC-00448,ACC-01947,13552.75,2026-09-09 23:35:52,0,normal,NONE
TX-010524,ACC-01805,ACC-00803,15296.87,2026-09-09 14:35:33,0,normal,NONE
TX-002349,ACC-00134,ACC-00890,17028.01,2026-09-05 15:44:05,0,normal,NONE
TX-001189,ACC-01958,ACC-01312,15019.69,2026-09-08 11:41:42,0,normal,NONE
TX-002457,ACC-01447,ACC-01733,15836.5,2026-09-03 12:52:52,0,normal,NONE
TX-011826,ACC-00416,ACC-01466,2690.3,2026-09-09 21:20:12,0,normal,NONE
TX-001571,ACC-00188,ACC-00356,10675.5,2026-09-04 15:32:05,0,normal,NONE
TX-008349,ACC-00271,ACC-00224,11756.55,2026-09-07 13:03:57,0,normal,NONE
TX-002253,ACC-01789,ACC-00364,7212.98,2026-09-01 18:48:29,0,normal,NONE
TX-007690,ACC-01988,ACC-01479,11910.25,2026-09-04 11:40:02,0,normal,NONE
TX-007641,ACC-00197,ACC-00458,14277.61,2026-09-08 09:42:16,0,normal,NONE
TX-008294,ACC-00808,ACC-00122,15688.65,2026-09-06 18:30:13,0,normal,NONE
TX-011087,ACC-01229,ACC-01350,10502.01,2026-09-01 21:38:36,0,normal,NONE
TX-004116,ACC-00876,ACC-00103,5498.95,2026-09-07 11:18:14,0,normal,NONE
TX-013103,ACC-00071,ACC-01801,86989.55,2026-09-09 14:19:00,0,normal_high_value,NONE
TX-009845,ACC-01246,ACC-01561,15160.33,2026-09-01 21:43:15,0,normal,NONE
TX-007696,ACC-01833,ACC-01583,1230.24,2026-09-02 15:55:28,0,normal,NONE
TX-003388,ACC-00080,ACC-01527,7738.22,2026-09-04 15:45:16,0,normal,NONE
TX-006193,ACC-01761,ACC-01390,3396.53,2026-09-09 12:27:59,0,normal,NONE
TX-010598,ACC-01421,ACC-00717,13081.95,2026-09-05 17:58:30,0,normal,NONE
TX-008248,ACC-00746,ACC-00708,16167.35,2026-09-03 19:44:32,0,normal,NONE
TX-013160,ACC-01846,ACC-00057,73140.68,2026-09-04 09:34:00,0,normal_high_value,NONE
TX-010453,ACC-01300,ACC-00673,16484.53,2026-09-05 17:01:13,0,normal,NONE
TX-012657,ACC-00704,ACC-00553,73906.14,2026-09-05 17:17:00,0,normal_high_value,NONE
TX-010577,ACC-00278,ACC-00692,9066.84,2026-09-03 15:01:08,0,normal,NONE
TX-004354,ACC-01642,ACC-01737,15000.72,2026-09-04 21:58:34,0,normal,NONE
TX-002513,ACC-00964,ACC-00223,9780.06,2026-09-08 17:57:53,0,normal,NONE
TX-009162,ACC-00992,ACC-01515,15916.21,2026-09-04 14:18:45,0,normal,NONE
TX-011354,ACC-01180,ACC-01787,3270.91,2026-09-01 20:44:27,0,normal,NONE
TX-001924,ACC-01076,ACC-01031,3028.14,2026-09-03 11:06:19,0,normal,NONE
TX-010070,ACC-00549,ACC-01555,5423.53,2026-09-04 10:09:46,0,normal,NONE
TX-003276,ACC-01004,ACC-01549,7986.87,2026-09-09 08:36:28,0,normal,NONE
TX-005197,ACC-01038,ACC-01770,13749.3,2026-09-07 21:37:06,0,normal,NONE
TX-001607,ACC-00007,ACC-00936,15672.34,2026-09-07 12:01:38,0,normal,NONE
TX-011863,ACC-01085,ACC-01480,17730.67,2026-09-07 16:32:17,0,normal,NONE
TX-011734,ACC-01634,ACC-01912,8654.68,2026-09-02 14:31:54,0,normal,NONE
TX-004193,ACC-00924,ACC-01252,3387.49,2026-09-07 08:19:07,0,normal,NONE
TX-004521,ACC-00585,ACC-00816,14111.9,2026-09-05 22:25:11,0,normal,NONE
TX-006129,ACC-01636,ACC-00541,13241.63,2026-09-09 22:41:47,0,normal,NONE
TX-002615,ACC-01168,ACC-01507,13455.97,2026-09-04 17:23:29,0,normal,NONE
TX-004992,ACC-01181,ACC-01620,17072.08,2026-09-08 18:19:02,0,normal,NONE
TX-004321,ACC-01626,ACC-01659,16990.18,2026-09-05 21:46:04,0,normal,NONE
TX-000249,ACC-00926,ACC-00078,1042.88,2026-09-05 10:41:55,0,normal,NONE
TX-011760,ACC-01548,ACC-00449,8520.49,2026-09-01 11:07:02,0,normal,NONE
TX-011752,ACC-01218,ACC-01531,4567.05,2026-09-05 16:39:13,0,normal,NONE
TX-004090,ACC-00456,ACC-00783,15342.16,2026-09-01 21:01:59,0,normal,NONE
TX-010450,ACC-00446,ACC-00746,5996.84,2026-09-04 09:07:10,0,normal,NONE
TX-004795,ACC-01301,ACC-00591,17894.68,2026-09-06 23:56:50,0,normal,NONE
TX-004924,ACC-01258,ACC-01764,9493.36,2026-09-05 09:48:54,0,normal,NONE
TX-008061,ACC-01725,ACC-01096,10745.53,2026-09-01 21:43:03,0,normal,NONE
TX-000563,ACC-00101,ACC-01387,5393.16,2026-09-03 08:25:54,0,normal,NONE
TX-007307,ACC-01450,ACC-00981,9980.12,2026-09-03 12:01:02,0,normal,NONE
TX-007728,ACC-01138,ACC-01191,17837.78,2026-09-03 21:52:25,0,normal,NONE
TX-001670,ACC-01635,ACC-00463,4940.17,2026-09-02 20:14:24,0,normal,NONE
TX-007278,ACC-01435,ACC-00254,14889.16,2026-09-07 21:29:54,0,normal,NONE
TX-005479,ACC-01204,ACC-01142,11030.15,2026-09-06 16:25:19,0,normal,NONE
TX-006635,ACC-01987,ACC-00284,11919.47,2026-09-01 17:45:17,0,normal,NONE
TX-011821,ACC-01318,ACC-01490,10851.44,2026-09-04 08:21:35,0,normal,NONE
TX-000915,ACC-01094,ACC-01229,7985.36,2026-09-06 18:35:20,0,normal,NONE
TX-012925,ACC-01744,ACC-01694,36722.21,2026-09-01 17:03:00,0,normal_high_value,NONE
TX-011102,ACC-00996,ACC-01073,1224.06,2026-09-04 17:54:10,0,normal,NONE
TX-011499,ACC-01017,ACC-00122,5273.19,2026-09-08 15:17:19,0,normal,NONE
TX-004960,ACC-01216,ACC-00360,653.48,2026-09-03 15:30:24,0,normal,NONE
TX-005901,ACC-01652,ACC-00083,3505.08,2026-09-06 12:48:09,0,normal,NONE
TX-005717,ACC-00848,ACC-01302,11683.63,2026-09-05 17:29:55,0,normal,NONE
TX-005319,ACC-01540,ACC-00529,5361.26,2026-09-05 14:40:56,0,normal,NONE
TX-006197,ACC-01212,ACC-00085,4401.34,2026-09-09 11:36:27,0,normal,NONE
TX-010708,ACC-00835,ACC-01109,8742.76,2026-09-08 19:09:05,0,normal,NONE
TX-013038,ACC-01414,ACC-00386,60265.13,2026-09-05 23:26:00,0,normal_high_value,NONE
TX-003464,ACC-00146,ACC-01401,432.06,2026-09-03 10:26:43,0,normal,NONE
TX-000863,ACC-01511,ACC-00582,7988.02,2026-09-03 12:33:53,0,normal,NONE
TX-012739,ACC-01415,ACC-01200,51930.18,2026-09-07 17:50:00,0,normal_high_value,NONE
TX-009351,ACC-00922,ACC-01091,965.73,2026-09-05 15:30:05,0,normal,NONE
TX-010291,ACC-01255,ACC-01416,14571.57,2026-09-05 14:10:27,0,normal,NONE
TX-003352,ACC-01070,ACC-01183,10072.04,2026-09-03 20:00:19,0,normal,NONE
TX-006729,ACC-01734,ACC-00967,851.37,2026-09-02 15:50:31,0,normal,NONE
TX-008543,ACC-01423,ACC-01338,10127.02,2026-09-03 14:24:54,0,normal,NONE
TX-001321,ACC-01217,ACC-01348,124.38,2026-09-01 22:20:46,0,normal,NONE
TX-007188,ACC-01042,ACC-01846,15047.9,2026-09-09 15:42:30,0,normal,NONE
TX-005407,ACC-01581,ACC-00578,4492.18,2026-09-04 09:01:01,0,normal,NONE
TX-001497,ACC-00416,ACC-00926,15539.77,2026-09-07 14:19:27,0,normal,NONE
TX-012226,FRAUD-10-SRC-01,FRAUD-10-COLLECTOR,5809.39,2026-09-03 12:00:00,1,funneling,NET-10
TX-006861,ACC-01668,ACC-01304,13549.09,2026-09-08 16:10:02,0,normal,NONE
TX-000181,ACC-00736,ACC-01178,5339.79,2026-09-05 08:53:42,0,normal,NONE
TX-008890,ACC-00598,ACC-00431,10960.22,2026-09-06 14:41:17,0,normal,NONE
TX-006760,ACC-00314,ACC-00493,10447.32,2026-09-06 12:13:04,0,normal,NONE
TX-004149,ACC-01251,ACC-00858,8104.55,2026-09-07 13:04:39,0,normal,NONE
TX-010858,ACC-00087,ACC-01446,7065.93,2026-09-08 12:14:21,0,normal,NONE
TX-005293,ACC-01002,ACC-00740,5370.08,2026-09-05 10:25:17,0,normal,NONE
TX-001956,ACC-01700,ACC-01331,1944.74,2026-09-02 17:36:30,0,normal,NONE
TX-001058,ACC-00990,ACC-01444,6647.04,2026-09-08 10:09:46,0,normal,NONE
TX-005467,ACC-01633,ACC-01200,10513.25,2026-09-07 20:22:13,0,normal,NONE
TX-005045,ACC-01771,ACC-00620,14900.5,2026-09-01 14:20:38,0,normal,NONE
TX-008014,ACC-00915,ACC-01928,11973.7,2026-09-06 22:54:59,0,normal,NONE
TX-003834,ACC-00989,ACC-01464,11097.94,2026-09-02 12:09:48,0,normal,NONE
TX-001400,ACC-00265,ACC-01983,12687.35,2026-09-09 11:44:13,0,normal,NONE
TX-006389,ACC-00339,ACC-00597,11403.28,2026-09-08 18:25:04,0,normal,NONE
TX-006845,ACC-01665,ACC-01820,10047.54,2026-09-05 18:47:12,0,normal,NONE
TX-009649,ACC-01905,ACC-00670,1185.03,2026-09-05 08:19:32,0,normal,NONE
TX-012588,ACC-00855,ACC-00750,57921.44,2026-09-01 17:11:00,0,normal_high_value,NONE
TX-013069,ACC-00128,ACC-01191,76516.78,2026-09-03 12:17:00,0,normal_high_value,NONE
TX-004292,ACC-01988,ACC-00498,17888.89,2026-09-08 23:51:46,0,normal,NONE
TX-004891,ACC-00401,ACC-01116,15232.29,2026-09-09 23:47:18,0,normal,NONE
TX-012635,ACC-01201,ACC-00345,61594.27,2026-09-03 15:32:00,0,normal_high_value,NONE
TX-006927,ACC-00229,ACC-00330,6748.83,2026-09-03 16:33:49,0,normal,NONE
TX-009227,ACC-00589,ACC-01831,10938.12,2026-09-04 14:27:54,0,normal,NONE
TX-008676,ACC-01855,ACC-01833,15143.38,2026-09-04 23:04:22,0,normal,NONE
TX-010420,ACC-00271,ACC-00434,13205.8,2026-09-06 18:16:23,0,normal,NONE
TX-001211,ACC-01885,ACC-01233,3713.11,2026-09-04 13:42:22,0,normal,NONE
TX-007128,ACC-01152,ACC-01552,6427.4,2026-09-09 08:12:14,0,normal,NONE
TX-009256,ACC-00193,ACC-00545,4247.61,2026-09-05 10:40:57,0,normal,NONE
TX-006879,ACC-01079,ACC-00048,15778.56,2026-09-03 16:22:37,0,normal,NONE
TX-004914,ACC-01511,ACC-00195,9961.0,2026-09-09 11:57:00,0,normal,NONE
TX-012176,FRAUD-08-SRC-01,FRAUD-08-COLLECTOR,13620.94,2026-09-07 09:00:00,1,funneling,NET-08
TX-000901,ACC-00746,ACC-01590,11171.15,2026-09-06 10:42:34,0,normal,NONE
TX-012784,ACC-00052,ACC-00476,49090.95,2026-09-05 08:37:00,0,normal_high_value,NONE
TX-005685,ACC-01265,ACC-01183,10049.98,2026-09-04 13:16:23,0,normal,NONE
TX-004092,ACC-00820,ACC-00228,16623.97,2026-09-07 09:30:27,0,normal,NONE
TX-011780,ACC-01984,ACC-01034,2617.22,2026-09-01 22:24:54,0,normal,NONE
TX-006428,ACC-01048,ACC-01181,3449.22,2026-09-07 14:42:40,0,normal,NONE
TX-003061,ACC-01277,ACC-01248,9762.6,2026-09-09 08:10:08,0,normal,NONE
TX-001770,ACC-01009,ACC-01091,9661.1,2026-09-04 20:05:37,0,normal,NONE
TX-012102,FRAUD-05-SRC-02,FRAUD-05-COLLECTOR,5882.54,2026-09-06 16:02:00,1,funneling,NET-05
TX-010039,ACC-01604,ACC-00580,13153.07,2026-09-03 08:21:43,0,normal,NONE
TX-004563,ACC-01924,ACC-01359,16507.92,2026-09-04 19:23:49,0,normal,NONE
TX-005480,ACC-00821,ACC-00428,14756.59,2026-09-09 22:00:06,0,normal,NONE
TX-001435,ACC-00432,ACC-01251,9096.67,2026-09-06 18:40:16,0,normal,NONE
TX-013235,ACC-01461,ACC-00537,74547.8,2026-09-07 15:06:00,0,normal_high_value,NONE
TX-000093,ACC-00563,ACC-00901,1413.15,2026-09-05 15:17:21,0,normal,NONE
TX-006748,ACC-00099,ACC-00776,15664.2,2026-09-07 13:32:52,0,normal,NONE
TX-006238,ACC-00581,ACC-01951,16905.53,2026-09-09 11:48:48,0,normal,NONE
TX-010705,ACC-00145,ACC-00010,2480.12,2026-09-04 23:00:40,0,normal,NONE
TX-008874,ACC-01681,ACC-01991,10732.72,2026-09-01 11:23:56,0,normal,NONE
TX-010052,ACC-01150,ACC-00927,17388.63,2026-09-04 18:07:24,0,normal,NONE
TX-011751,ACC-01208,ACC-00879,5960.58,2026-09-02 13:40:15,0,normal,NONE
TX-004865,ACC-01804,ACC-00114,3078.42,2026-09-06 20:28:48,0,normal,NONE
TX-005906,ACC-01680,ACC-00529,13964.56,2026-09-01 20:14:21,0,normal,NONE
TX-001733,ACC-00424,ACC-00377,84.74,2026-09-04 08:56:59,0,normal,NONE
TX-010848,ACC-01341,ACC-01167,10357.08,2026-09-08 13:25:49,0,normal,NONE
TX-012533,ACC-00289,ACC-01678,42368.49,2026-09-05 09:52:00,0,normal_high_value,NONE
TX-002547,ACC-01898,ACC-00167,3356.64,2026-09-02 08:27:50,0,normal,NONE
TX-005796,ACC-01388,ACC-00845,5450.29,2026-09-06 13:12:07,0,normal,NONE
TX-002663,ACC-00372,ACC-00949,4959.85,2026-09-07 09:16:37,0,normal,NONE
TX-006001,ACC-01456,ACC-01322,14042.85,2026-09-04 14:03:11,0,normal,NONE
TX-007671,ACC-00114,ACC-01898,17240.32,2026-09-06 10:57:58,0,normal,NONE
TX-008693,ACC-00713,ACC-00759,14149.51,2026-09-04 10:23:46,0,normal,NONE
TX-008986,ACC-01224,ACC-00936,11469.2,2026-09-01 22:38:50,0,normal,NONE
TX-001085,ACC-00519,ACC-00604,8415.86,2026-09-02 22:59:17,0,normal,NONE
TX-006292,ACC-01382,ACC-00496,7305.18,2026-09-08 09:09:29,0,normal,NONE
TX-008016,ACC-00911,ACC-00121,5782.48,2026-09-02 12:22:05,0,normal,NONE
TX-008929,ACC-01188,ACC-01691,6880.17,2026-09-06 20:41:29,0,normal,NONE
TX-000429,ACC-00777,ACC-00773,9957.57,2026-09-01 08:44:10,0,normal,NONE
TX-005615,ACC-01857,ACC-01109,11690.95,2026-09-01 19:24:18,0,normal,NONE
TX-003989,ACC-01086,ACC-00033,13978.17,2026-09-08 17:52:04,0,normal,NONE
TX-009288,ACC-01059,ACC-00140,14371.87,2026-09-06 13:20:08,0,normal,NONE
TX-005523,ACC-01768,ACC-00883,1891.23,2026-09-03 19:35:18,0,normal,NONE
TX-003438,ACC-01067,ACC-00383,1417.72,2026-09-08 22:56:01,0,normal,NONE
TX-005432,ACC-00839,ACC-01148,9948.76,2026-09-04 17:04:02,0,normal,NONE
TX-012820,ACC-00142,ACC-01474,55758.95,2026-09-06 12:06:00,0,normal_high_value,NONE
TX-008702,ACC-01756,ACC-00864,17343.46,2026-09-01 16:44:55,0,normal,NONE
TX-004032,ACC-00002,ACC-01036,15467.74,2026-09-07 17:52:00,0,normal,NONE
TX-001397,ACC-01387,ACC-01078,7261.51,2026-09-09 20:55:16,0,normal,NONE
TX-001431,ACC-00002,ACC-00124,16804.45,2026-09-08 16:38:16,0,normal,NONE
TX-003756,ACC-01320,ACC-01068,16533.63,2026-09-03 21:59:02,0,normal,NONE
TX-005994,ACC-00150,ACC-01917,16721.91,2026-09-08 19:33:35,0,normal,NONE
TX-000409,ACC-01858,ACC-00682,5471.32,2026-09-01 14:59:12,0,normal,NONE
TX-007904,ACC-00866,ACC-01532,13093.8,2026-09-05 09:20:59,0,normal,NONE
TX-001936,ACC-01022,ACC-01899,12345.77,2026-09-08 12:33:18,0,normal,NONE
TX-007259,ACC-00556,ACC-01830,13099.87,2026-09-09 23:24:16,0,normal,NONE
TX-002255,ACC-00857,ACC-01996,7540.49,2026-09-04 08:39:14,0,normal,NONE
TX-001609,ACC-01406,ACC-01350,15659.96,2026-09-09 21:42:12,0,normal,NONE
TX-011122,ACC-01852,ACC-01792,732.13,2026-09-03 23:32:27,0,normal,NONE
TX-005614,ACC-01506,ACC-00830,1878.56,2026-09-03 13:55:09,0,normal,NONE
TX-005897,ACC-01746,ACC-00973,14376.01,2026-09-05 18:25:20,0,normal,NONE
TX-003976,ACC-01127,ACC-00186,1700.63,2026-09-06 08:52:07,0,normal,NONE
TX-013058,ACC-01214,ACC-00576,37102.55,2026-09-08 17:31:00,0,normal_high_value,NONE
TX-012165,FRAUD-07-SRC-15,FRAUD-07-COLLECTOR,6402.79,2026-09-07 16:28:00,1,funneling,NET-07
TX-008082,ACC-01118,ACC-01563,16074.6,2026-09-06 15:10:57,0,normal,NONE
TX-000042,ACC-00995,ACC-00986,3863.18,2026-09-07 09:10:24,0,normal,NONE
TX-006572,ACC-01986,ACC-00054,6422.61,2026-09-01 14:04:35,0,normal,NONE
TX-008028,ACC-01254,ACC-01605,5359.42,2026-09-07 13:07:19,0,normal,NONE
TX-010978,ACC-01996,ACC-01170,8438.11,2026-09-07 13:04:54,0,normal,NONE
TX-013169,ACC-01867,ACC-00649,20449.18,2026-09-01 17:45:00,0,normal_high_value,NONE
TX-007978,ACC-01306,ACC-00312,1722.01,2026-09-09 10:20:16,0,normal,NONE
TX-011148,ACC-00162,ACC-00866,3126.98,2026-09-05 13:08:06,0,normal,NONE
TX-009816,ACC-00670,ACC-01065,13694.27,2026-09-04 22:13:21,0,normal,NONE
TX-010482,ACC-01027,ACC-00619,2511.78,2026-09-07 23:52:53,0,normal,NONE
TX-007019,ACC-01015,ACC-01593,9160.87,2026-09-01 09:36:20,0,normal,NONE
TX-005578,ACC-01497,ACC-01715,10308.96,2026-09-08 12:29:06,0,normal,NONE
TX-006168,ACC-01724,ACC-01575,6335.82,2026-09-04 21:59:55,0,normal,NONE
TX-010831,ACC-00461,ACC-00173,13694.59,2026-09-02 20:44:42,0,normal,NONE
TX-012577,ACC-00125,ACC-00020,52738.21,2026-09-04 20:21:00,0,normal_high_value,NONE
TX-001422,ACC-00120,ACC-00611,7031.12,2026-09-06 12:26:57,0,normal,NONE
TX-006128,ACC-01720,ACC-01010,11848.2,2026-09-06 20:51:55,0,normal,NONE
TX-002678,ACC-01530,ACC-01437,7044.96,2026-09-06 09:32:50,0,normal,NONE
TX-000820,ACC-01510,ACC-01442,1253.74,2026-09-02 17:46:53,0,normal,NONE
TX-008679,ACC-00062,ACC-01268,16448.05,2026-09-06 15:46:04,0,normal,NONE
TX-010797,ACC-01961,ACC-01994,3291.42,2026-09-08 16:41:25,0,normal,NONE
TX-010679,ACC-01423,ACC-00996,14011.3,2026-09-06 08:09:55,0,normal,NONE
TX-004464,ACC-00616,ACC-00961,13595.41,2026-09-04 10:16:59,0,normal,NONE
TX-009929,ACC-01213,ACC-01990,7161.85,2026-09-03 08:06:50,0,normal,NONE
TX-009170,ACC-01373,ACC-01625,6418.69,2026-09-06 15:50:22,0,normal,NONE
TX-001286,ACC-01287,ACC-00626,5660.72,2026-09-02 11:10:15,0,normal,NONE
TX-003785,ACC-01182,ACC-00097,6679.91,2026-09-03 21:59:27,0,normal,NONE
TX-009367,ACC-00986,ACC-01898,3279.99,2026-09-06 15:03:48,0,normal,NONE
TX-002443,ACC-01636,ACC-01794,9153.03,2026-09-07 12:49:34,0,normal,NONE
TX-004677,ACC-00550,ACC-00260,6990.81,2026-09-05 14:13:48,0,normal,NONE
TX-001092,ACC-01020,ACC-00305,11758.52,2026-09-01 09:42:24,0,normal,NONE
TX-002993,ACC-00702,ACC-00612,4288.91,2026-09-09 12:26:02,0,normal,NONE
TX-000074,ACC-00237,ACC-00789,16193.1,2026-09-04 16:02:45,0,normal,NONE
TX-007977,ACC-00335,ACC-00151,11476.41,2026-09-02 13:25:19,0,normal,NONE
TX-009007,ACC-00769,ACC-01007,7282.32,2026-09-01 17:03:50,0,normal,NONE
TX-003888,ACC-01904,ACC-00197,9430.58,2026-09-02 18:05:42,0,normal,NONE
TX-006073,ACC-01210,ACC-00315,8994.56,2026-09-05 14:29:27,0,normal,NONE
TX-012266,ACC-01086,ACC-01451,89621.07,2026-09-01 13:19:00,0,normal_high_value,NONE
TX-000292,ACC-00680,ACC-00560,2258.06,2026-09-06 21:56:25,0,normal,NONE
TX-009765,ACC-01349,ACC-00711,14572.17,2026-09-07 17:09:26,0,normal,NONE
TX-003448,ACC-01656,ACC-01433,10877.65,2026-09-04 10:35:24,0,normal,NONE
TX-013093,ACC-00237,ACC-01552,31585.92,2026-09-02 21:27:00,0,normal_high_value,NONE
TX-013239,ACC-00402,ACC-00107,61936.53,2026-09-07 13:01:00,0,normal_high_value,NONE
TX-009850,ACC-00483,ACC-00958,13744.91,2026-09-06 22:11:49,0,normal,NONE
TX-012142,FRAUD-06-RELAY,FRAUD-06-NEXTHOP,103465.3,2026-09-03 13:42:00,1,next_hop,NET-06
TX-003026,ACC-01945,ACC-00908,11564.48,2026-09-03 09:46:23,0,normal,NONE
TX-009467,ACC-01270,ACC-01120,6857.37,2026-09-03 21:38:11,0,normal,NONE
TX-010129,ACC-01002,ACC-01499,1775.22,2026-09-08 15:32:51,0,normal,NONE
TX-000319,ACC-00621,ACC-01259,9611.93,2026-09-09 13:37:37,0,normal,NONE
TX-002933,ACC-00535,ACC-00327,1549.03,2026-09-03 23:18:31,0,normal,NONE
TX-010404,ACC-01297,ACC-00372,2455.51,2026-09-09 15:52:36,0,normal,NONE
TX-006210,ACC-01261,ACC-00079,326.14,2026-09-01 17:55:21,0,normal,NONE
TX-003155,ACC-00408,ACC-00979,5003.77,2026-09-09 14:03:39,0,normal,NONE
TX-001826,ACC-01368,ACC-01185,11104.89,2026-09-06 18:00:09,0,normal,NONE
TX-003847,ACC-00443,ACC-01261,8317.39,2026-09-04 09:41:28,0,normal,NONE
TX-011857,ACC-00834,ACC-01346,16559.63,2026-09-09 11:34:07,0,normal,NONE
TX-012649,ACC-00052,ACC-01277,76892.09,2026-09-09 10:46:00,0,normal_high_value,NONE
TX-003071,ACC-01360,ACC-01994,8316.08,2026-09-09 23:24:34,0,normal,NONE
TX-013236,ACC-01659,ACC-01094,85797.51,2026-09-02 18:58:00,0,normal_high_value,NONE
TX-008770,ACC-01109,ACC-00603,10025.12,2026-09-07 10:50:40,0,normal,NONE
TX-004282,ACC-00193,ACC-00648,7629.98,2026-09-06 22:36:03,0,normal,NONE
TX-009214,ACC-01636,ACC-01290,11513.14,2026-09-01 13:11:21,0,normal,NONE
TX-010718,ACC-00048,ACC-00082,5524.91,2026-09-04 08:43:28,0,normal,NONE
TX-001831,ACC-00430,ACC-01951,3457.04,2026-09-01 19:52:23,0,normal,NONE
TX-011945,ACC-00073,ACC-00473,3054.25,2026-09-02 15:50:54,0,normal,NONE
TX-000086,ACC-01179,ACC-00399,12935.86,2026-09-07 23:25:15,0,normal,NONE
TX-009554,ACC-00503,ACC-00687,13272.36,2026-09-09 13:30:47,0,normal,NONE
TX-001220,ACC-00084,ACC-00169,5919.52,2026-09-02 20:18:29,0,normal,NONE
TX-008438,ACC-01452,ACC-01589,11096.84,2026-09-05 10:27:13,0,normal,NONE
TX-006072,ACC-00976,ACC-01049,7274.41,2026-09-03 11:23:36,0,normal,NONE
TX-003326,ACC-00431,ACC-00354,9317.12,2026-09-09 09:45:36,0,normal,NONE
TX-002895,ACC-00883,ACC-01961,10132.59,2026-09-02 11:36:57,0,normal,NONE
TX-010470,ACC-00465,ACC-01234,16376.68,2026-09-08 10:03:59,0,normal,NONE
TX-013221,ACC-00322,ACC-00248,46137.88,2026-09-06 12:16:00,0,normal_high_value,NONE
TX-006012,ACC-00024,ACC-01210,12248.28,2026-09-06 09:26:52,0,normal,NONE
TX-000595,ACC-00289,ACC-00679,13421.27,2026-09-04 19:20:10,0,normal,NONE
TX-006480,ACC-01138,ACC-01841,12346.93,2026-09-08 20:49:19,0,normal,NONE
TX-002158,ACC-00749,ACC-01752,8400.04,2026-09-06 21:13:39,0,normal,NONE
TX-010393,ACC-01496,ACC-00395,13252.59,2026-09-06 10:51:38,0,normal,NONE
TX-007890,ACC-00007,ACC-01154,9136.01,2026-09-07 14:25:29,0,normal,NONE
TX-010619,ACC-00718,ACC-00165,3851.88,2026-09-07 16:33:07,0,normal,NONE
TX-012848,ACC-00151,ACC-01106,48501.22,2026-09-09 11:56:00,0,normal_high_value,NONE
TX-012414,ACC-01779,ACC-00209,37603.1,2026-09-09 23:27:00,0,normal_high_value,NONE
TX-010776,ACC-00305,ACC-00736,5275.63,2026-09-08 08:59:36,0,normal,NONE
TX-000062,ACC-00304,ACC-00881,2311.47,2026-09-05 19:57:59,0,normal,NONE
TX-007451,ACC-01045,ACC-01877,13393.53,2026-09-08 09:33:46,0,normal,NONE
TX-004103,ACC-01657,ACC-00143,8531.4,2026-09-06 11:32:35,0,normal,NONE
TX-009454,ACC-00598,ACC-00275,10662.72,2026-09-01 20:42:51,0,normal,NONE
TX-004619,ACC-00973,ACC-01759,17829.51,2026-09-01 20:14:08,0,normal,NONE
TX-010494,ACC-01664,ACC-00626,8424.13,2026-09-09 10:20:43,0,normal,NONE
TX-010946,ACC-01754,ACC-00723,6066.01,2026-09-09 18:55:42,0,normal,NONE
TX-008455,ACC-00651,ACC-00941,8007.76,2026-09-07 23:45:30,0,normal,NONE
TX-010367,ACC-00704,ACC-00688,9098.73,2026-09-04 12:50:27,0,normal,NONE
TX-013147,ACC-00757,ACC-01692,22311.59,2026-09-03 14:21:00,0,normal_high_value,NONE
TX-004008,ACC-01447,ACC-00361,3174.43,2026-09-03 23:06:06,0,normal,NONE
TX-007748,ACC-01153,ACC-01667,16308.64,2026-09-01 19:38:24,0,normal,NONE
TX-004636,ACC-01350,ACC-00965,11672.89,2026-09-07 10:08:01,0,normal,NONE
TX-000959,ACC-01092,ACC-01943,12955.54,2026-09-03 18:53:56,0,normal,NONE
TX-003012,ACC-01563,ACC-00735,9810.12,2026-09-03 21:42:17,0,normal,NONE
TX-001514,ACC-00263,ACC-00626,16981.5,2026-09-01 23:51:42,0,normal,NONE
TX-004668,ACC-00707,ACC-01992,8879.58,2026-09-08 12:23:07,0,normal,NONE
TX-001480,ACC-00378,ACC-01692,17818.01,2026-09-06 08:04:22,0,normal,NONE
TX-010442,ACC-01437,ACC-00312,11773.94,2026-09-03 12:45:02,0,normal,NONE
TX-004107,ACC-00345,ACC-00449,4850.65,2026-09-07 18:50:12,0,normal,NONE
TX-007886,ACC-01727,ACC-01137,13947.84,2026-09-03 14:12:56,0,normal,NONE
TX-005810,ACC-01492,ACC-00158,1688.94,2026-09-01 18:49:56,0,normal,NONE
TX-002237,ACC-01227,ACC-01619,17566.64,2026-09-06 11:14:14,0,normal,NONE
TX-005853,ACC-01672,ACC-01081,11318.0,2026-09-09 16:12:55,0,normal,NONE
TX-003546,ACC-00358,ACC-00822,11906.55,2026-09-09 17:42:25,0,normal,NONE
TX-003335,ACC-00634,ACC-00837,15597.06,2026-09-06 11:02:00,0,normal,NONE
TX-007289,ACC-01349,ACC-01648,9390.56,2026-09-06 13:05:06,0,normal,NONE
TX-009535,ACC-01462,ACC-00970,5614.75,2026-09-07 22:20:28,0,normal,NONE
TX-011166,ACC-00138,ACC-01549,5491.62,2026-09-02 23:56:03,0,normal,NONE
TX-009707,ACC-00553,ACC-00453,12329.06,2026-09-06 22:34:06,0,normal,NONE
TX-000128,ACC-00992,ACC-00567,13048.04,2026-09-09 17:06:53,0,normal,NONE
TX-007956,ACC-00042,ACC-01865,11866.45,2026-09-03 23:29:45,0,normal,NONE
TX-007022,ACC-00145,ACC-01877,10446.73,2026-09-01 09:28:13,0,normal,NONE
TX-007094,ACC-01368,ACC-01024,5077.55,2026-09-02 10:27:51,0,normal,NONE
TX-005982,ACC-00603,ACC-01661,6381.7,2026-09-08 11:34:05,0,normal,NONE
TX-008870,ACC-00538,ACC-01960,3840.36,2026-09-06 09:27:38,0,normal,NONE
TX-006254,ACC-01582,ACC-01332,11350.0,2026-09-03 16:24:35,0,normal,NONE
TX-005515,ACC-00444,ACC-00299,3440.91,2026-09-09 17:04:34,0,normal,NONE
TX-006006,ACC-00100,ACC-01981,5201.97,2026-09-01 19:10:05,0,normal,NONE
TX-000276,ACC-00282,ACC-00079,5178.09,2026-09-08 12:48:45,0,normal,NONE
TX-003693,ACC-01010,ACC-00790,1727.6,2026-09-01 21:48:40,0,normal,NONE
TX-009294,ACC-00999,ACC-00994,8717.15,2026-09-03 22:47:07,0,normal,NONE
TX-001273,ACC-01768,ACC-01208,1025.54,2026-09-09 19:44:07,0,normal,NONE
TX-003106,ACC-01447,ACC-00692,9193.55,2026-09-05 18:46:37,0,normal,NONE
TX-008616,ACC-01994,ACC-01505,17450.76,2026-09-07 20:00:36,0,normal,NONE
TX-008830,ACC-00869,ACC-01056,9462.34,2026-09-09 09:34:45,0,normal,NONE
TX-001898,ACC-01069,ACC-01081,4344.61,2026-09-08 23:17:20,0,normal,NONE
TX-006388,ACC-01296,ACC-01562,13291.74,2026-09-03 08:58:10,0,normal,NONE
TX-013010,ACC-01151,ACC-01830,42856.36,2026-09-07 09:53:00,0,normal_high_value,NONE
TX-005567,ACC-00723,ACC-01155,7333.64,2026-09-06 22:31:38,0,normal,NONE
TX-013184,ACC-00121,ACC-01514,66341.34,2026-09-05 11:46:00,0,normal_high_value,NONE
TX-009321,ACC-00622,ACC-01744,2024.53,2026-09-09 13:30:48,0,normal,NONE
TX-008013,ACC-01371,ACC-00415,9960.49,2026-09-01 12:49:31,0,normal,NONE
TX-001119,ACC-01417,ACC-00078,10740.97,2026-09-08 10:40:52,0,normal,NONE
TX-003828,ACC-01117,ACC-00262,7138.25,2026-09-06 16:50:10,0,normal,NONE
TX-003860,ACC-01891,ACC-00268,8476.44,2026-09-02 22:38:52,0,normal,NONE
TX-003027,ACC-00452,ACC-01306,5050.81,2026-09-01 23:28:28,0,normal,NONE
TX-008310,ACC-01521,ACC-01831,10939.75,2026-09-01 17:18:13,0,normal,NONE
TX-004606,ACC-00289,ACC-01846,4524.57,2026-09-04 17:32:00,0,normal,NONE
TX-005200,ACC-01649,ACC-00774,1505.3,2026-09-02 23:50:41,0,normal,NONE
TX-012244,FRAUD-10-NEXTHOP,FRAUD-10-OUT-02,12450.37,2026-09-03 12:49:00,1,fan_out,NET-10
TX-004106,ACC-00912,ACC-00631,4813.62,2026-09-05 10:49:31,0,normal,NONE
TX-004217,ACC-00684,ACC-01707,11203.81,2026-09-02 14:33:30,0,normal,NONE
TX-008743,ACC-01844,ACC-00636,11011.15,2026-09-09 14:26:31,0,normal,NONE
TX-002291,ACC-00125,ACC-00426,4112.0,2026-09-08 22:06:34,0,normal,NONE
TX-004757,ACC-01382,ACC-01301,7735.03,2026-09-02 19:54:55,0,normal,NONE
TX-003786,ACC-01199,ACC-00426,3993.78,2026-09-06 10:40:53,0,normal,NONE
TX-001865,ACC-01061,ACC-01049,13702.08,2026-09-04 19:07:57,0,normal,NONE
TX-007602,ACC-00735,ACC-00347,10172.58,2026-09-06 19:02:38,0,normal,NONE
TX-011162,ACC-01834,ACC-01250,17407.41,2026-09-09 14:24:15,0,normal,NONE
TX-003373,ACC-00224,ACC-01672,11831.73,2026-09-06 13:27:05,0,normal,NONE
TX-011758,ACC-00154,ACC-00157,9147.66,2026-09-08 21:53:39,0,normal,NONE
TX-009322,ACC-00334,ACC-00576,5250.0,2026-09-06 13:02:28,0,normal,NONE
TX-012747,ACC-01897,ACC-01844,80439.0,2026-09-09 10:15:00,0,normal_high_value,NONE
TX-000734,ACC-01506,ACC-01053,2165.98,2026-09-01 21:17:35,0,normal,NONE
TX-007507,ACC-01714,ACC-01420,13282.1,2026-09-06 14:04:07,0,normal,NONE
TX-010535,ACC-00448,ACC-01007,4570.13,2026-09-06 09:33:13,0,normal,NONE
TX-005774,ACC-00153,ACC-00808,11709.0,2026-09-02 10:39:40,0,normal,NONE
TX-003315,ACC-00974,ACC-01235,11159.35,2026-09-08 11:00:41,0,normal,NONE
TX-008460,ACC-01661,ACC-00158,6333.62,2026-09-02 20:46:42,0,normal,NONE
TX-008244,ACC-00230,ACC-01341,1474.72,2026-09-05 23:26:16,0,normal,NONE
TX-007727,ACC-00670,ACC-01377,9145.03,2026-09-09 23:03:45,0,normal,NONE
TX-009927,ACC-01693,ACC-01935,976.17,2026-09-05 20:02:08,0,normal,NONE
TX-012950,ACC-01484,ACC-01363,60470.43,2026-09-07 21:57:00,0,normal_high_value,NONE
TX-009097,ACC-00993,ACC-01641,7394.8,2026-09-03 12:02:25,0,normal,NONE
TX-002827,ACC-00411,ACC-00030,12337.81,2026-09-02 18:41:15,0,normal,NONE
TX-006190,ACC-01813,ACC-00419,10572.69,2026-09-09 12:17:53,0,normal,NONE
TX-010082,ACC-01303,ACC-00449,1415.74,2026-09-01 14:08:13,0,normal,NONE
TX-006331,ACC-00101,ACC-01787,3549.56,2026-09-03 23:44:25,0,normal,NONE
TX-011336,ACC-01465,ACC-00944,11295.18,2026-09-05 16:34:43,0,normal,NONE
TX-013212,ACC-01399,ACC-01173,37830.14,2026-09-02 12:50:00,0,normal_high_value,NONE
TX-004171,ACC-01219,ACC-00782,11351.25,2026-09-03 16:21:33,0,normal,NONE
TX-008178,ACC-01969,ACC-00105,914.33,2026-09-01 21:46:37,0,normal,NONE
TX-010134,ACC-01012,ACC-00830,6656.02,2026-09-09 21:52:27,0,normal,NONE
TX-011999,ACC-00734,ACC-00896,6429.11,2026-09-06 10:37:52,0,normal,NONE
TX-009342,ACC-00158,ACC-00886,10842.35,2026-09-05 19:22:57,0,normal,NONE
TX-006051,ACC-01532,ACC-00381,2326.14,2026-09-06 14:20:07,0,normal,NONE
TX-002271,ACC-00199,ACC-00676,11563.8,2026-09-02 22:57:45,0,normal,NONE
TX-006432,ACC-01258,ACC-01234,6622.54,2026-09-04 10:52:05,0,normal,NONE
TX-012346,ACC-00659,ACC-01151,50064.88,2026-09-06 16:30:00,0,normal_high_value,NONE
TX-005838,ACC-00156,ACC-00183,9304.82,2026-09-03 20:47:47,0,normal,NONE
TX-004239,ACC-00579,ACC-01418,7883.18,2026-09-04 14:46:15,0,normal,NONE
TX-008865,ACC-01839,ACC-01187,9149.51,2026-09-02 08:42:25,0,normal,NONE
TX-001794,ACC-00400,ACC-00645,13538.12,2026-09-06 12:44:43,0,normal,NONE
TX-001693,ACC-01903,ACC-01912,17265.25,2026-09-09 09:59:29,0,normal,NONE
TX-003422,ACC-00592,ACC-00629,10467.34,2026-09-06 15:01:00,0,normal,NONE
TX-010507,ACC-00567,ACC-00718,4165.85,2026-09-08 19:55:56,0,normal,NONE
TX-012794,ACC-01694,ACC-01204,37660.67,2026-09-02 22:41:00,0,normal_high_value,NONE
TX-000494,ACC-01223,ACC-01104,3047.43,2026-09-05 17:36:17,0,normal,NONE
TX-005156,ACC-00627,ACC-00456,17712.15,2026-09-07 23:42:31,0,normal,NONE
TX-000158,ACC-00989,ACC-00968,4402.28,2026-09-09 12:24:12,0,normal,NONE
TX-007417,ACC-00646,ACC-01567,3624.66,2026-09-09 08:23:12,0,normal,NONE
TX-002620,ACC-01756,ACC-01921,4488.36,2026-09-02 08:54:01,0,normal,NONE
TX-011764,ACC-00178,ACC-00016,10237.41,2026-09-06 12:25:22,0,normal,NONE
TX-002320,ACC-01151,ACC-00181,7899.94,2026-09-06 16:35:33,0,normal,NONE
TX-006696,ACC-01827,ACC-00590,14626.16,2026-09-08 14:13:45,0,normal,NONE
TX-008177,ACC-01769,ACC-00608,6552.64,2026-09-06 19:00:35,0,normal,NONE
TX-000966,ACC-01566,ACC-01985,289.96,2026-09-05 21:14:47,0,normal,NONE
TX-006904,ACC-01646,ACC-01388,4180.7,2026-09-09 19:18:18,0,normal,NONE
TX-005007,ACC-00577,ACC-00433,11327.05,2026-09-05 20:32:49,0,normal,NONE
TX-008026,ACC-01566,ACC-00121,6089.37,2026-09-07 18:39:01,0,normal,NONE
TX-000439,ACC-01133,ACC-01928,6770.18,2026-09-03 20:05:49,0,normal,NONE
TX-003725,ACC-01572,ACC-01158,3464.64,2026-09-08 17:27:28,0,normal,NONE
TX-003078,ACC-00344,ACC-00573,16197.81,2026-09-03 18:54:23,0,normal,NONE
TX-001615,ACC-01632,ACC-00179,5438.24,2026-09-09 22:10:57,0,normal,NONE
TX-003425,ACC-00778,ACC-00642,4606.77,2026-09-07 13:18:06,0,normal,NONE
TX-002806,ACC-01665,ACC-01020,8353.8,2026-09-07 18:28:08,0,normal,NONE
TX-008984,ACC-01015,ACC-00670,15392.22,2026-09-02 14:50:21,0,normal,NONE
TX-011576,ACC-01803,ACC-00320,3089.64,2026-09-03 20:16:10,0,normal,NONE
TX-008056,ACC-00781,ACC-01654,10452.26,2026-09-01 08:17:57,0,normal,NONE
TX-000757,ACC-00451,ACC-00280,13446.64,2026-09-09 17:40:09,0,normal,NONE
TX-007394,ACC-00026,ACC-00655,5174.01,2026-09-02 22:14:24,0,normal,NONE
TX-001091,ACC-00212,ACC-00072,1331.09,2026-09-05 22:01:57,0,normal,NONE
TX-006144,ACC-00472,ACC-01781,9602.68,2026-09-07 14:12:57,0,normal,NONE
TX-004220,ACC-00587,ACC-01127,10968.63,2026-09-05 23:27:01,0,normal,NONE
TX-009437,ACC-00477,ACC-01658,11447.35,2026-09-07 10:50:39,0,normal,NONE
TX-002920,ACC-00809,ACC-01863,11700.8,2026-09-03 09:33:11,0,normal,NONE
TX-010267,ACC-00280,ACC-01913,9396.14,2026-09-08 16:30:22,0,normal,NONE
TX-003405,ACC-00691,ACC-00440,15533.57,2026-09-03 19:51:41,0,normal,NONE
TX-003329,ACC-01417,ACC-01070,6959.2,2026-09-07 20:07:02,0,normal,NONE
TX-008432,ACC-00171,ACC-01707,17511.3,2026-09-04 23:33:18,0,normal,NONE
TX-008451,ACC-00926,ACC-01567,138.13,2026-09-07 21:33:41,0,normal,NONE
TX-003324,ACC-00334,ACC-01068,4253.68,2026-09-02 12:07:41,0,normal,NONE
TX-010236,ACC-01196,ACC-00133,12337.68,2026-09-06 14:22:58,0,normal,NONE
TX-007992,ACC-00721,ACC-00215,5695.92,2026-09-06 13:30:59,0,normal,NONE
TX-012805,ACC-00827,ACC-00699,47885.11,2026-09-03 17:27:00,0,normal_high_value,NONE
TX-012628,ACC-00799,ACC-00586,62818.67,2026-09-06 08:48:00,0,normal_high_value,NONE
TX-003446,ACC-00343,ACC-01442,12439.36,2026-09-07 09:45:03,0,normal,NONE
TX-012727,ACC-00619,ACC-00156,21166.18,2026-09-05 16:51:00,0,normal_high_value,NONE
TX-005665,ACC-00110,ACC-00671,17540.53,2026-09-02 09:59:53,0,normal,NONE
TX-003874,ACC-00324,ACC-00241,4047.55,2026-09-09 21:20:17,0,normal,NONE
TX-003014,ACC-00150,ACC-01892,14929.28,2026-09-01 23:51:27,0,normal,NONE
TX-005227,ACC-01116,ACC-00292,10440.8,2026-09-08 08:29:17,0,normal,NONE
TX-006330,ACC-01730,ACC-01171,82.72,2026-09-09 10:41:29,0,normal,NONE
TX-007800,ACC-00823,ACC-01008,13289.54,2026-09-07 18:56:02,0,normal,NONE
TX-003046,ACC-00331,ACC-01309,1678.99,2026-09-08 13:06:40,0,normal,NONE
TX-009530,ACC-01544,ACC-01798,7640.98,2026-09-06 11:24:13,0,normal,NONE
TX-008277,ACC-00640,ACC-01109,15773.65,2026-09-03 14:48:39,0,normal,NONE
TX-001433,ACC-01046,ACC-00577,837.82,2026-09-09 10:19:05,0,normal,NONE
TX-008517,ACC-01209,ACC-00958,6824.74,2026-09-07 13:07:23,0,normal,NONE
TX-006463,ACC-00964,ACC-01092,8032.16,2026-09-04 13:48:04,0,normal,NONE
TX-002175,ACC-00719,ACC-00242,6159.32,2026-09-02 22:05:07,0,normal,NONE
TX-009851,ACC-00754,ACC-00407,8420.01,2026-09-08 12:02:43,0,normal,NONE
TX-002103,ACC-00871,ACC-00817,4707.37,2026-09-01 16:31:46,0,normal,NONE
TX-008571,ACC-00166,ACC-01065,124.44,2026-09-02 20:28:44,0,normal,NONE
TX-005776,ACC-00606,ACC-00655,2697.9,2026-09-04 09:50:51,0,normal,NONE
TX-004686,ACC-00680,ACC-00598,7059.25,2026-09-08 19:50:57,0,normal,NONE
TX-001935,ACC-00932,ACC-01161,17427.39,2026-09-06 17:07:00,0,normal,NONE
TX-007949,ACC-01994,ACC-00395,5134.37,2026-09-08 16:05:05,0,normal,NONE
TX-010389,ACC-01418,ACC-00550,2216.1,2026-09-08 18:24:22,0,normal,NONE
TX-007943,ACC-00122,ACC-01285,9589.21,2026-09-07 10:55:07,0,normal,NONE
TX-005527,ACC-00286,ACC-01048,8404.75,2026-09-03 11:02:56,0,normal,NONE
TX-000759,ACC-01137,ACC-00290,2235.77,2026-09-01 20:34:35,0,normal,NONE
TX-005750,ACC-00943,ACC-00477,9507.03,2026-09-06 20:38:00,0,normal,NONE
TX-008019,ACC-00216,ACC-00561,5015.26,2026-09-06 21:27:58,0,normal,NONE
TX-007311,ACC-00697,ACC-00221,4575.38,2026-09-01 20:28:06,0,normal,NONE
TX-006445,ACC-01020,ACC-00633,6180.4,2026-09-04 21:14:25,0,normal,NONE
TX-006042,ACC-01115,ACC-00310,12411.36,2026-09-05 09:48:09,0,normal,NONE
TX-010899,ACC-01625,ACC-01185,3335.3,2026-09-04 10:47:39,0,normal,NONE
TX-005225,ACC-00470,ACC-00612,2369.78,2026-09-02 22:43:03,0,normal,NONE
TX-004885,ACC-00291,ACC-01264,7129.79,2026-09-06 20:52:07,0,normal,NONE
TX-012720,ACC-01722,ACC-01817,66031.37,2026-09-08 19:34:00,0,normal_high_value,NONE
TX-004915,ACC-00887,ACC-00158,8875.44,2026-09-06 21:55:15,0,normal,NONE
TX-008889,ACC-01356,ACC-00444,17820.72,2026-09-07 08:39:24,0,normal,NONE
TX-010425,ACC-01254,ACC-01485,3865.15,2026-09-07 20:10:03,0,normal,NONE
TX-003205,ACC-00995,ACC-01366,8423.11,2026-09-05 09:01:47,0,normal,NONE
TX-001460,ACC-00485,ACC-01933,1330.94,2026-09-08 11:40:28,0,normal,NONE
TX-006626,ACC-01439,ACC-00939,7871.2,2026-09-02 19:57:30,0,normal,NONE
TX-009350,ACC-01601,ACC-00875,4707.82,2026-09-03 19:18:38,0,normal,NONE
TX-003801,ACC-01763,ACC-00791,14771.0,2026-09-04 23:36:11,0,normal,NONE
TX-013171,ACC-01370,ACC-00799,67146.32,2026-09-06 10:54:00,0,normal_high_value,NONE
TX-007933,ACC-00877,ACC-00845,15514.71,2026-09-07 09:37:51,0,normal,NONE
TX-011335,ACC-00661,ACC-01745,5564.15,2026-09-02 15:07:55,0,normal,NONE
TX-005108,ACC-01083,ACC-01533,13868.6,2026-09-06 20:44:42,0,normal,NONE
TX-000135,ACC-00243,ACC-01143,13764.69,2026-09-04 20:28:58,0,normal,NONE
TX-005959,ACC-01807,ACC-00117,13400.72,2026-09-06 12:32:36,0,normal,NONE
TX-012403,ACC-01343,ACC-00673,82702.3,2026-09-09 18:51:00,0,normal_high_value,NONE
TX-009117,ACC-00534,ACC-00801,15085.94,2026-09-07 11:18:45,0,normal,NONE
TX-000800,ACC-01429,ACC-01086,7732.63,2026-09-08 20:22:37,0,normal,NONE
TX-006965,ACC-00025,ACC-00847,3410.37,2026-09-07 23:13:41,0,normal,NONE
TX-000428,ACC-00499,ACC-01428,4080.91,2026-09-02 09:05:25,0,normal,NONE
TX-008317,ACC-00108,ACC-00584,1800.8,2026-09-07 23:29:30,0,normal,NONE
TX-003616,ACC-00980,ACC-01249,10987.1,2026-09-06 15:57:47,0,normal,NONE
TX-002453,ACC-01399,ACC-00765,1736.92,2026-09-01 08:00:20,0,normal,NONE
TX-003895,ACC-00110,ACC-00196,1072.91,2026-09-03 16:56:41,0,normal,NONE
TX-009057,ACC-01686,ACC-00854,13350.86,2026-09-03 15:46:46,0,normal,NONE
TX-001256,ACC-00929,ACC-01376,13746.69,2026-09-03 08:40:45,0,normal,NONE
TX-007066,ACC-01114,ACC-00016,14833.5,2026-09-04 13:17:43,0,normal,NONE
TX-010763,ACC-00684,ACC-01565,2756.06,2026-09-07 12:47:49,0,normal,NONE
TX-004293,ACC-00182,ACC-01111,4791.16,2026-09-01 11:36:11,0,normal,NONE
TX-008661,ACC-00010,ACC-01146,7596.25,2026-09-02 21:38:52,0,normal,NONE
TX-002319,ACC-00848,ACC-01689,2748.87,2026-09-03 17:36:12,0,normal,NONE
TX-012940,ACC-01718,ACC-00531,30116.81,2026-09-08 21:47:00,0,normal_high_value,NONE
TX-006825,ACC-01994,ACC-01775,4078.94,2026-09-04 17:57:00,0,normal,NONE
TX-011814,ACC-00990,ACC-00252,9247.73,2026-09-08 09:42:37,0,normal,NONE
TX-007691,ACC-01415,ACC-01972,16070.99,2026-09-03 15:07:37,0,normal,NONE
TX-003910,ACC-00257,ACC-00061,11794.45,2026-09-05 19:00:31,0,normal,NONE
TX-008910,ACC-01409,ACC-00627,9358.13,2026-09-04 09:29:16,0,normal,NONE
TX-003001,ACC-00509,ACC-00301,5959.76,2026-09-02 17:01:49,0,normal,NONE
TX-010685,ACC-00225,ACC-01680,12048.86,2026-09-08 09:07:28,0,normal,NONE
TX-010028,ACC-00613,ACC-00751,1597.92,2026-09-03 16:08:28,0,normal,NONE
TX-010770,ACC-00515,ACC-01957,14398.78,2026-09-02 22:08:49,0,normal,NONE
TX-010668,ACC-00823,ACC-01300,5577.01,2026-09-04 13:15:31,0,normal,NONE
TX-003298,ACC-01800,ACC-00519,6529.28,2026-09-05 09:02:43,0,normal,NONE
TX-010996,ACC-01714,ACC-00546,16265.52,2026-09-01 16:42:17,0,normal,NONE
TX-005203,ACC-01289,ACC-00559,6808.21,2026-09-06 14:11:23,0,normal,NONE
TX-000001,ACC-01310,ACC-00229,469.69,2026-09-05 15:14:08,0,normal,NONE
TX-006014,ACC-01217,ACC-01142,3983.49,2026-09-09 19:36:41,0,normal,NONE
TX-005613,ACC-01500,ACC-01548,14146.81,2026-09-07 18:01:28,0,normal,NONE
TX-002520,ACC-00176,ACC-00044,175.86,2026-09-01 18:54:05,0,normal,NONE
TX-012297,ACC-01427,ACC-01378,25511.63,2026-09-04 13:13:00,0,normal_high_value,NONE
TX-011259,ACC-00247,ACC-00759,17372.08,2026-09-02 17:46:45,0,normal,NONE
TX-006179,ACC-00449,ACC-00044,17269.92,2026-09-03 15:22:54,0,normal,NONE
TX-009731,ACC-00400,ACC-01250,8590.58,2026-09-07 11:47:31,0,normal,NONE
TX-010109,ACC-01615,ACC-00055,3115.48,2026-09-02 11:56:59,0,normal,NONE
TX-011878,ACC-00030,ACC-01923,3182.63,2026-09-04 18:57:53,0,normal,NONE
TX-005283,ACC-00191,ACC-01273,17439.72,2026-09-06 20:26:59,0,normal,NONE
TX-008193,ACC-01664,ACC-00125,14070.31,2026-09-07 17:24:17,0,normal,NONE
TX-011543,ACC-00789,ACC-01148,3550.8,2026-09-07 19:29:06,0,normal,NONE
TX-004027,ACC-01173,ACC-00242,14803.99,2026-09-04 19:41:03,0,normal,NONE
TX-006576,ACC-01060,ACC-00697,949.05,2026-09-03 22:42:58,0,normal,NONE
TX-004140,ACC-00334,ACC-01184,16758.17,2026-09-01 23:12:51,0,normal,NONE
TX-006154,ACC-00540,ACC-00516,3885.03,2026-09-06 22:55:41,0,normal,NONE
TX-011133,ACC-01651,ACC-01027,5837.18,2026-09-05 18:38:32,0,normal,NONE
TX-003223,ACC-01101,ACC-01032,11274.77,2026-09-05 08:52:52,0,normal,NONE
TX-009691,ACC-01982,ACC-00510,10513.8,2026-09-05 23:17:14,0,normal,NONE
TX-011156,ACC-00082,ACC-00499,11434.14,2026-09-05 08:18:19,0,normal,NONE
TX-005606,ACC-00504,ACC-00549,8687.64,2026-09-02 17:27:50,0,normal,NONE
TX-012801,ACC-00804,ACC-01671,43053.62,2026-09-01 08:11:00,0,normal_high_value,NONE
TX-005024,ACC-01631,ACC-00838,6719.36,2026-09-06 12:15:47,0,normal,NONE
TX-006960,ACC-00273,ACC-00482,97.75,2026-09-02 12:30:18,0,normal,NONE
TX-004102,ACC-01238,ACC-00599,3257.49,2026-09-01 16:56:27,0,normal,NONE
TX-002632,ACC-00050,ACC-01375,4909.88,2026-09-04 15:44:28,0,normal,NONE
TX-002715,ACC-01980,ACC-01690,6911.23,2026-09-09 08:10:05,0,normal,NONE
TX-006662,ACC-01957,ACC-00869,16451.34,2026-09-07 15:42:13,0,normal,NONE
TX-000217,ACC-00195,ACC-00641,7693.22,2026-09-05 19:09:43,0,normal,NONE
TX-013080,ACC-01631,ACC-00968,80759.63,2026-09-07 22:19:00,0,normal_high_value,NONE
TX-004049,ACC-01792,ACC-01253,10828.56,2026-09-03 09:07:09,0,normal,NONE
TX-004399,ACC-01294,ACC-01611,12028.84,2026-09-01 18:47:05,0,normal,NONE
TX-003207,ACC-01153,ACC-01551,12604.81,2026-09-05 08:20:15,0,normal,NONE
TX-000867,ACC-01310,ACC-01094,5587.71,2026-09-06 23:34:14,0,normal,NONE
TX-006649,ACC-01434,ACC-01135,6525.44,2026-09-01 21:56:38,0,normal,NONE
TX-000044,ACC-01961,ACC-01497,17917.7,2026-09-09 23:09:12,0,normal,NONE
TX-000018,ACC-00818,ACC-00742,3963.39,2026-09-03 23:05:48,0,normal,NONE
TX-011062,ACC-00360,ACC-00405,17741.17,2026-09-09 16:01:39,0,normal,NONE
TX-012666,ACC-00908,ACC-00072,44803.72,2026-09-02 23:05:00,0,normal_high_value,NONE
TX-001884,ACC-00928,ACC-00351,10833.72,2026-09-07 15:36:01,0,normal,NONE
TX-004630,ACC-00170,ACC-01971,6943.57,2026-09-08 22:58:50,0,normal,NONE
TX-008818,ACC-01596,ACC-00625,10522.95,2026-09-09 15:38:28,0,normal,NONE
TX-013141,ACC-00965,ACC-01035,77572.68,2026-09-08 14:17:00,0,normal_high_value,NONE
TX-011058,ACC-00795,ACC-00888,1519.45,2026-09-07 18:05:30,0,normal,NONE
TX-011203,ACC-01622,ACC-00264,9051.81,2026-09-08 21:56:48,0,normal,NONE
TX-006932,ACC-01984,ACC-00759,3074.35,2026-09-03 20:31:34,0,normal,NONE
TX-002532,ACC-01624,ACC-01944,14162.66,2026-09-06 23:01:39,0,normal,NONE
TX-005762,ACC-01123,ACC-01588,17967.84,2026-09-01 08:07:23,0,normal,NONE
TX-013195,ACC-00389,ACC-01601,77836.62,2026-09-07 08:52:00,0,normal_high_value,NONE
TX-005793,ACC-01809,ACC-01426,12745.33,2026-09-09 10:14:02,0,normal,NONE
TX-003129,ACC-00373,ACC-01472,7922.87,2026-09-02 23:11:04,0,normal,NONE
TX-012796,ACC-01371,ACC-01503,89488.7,2026-09-02 12:22:00,0,normal_high_value,NONE
TX-013091,ACC-01246,ACC-01690,66871.49,2026-09-08 14:08:00,0,normal_high_value,NONE
TX-000260,ACC-01318,ACC-01622,5926.01,2026-09-03 10:41:42,0,normal,NONE
TX-012426,ACC-00763,ACC-01890,42322.8,2026-09-05 08:51:00,0,normal_high_value,NONE
TX-008058,ACC-00537,ACC-00123,13864.37,2026-09-09 10:21:06,0,normal,NONE
TX-013115,ACC-01443,ACC-01245,73121.86,2026-09-02 11:48:00,0,normal_high_value,NONE
TX-009968,ACC-01208,ACC-01656,3360.04,2026-09-07 13:23:46,0,normal,NONE
TX-000533,ACC-01348,ACC-01517,3178.11,2026-09-01 12:44:00,0,normal,NONE
TX-006089,ACC-00067,ACC-01818,4931.49,2026-09-06 15:06:11,0,normal,NONE
TX-004408,ACC-01604,ACC-01495,15573.26,2026-09-04 18:22:44,0,normal,NONE
TX-006379,ACC-01861,ACC-00663,5123.31,2026-09-03 08:58:11,0,normal,NONE
TX-008541,ACC-01853,ACC-01429,13673.75,2026-09-07 08:44:44,0,normal,NONE
TX-012822,ACC-00275,ACC-00341,84691.04,2026-09-04 11:04:00,0,normal_high_value,NONE
TX-011275,ACC-00301,ACC-00482,752.15,2026-09-07 18:32:14,0,normal,NONE
TX-012158,FRAUD-07-SRC-08,FRAUD-07-COLLECTOR,9023.99,2026-09-07 16:14:00,1,funneling,NET-07
TX-008114,ACC-01436,ACC-01015,14313.97,2026-09-02 09:15:26,0,normal,NONE
TX-013008,ACC-00440,ACC-01288,29430.92,2026-09-05 11:10:00,0,normal_high_value,NONE
TX-002329,ACC-01996,ACC-01144,14054.98,2026-09-09 13:51:32,0,normal,NONE
TX-007158,ACC-00139,ACC-01236,5594.34,2026-09-07 18:36:30,0,normal,NONE
TX-008072,ACC-01298,ACC-01905,8439.07,2026-09-05 11:39:17,0,normal,NONE
TX-000578,ACC-01595,ACC-00576,1073.47,2026-09-08 19:49:37,0,normal,NONE
TX-012311,ACC-00030,ACC-00492,83042.58,2026-09-08 23:18:00,0,normal_high_value,NONE
TX-004719,ACC-00170,ACC-00300,1335.84,2026-09-03 16:09:12,0,normal,NONE
TX-007183,ACC-01151,ACC-01031,11917.78,2026-09-06 17:09:29,0,normal,NONE
TX-008370,ACC-01933,ACC-01684,13571.06,2026-09-03 11:57:19,0,normal,NONE
TX-001699,ACC-00767,ACC-00613,6573.63,2026-09-03 16:06:28,0,normal,NONE
TX-000762,ACC-01710,ACC-00518,3513.99,2026-09-03 09:54:48,0,normal,NONE
TX-009145,ACC-00725,ACC-01570,14709.49,2026-09-02 17:01:31,0,normal,NONE
TX-000797,ACC-01241,ACC-00198,3210.05,2026-09-01 11:05:30,0,normal,NONE
TX-002657,ACC-01577,ACC-00201,7620.18,2026-09-06 23:01:24,0,normal,NONE
TX-004085,ACC-00538,ACC-01882,14962.17,2026-09-06 09:37:23,0,normal,NONE
TX-007232,ACC-01664,ACC-00290,2312.57,2026-09-05 22:02:47,0,normal,NONE
TX-011488,ACC-00228,ACC-00199,2345.37,2026-09-09 17:32:18,0,normal,NONE
TX-011051,ACC-01953,ACC-01046,4181.2,2026-09-09 09:06:04,0,normal,NONE
TX-010859,ACC-00286,ACC-00802,4881.13,2026-09-04 20:05:07,0,normal,NONE
TX-001942,ACC-00555,ACC-00293,17926.54,2026-09-04 21:37:58,0,normal,NONE
TX-008542,ACC-01121,ACC-00550,7649.77,2026-09-01 08:06:21,0,normal,NONE
TX-003602,ACC-00600,ACC-00376,4786.91,2026-09-04 11:01:19,0,normal,NONE
TX-005767,ACC-00698,ACC-01164,6191.81,2026-09-06 19:01:57,0,normal,NONE
TX-002689,ACC-00590,ACC-01019,13920.32,2026-09-07 08:26:04,0,normal,NONE
TX-009677,ACC-00786,ACC-01771,958.33,2026-09-04 11:36:06,0,normal,NONE
TX-010400,ACC-00083,ACC-01255,15633.87,2026-09-01 16:25:02,0,normal,NONE
TX-012138,FRAUD-06-SRC-13,FRAUD-06-COLLECTOR,13991.61,2026-09-03 13:24:00,1,funneling,NET-06
TX-005658,ACC-01237,ACC-00176,17588.33,2026-09-09 16:35:01,0,normal,NONE
TX-007838,ACC-00038,ACC-01255,7916.7,2026-09-08 14:52:57,0,normal,NONE
TX-010465,ACC-00212,ACC-01943,4597.46,2026-09-02 21:53:50,0,normal,NONE
TX-002902,ACC-01412,ACC-00568,9748.53,2026-09-01 23:52:13,0,normal,NONE
TX-002508,ACC-01284,ACC-00723,3761.65,2026-09-07 21:56:26,0,normal,NONE
TX-001042,ACC-01321,ACC-01353,1125.45,2026-09-04 12:56:37,0,normal,NONE
TX-008901,ACC-01284,ACC-00004,4235.34,2026-09-02 20:52:49,0,normal,NONE
TX-002222,ACC-00082,ACC-00249,15624.78,2026-09-08 19:03:56,0,normal,NONE
TX-012669,ACC-00342,ACC-01582,64260.69,2026-09-06 18:01:00,0,normal_high_value,NONE
TX-008923,ACC-00198,ACC-01813,15321.06,2026-09-09 15:10:16,0,normal,NONE
TX-003414,ACC-01112,ACC-00615,11290.96,2026-09-02 15:41:21,0,normal,NONE
TX-008293,ACC-01138,ACC-00146,17506.33,2026-09-08 08:50:21,0,normal,NONE
TX-006119,ACC-01542,ACC-01323,6565.37,2026-09-08 14:10:49,0,normal,NONE
TX-004376,ACC-01065,ACC-01790,7147.84,2026-09-09 16:06:36,0,normal,NONE
TX-000961,ACC-00908,ACC-01528,16809.16,2026-09-05 12:49:12,0,normal,NONE
TX-004340,ACC-00958,ACC-01532,17632.16,2026-09-09 16:25:01,0,normal,NONE
TX-011987,ACC-01632,ACC-00885,13477.53,2026-09-03 13:21:51,0,normal,NONE
TX-010795,ACC-00859,ACC-01066,11143.97,2026-09-09 14:10:10,0,normal,NONE
TX-000884,ACC-00510,ACC-00789,13886.63,2026-09-08 15:47:02,0,normal,NONE
TX-007407,ACC-02000,ACC-00023,14241.52,2026-09-01 17:17:23,0,normal,NONE
TX-007402,ACC-01076,ACC-01004,10091.32,2026-09-06 23:32:41,0,normal,NONE
TX-011621,ACC-01020,ACC-00734,665.16,2026-09-06 09:42:59,0,normal,NONE
TX-006614,ACC-01767,ACC-01180,6293.7,2026-09-02 19:14:09,0,normal,NONE
TX-002518,ACC-00649,ACC-00960,4437.66,2026-09-03 23:20:39,0,normal,NONE
TX-008279,ACC-00009,ACC-00374,6338.3,2026-09-07 23:40:03,0,normal,NONE
TX-007746,ACC-01228,ACC-01855,1717.89,2026-09-07 19:37:22,0,normal,NONE
TX-011386,ACC-01738,ACC-01820,11951.38,2026-09-03 15:21:09,0,normal,NONE
TX-009956,ACC-00323,ACC-01770,3503.07,2026-09-01 10:28:03,0,normal,NONE
TX-010203,ACC-01308,ACC-00681,9260.92,2026-09-08 13:51:40,0,normal,NONE
TX-002860,ACC-00088,ACC-00961,14574.82,2026-09-07 11:16:10,0,normal,NONE
TX-010778,ACC-01734,ACC-01642,404.22,2026-09-06 16:44:00,0,normal,NONE
TX-008304,ACC-00636,ACC-01246,12685.65,2026-09-07 20:24:46,0,normal,NONE
TX-002451,ACC-00534,ACC-00823,3626.92,2026-09-06 10:21:28,0,normal,NONE
TX-003194,ACC-01460,ACC-00470,5991.86,2026-09-01 17:23:33,0,normal,NONE
TX-012397,ACC-01127,ACC-01208,75189.0,2026-09-09 21:08:00,0,normal_high_value,NONE
TX-003873,ACC-01107,ACC-00551,9187.31,2026-09-05 22:02:32,0,normal,NONE
TX-011467,ACC-01872,ACC-00689,13875.67,2026-09-06 17:36:26,0,normal,NONE
TX-009661,ACC-01960,ACC-01815,693.91,2026-09-06 08:03:01,0,normal,NONE
TX-001161,ACC-00476,ACC-01710,17055.13,2026-09-06 21:37:21,0,normal,NONE
TX-007457,ACC-00340,ACC-01725,5704.87,2026-09-05 08:43:36,0,normal,NONE
TX-007986,ACC-01060,ACC-01022,8913.48,2026-09-06 13:44:41,0,normal,NONE
TX-010622,ACC-00315,ACC-00006,9167.35,2026-09-05 21:22:15,0,normal,NONE
TX-005461,ACC-00049,ACC-00349,16596.01,2026-09-05 17:18:05,0,normal,NONE
TX-002155,ACC-01809,ACC-01240,15162.6,2026-09-03 16:45:09,0,normal,NONE
TX-008383,ACC-01708,ACC-01554,2316.27,2026-09-01 18:16:43,0,normal,NONE
TX-011812,ACC-00718,ACC-00139,7871.43,2026-09-08 13:07:09,0,normal,NONE
TX-010194,ACC-01223,ACC-00922,7972.84,2026-09-06 22:31:27,0,normal,NONE
TX-012359,ACC-01709,ACC-00245,46868.46,2026-09-02 18:39:00,0,normal_high_value,NONE
TX-003653,ACC-01212,ACC-00651,5698.17,2026-09-07 15:27:15,0,normal,NONE
TX-008401,ACC-01654,ACC-01309,9146.19,2026-09-06 22:52:21,0,normal,NONE
TX-006776,ACC-01230,ACC-01783,12789.19,2026-09-03 16:44:04,0,normal,NONE
TX-010088,ACC-01952,ACC-00749,16958.2,2026-09-09 14:47:39,0,normal,NONE
TX-005590,ACC-00064,ACC-01919,14409.97,2026-09-05 15:21:37,0,normal,NONE
TX-001148,ACC-00113,ACC-01055,17016.89,2026-09-06 09:07:24,0,normal,NONE
TX-006221,ACC-01967,ACC-00747,6068.29,2026-09-04 17:22:22,0,normal,NONE
TX-002535,ACC-01856,ACC-00342,955.16,2026-09-04 17:16:28,0,normal,NONE
TX-012007,FRAUD-01-SRC-07,FRAUD-01-COLLECTOR,3192.43,2026-09-05 13:12:00,1,funneling,NET-01
TX-005557,ACC-01922,ACC-00697,13435.81,2026-09-04 19:02:49,0,normal,NONE
TX-011341,ACC-00212,ACC-00909,1746.16,2026-09-01 22:17:34,0,normal,NONE
TX-008515,ACC-00391,ACC-00021,8188.37,2026-09-01 10:57:48,0,normal,NONE
TX-001887,ACC-00034,ACC-00143,8468.68,2026-09-07 17:17:20,0,normal,NONE
TX-010944,ACC-01746,ACC-01570,4541.45,2026-09-04 22:59:12,0,normal,NONE
TX-001340,ACC-00543,ACC-00700,17401.62,2026-09-03 14:11:05,0,normal,NONE
TX-013098,ACC-01629,ACC-01816,83073.68,2026-09-08 17:16:00,0,normal_high_value,NONE
TX-008117,ACC-00071,ACC-01407,10471.24,2026-09-05 10:08:13,0,normal,NONE
TX-004133,ACC-00421,ACC-01173,7476.49,2026-09-05 13:44:32,0,normal,NONE
TX-005747,ACC-00939,ACC-01330,715.42,2026-09-02 11:26:30,0,normal,NONE
TX-004864,ACC-01137,ACC-01256,635.19,2026-09-04 17:40:22,0,normal,NONE
TX-001502,ACC-00051,ACC-00368,7961.56,2026-09-05 10:22:57,0,normal,NONE
TX-011246,ACC-01184,ACC-00924,7090.96,2026-09-08 20:23:37,0,normal,NONE
TX-008843,ACC-01407,ACC-00934,1862.95,2026-09-08 10:40:17,0,normal,NONE
TX-004353,ACC-01577,ACC-01050,10605.34,2026-09-08 17:00:09,0,normal,NONE
TX-002656,ACC-00655,ACC-00720,578.1,2026-09-08 20:48:34,0,normal,NONE
TX-003117,ACC-00014,ACC-00266,6605.97,2026-09-09 13:58:23,0,normal,NONE
TX-004011,ACC-00604,ACC-00323,11109.85,2026-09-09 19:07:18,0,normal,NONE
TX-010279,ACC-01255,ACC-01774,5148.95,2026-09-08 13:18:33,0,normal,NONE
TX-003979,ACC-00506,ACC-01131,6078.54,2026-09-02 12:34:49,0,normal,NONE
TX-005583,ACC-00215,ACC-01119,13917.97,2026-09-05 15:36:29,0,normal,NONE
TX-013095,ACC-01187,ACC-01142,60909.39,2026-09-04 21:34:00,0,normal_high_value,NONE
TX-010885,ACC-01451,ACC-01509,6259.61,2026-09-01 10:11:38,0,normal,NONE
TX-006312,ACC-01678,ACC-00377,6151.34,2026-09-03 15:55:13,0,normal,NONE
TX-004257,ACC-01095,ACC-00617,315.66,2026-09-06 23:52:35,0,normal,NONE
TX-007673,ACC-00575,ACC-00020,10160.3,2026-09-03 09:07:46,0,normal,NONE
TX-008594,ACC-00952,ACC-00526,11418.39,2026-09-01 12:33:47,0,normal,NONE
TX-011932,ACC-01875,ACC-01506,5934.33,2026-09-06 17:41:24,0,normal,NONE
TX-009762,ACC-00289,ACC-00337,7541.47,2026-09-06 16:37:13,0,normal,NONE
TX-009546,ACC-00179,ACC-00053,7642.31,2026-09-08 12:39:46,0,normal,NONE
TX-006307,ACC-00416,ACC-01565,4301.33,2026-09-06 23:45:49,0,normal,NONE
TX-006754,ACC-00482,ACC-01780,1844.91,2026-09-04 08:07:25,0,normal,NONE
TX-005438,ACC-01653,ACC-01849,6967.33,2026-09-02 17:42:52,0,normal,NONE
TX-007975,ACC-00599,ACC-00489,5821.75,2026-09-08 16:54:20,0,normal,NONE
TX-004232,ACC-00654,ACC-01829,5625.41,2026-09-09 16:01:48,0,normal,NONE
TX-003774,ACC-01170,ACC-00714,13581.12,2026-09-03 11:53:37,0,normal,NONE
TX-010216,ACC-01824,ACC-01461,4453.73,2026-09-02 19:55:54,0,normal,NONE
TX-001473,ACC-01347,ACC-01390,2619.91,2026-09-04 09:27:22,0,normal,NONE
TX-008048,ACC-00311,ACC-01489,11848.46,2026-09-02 18:24:28,0,normal,NONE
TX-005894,ACC-01640,ACC-01722,14304.66,2026-09-01 15:17:32,0,normal,NONE
TX-010386,ACC-01808,ACC-00970,16121.18,2026-09-07 20:09:22,0,normal,NONE
TX-008636,ACC-01639,ACC-00770,5160.06,2026-09-09 22:29:37,0,normal,NONE
TX-005863,ACC-01687,ACC-00333,7617.68,2026-09-09 23:45:05,0,normal,NONE
TX-003222,ACC-01838,ACC-00230,1521.34,2026-09-08 08:46:53,0,normal,NONE
TX-011523,ACC-01624,ACC-00596,15820.46,2026-09-02 08:50:21,0,normal,NONE
TX-007667,ACC-01998,ACC-01438,5788.37,2026-09-09 11:36:38,0,normal,NONE
TX-012627,ACC-00133,ACC-00819,37371.61,2026-09-01 18:18:00,0,normal_high_value,NONE
TX-002211,ACC-00696,ACC-00787,11779.73,2026-09-07 12:18:19,0,normal,NONE
TX-000579,ACC-00477,ACC-01995,2890.05,2026-09-04 15:17:34,0,normal,NONE
TX-001512,ACC-00176,ACC-00642,15227.51,2026-09-07 21:13:28,0,normal,NONE
TX-010287,ACC-00322,ACC-01004,15578.46,2026-09-03 08:10:20,0,normal,NONE
TX-011869,ACC-00803,ACC-00732,13768.06,2026-09-07 21:43:33,0,normal,NONE
TX-008064,ACC-00797,ACC-00197,1868.82,2026-09-08 12:53:38,0,normal,NONE
TX-003147,ACC-01810,ACC-00092,4790.3,2026-09-09 23:38:51,0,normal,NONE
TX-000415,ACC-01770,ACC-00454,13347.72,2026-09-01 16:35:59,0,normal,NONE
TX-006422,ACC-01808,ACC-01621,6679.27,2026-09-02 08:44:43,0,normal,NONE
TX-003990,ACC-01722,ACC-00618,9068.52,2026-09-06 22:42:11,0,normal,NONE
TX-008160,ACC-00773,ACC-01000,6503.22,2026-09-02 17:27:33,0,normal,NONE
TX-004412,ACC-00068,ACC-00733,2303.07,2026-09-02 23:39:38,0,normal,NONE
TX-000427,ACC-00548,ACC-01629,7156.2,2026-09-06 20:29:36,0,normal,NONE
TX-000622,ACC-00026,ACC-01611,12613.41,2026-09-09 21:07:26,0,normal,NONE
TX-002095,ACC-01346,ACC-01955,3257.56,2026-09-05 15:56:18,0,normal,NONE
TX-008540,ACC-00301,ACC-01347,16339.24,2026-09-03 18:22:52,0,normal,NONE
TX-002381,ACC-01394,ACC-00455,13970.89,2026-09-04 19:33:38,0,normal,NONE
TX-003462,ACC-01690,ACC-00118,6212.93,2026-09-04 22:29:29,0,normal,NONE
TX-002341,ACC-01798,ACC-01841,17000.07,2026-09-02 20:01:28,0,normal,NONE
TX-000266,ACC-00747,ACC-01386,12958.15,2026-09-08 17:48:47,0,normal,NONE
TX-005949,ACC-00873,ACC-01368,7058.04,2026-09-02 11:02:38,0,normal,NONE
TX-010318,ACC-00447,ACC-01616,8120.91,2026-09-05 08:48:47,0,normal,NONE
TX-011879,ACC-01875,ACC-01207,7531.94,2026-09-07 19:33:21,0,normal,NONE
TX-010207,ACC-01401,ACC-00066,7906.7,2026-09-02 08:26:08,0,normal,NONE
TX-003081,ACC-01299,ACC-01949,2413.1,2026-09-09 16:50:25,0,normal,NONE
TX-002953,ACC-00516,ACC-00169,8326.14,2026-09-01 20:18:40,0,normal,NONE
TX-004442,ACC-00059,ACC-01663,2745.1,2026-09-06 08:36:46,0,normal,NONE
TX-011981,ACC-01291,ACC-01195,8193.9,2026-09-01 22:42:12,0,normal,NONE
TX-002089,ACC-01354,ACC-01716,15798.77,2026-09-01 08:15:08,0,normal,NONE
TX-012774,ACC-01100,ACC-00089,36935.56,2026-09-07 22:27:00,0,normal_high_value,NONE
TX-002143,ACC-01102,ACC-00940,5972.01,2026-09-01 22:38:10,0,normal,NONE
TX-005009,ACC-00148,ACC-01381,17334.81,2026-09-04 15:23:28,0,normal,NONE
TX-009627,ACC-00477,ACC-01501,11379.82,2026-09-03 11:37:38,0,normal,NONE
TX-006791,ACC-00915,ACC-00128,4203.67,2026-09-08 16:27:28,0,normal,NONE
TX-001083,ACC-01345,ACC-01831,15041.56,2026-09-02 11:05:54,0,normal,NONE
TX-001672,ACC-01794,ACC-00628,10607.11,2026-09-08 11:33:22,0,normal,NONE
TX-006640,ACC-01677,ACC-01513,5595.9,2026-09-08 20:31:58,0,normal,NONE
TX-009411,ACC-00035,ACC-00821,1639.96,2026-09-04 12:00:15,0,normal,NONE
TX-002930,ACC-00985,ACC-01952,14500.61,2026-09-08 19:03:50,0,normal,NONE
TX-004950,ACC-00635,ACC-00595,4846.83,2026-09-05 16:09:42,0,normal,NONE
TX-009089,ACC-01211,ACC-01901,6589.06,2026-09-04 18:00:32,0,normal,NONE
TX-001972,ACC-00733,ACC-01026,15408.0,2026-09-09 14:22:57,0,normal,NONE
TX-003692,ACC-01921,ACC-01566,13258.37,2026-09-01 20:57:30,0,normal,NONE
TX-003998,ACC-01712,ACC-00974,10940.72,2026-09-07 08:51:16,0,normal,NONE
TX-000695,ACC-00232,ACC-01818,7414.89,2026-09-01 10:16:41,0,normal,NONE
TX-005107,ACC-01140,ACC-00524,15564.28,2026-09-09 20:52:40,0,normal,NONE
TX-011258,ACC-00969,ACC-01140,12397.05,2026-09-08 13:27:29,0,normal,NONE
TX-006031,ACC-00311,ACC-00700,14903.91,2026-09-07 09:00:33,0,normal,NONE
TX-005067,ACC-00904,ACC-01092,1601.36,2026-09-02 09:39:56,0,normal,NONE
TX-004120,ACC-00849,ACC-01739,8423.02,2026-09-07 15:25:35,0,normal,NONE
TX-011188,ACC-00430,ACC-00947,5124.49,2026-09-07 20:50:46,0,normal,NONE
TX-009167,ACC-01068,ACC-00233,12159.4,2026-09-01 09:09:59,0,normal,NONE
TX-008249,ACC-01096,ACC-00511,634.53,2026-09-03 10:12:25,0,normal,NONE
TX-012602,ACC-00289,ACC-01013,59237.39,2026-09-07 23:30:00,0,normal_high_value,NONE
TX-004773,ACC-01878,ACC-01313,10848.03,2026-09-09 08:29:18,0,normal,NONE
TX-004411,ACC-00697,ACC-01295,787.89,2026-09-06 22:43:57,0,normal,NONE
TX-008159,ACC-00057,ACC-01629,9956.12,2026-09-02 20:09:43,0,normal,NONE
TX-006474,ACC-00897,ACC-01880,6691.75,2026-09-02 14:32:30,0,normal,NONE
TX-007557,ACC-01191,ACC-00344,17404.18,2026-09-06 22:28:28,0,normal,NONE
TX-009052,ACC-00012,ACC-01268,2813.88,2026-09-01 15:57:14,0,normal,NONE
TX-007622,ACC-01738,ACC-01514,12316.06,2026-09-08 23:38:51,0,normal,NONE
TX-009035,ACC-01101,ACC-01557,16151.79,2026-09-06 10:05:37,0,normal,NONE
TX-008490,ACC-01061,ACC-00611,2088.26,2026-09-09 15:07:11,0,normal,NONE
TX-011028,ACC-01317,ACC-00938,11693.24,2026-09-08 19:37:17,0,normal,NONE
TX-003899,ACC-01088,ACC-00710,9024.33,2026-09-02 23:16:44,0,normal,NONE
TX-001464,ACC-00115,ACC-01146,958.61,2026-09-07 20:06:39,0,normal,NONE
TX-006741,ACC-00687,ACC-01187,3270.2,2026-09-07 13:36:30,0,normal,NONE
TX-000377,ACC-01927,ACC-00605,6628.44,2026-09-04 15:08:30,0,normal,NONE
TX-007444,ACC-01699,ACC-00639,6056.16,2026-09-05 09:41:35,0,normal,NONE
TX-010075,ACC-01044,ACC-00572,596.24,2026-09-05 11:45:24,0,normal,NONE
TX-002217,ACC-01520,ACC-01299,2104.93,2026-09-08 19:49:30,0,normal,NONE
TX-005624,ACC-01153,ACC-00036,3323.68,2026-09-03 12:03:36,0,normal,NONE
TX-013159,ACC-01975,ACC-01931,44591.32,2026-09-03 18:01:00,0,normal_high_value,NONE
TX-002883,ACC-00452,ACC-00898,16288.42,2026-09-01 15:41:31,0,normal,NONE
TX-007150,ACC-01816,ACC-00549,2838.04,2026-09-09 15:48:39,0,normal,NONE
TX-002911,ACC-01708,ACC-01846,2880.06,2026-09-07 08:10:23,0,normal,NONE
TX-003471,ACC-01825,ACC-00084,6909.3,2026-09-07 12:05:36,0,normal,NONE
TX-007175,ACC-00396,ACC-00953,12844.45,2026-09-01 16:13:29,0,normal,NONE
TX-006267,ACC-00598,ACC-00310,1598.29,2026-09-09 21:28:16,0,normal,NONE
TX-002393,ACC-01377,ACC-00565,13695.31,2026-09-01 11:33:19,0,normal,NONE
TX-007111,ACC-00032,ACC-01408,8363.7,2026-09-03 19:01:10,0,normal,NONE
TX-002485,ACC-00526,ACC-01957,12262.68,2026-09-07 17:34:18,0,normal,NONE
TX-012517,ACC-01477,ACC-00957,85174.14,2026-09-09 20:56:00,0,normal_high_value,NONE
TX-009637,ACC-00442,ACC-01418,8756.62,2026-09-01 21:10:16,0,normal,NONE
TX-007064,ACC-00926,ACC-00110,6115.25,2026-09-06 18:46:30,0,normal,NONE
TX-002047,ACC-00874,ACC-01794,5109.86,2026-09-01 18:38:50,0,normal,NONE
TX-004084,ACC-01703,ACC-01421,7992.04,2026-09-03 21:25:00,0,normal,NONE
TX-001255,ACC-01106,ACC-00642,3617.38,2026-09-07 16:39:32,0,normal,NONE
TX-000953,ACC-00462,ACC-00311,6165.32,2026-09-07 12:05:46,0,normal,NONE
TX-003579,ACC-00715,ACC-01890,5084.84,2026-09-07 15:19:21,0,normal,NONE
TX-010421,ACC-01516,ACC-01893,17121.53,2026-09-03 18:46:36,0,normal,NONE
TX-006946,ACC-01041,ACC-00144,6268.52,2026-09-08 11:44:20,0,normal,NONE
TX-011267,ACC-01773,ACC-01514,17575.91,2026-09-01 20:59:50,0,normal,NONE
TX-008995,ACC-01534,ACC-00553,3904.15,2026-09-05 12:32:47,0,normal,NONE
TX-001719,ACC-00967,ACC-00574,16354.51,2026-09-02 21:11:16,0,normal,NONE
TX-007865,ACC-01830,ACC-01879,10518.8,2026-09-08 15:32:29,0,normal,NONE
TX-004954,ACC-00689,ACC-00854,17814.69,2026-09-01 17:06:19,0,normal,NONE
TX-008996,ACC-00277,ACC-01602,2787.65,2026-09-03 12:03:17,0,normal,NONE
TX-003814,ACC-01084,ACC-01547,10430.63,2026-09-06 14:59:01,0,normal,NONE
TX-004984,ACC-01973,ACC-01554,3883.77,2026-09-09 16:50:45,0,normal,NONE
TX-009533,ACC-01779,ACC-01512,17764.49,2026-09-04 17:07:14,0,normal,NONE
TX-004605,ACC-01795,ACC-01663,184.52,2026-09-05 13:15:47,0,normal,NONE
TX-002761,ACC-01889,ACC-01038,3003.7,2026-09-02 12:47:45,0,normal,NONE
TX-003820,ACC-01006,ACC-00253,8174.16,2026-09-04 08:41:27,0,normal,NONE
TX-011761,ACC-00584,ACC-00941,78.76,2026-09-05 16:44:50,0,normal,NONE
TX-002565,ACC-00286,ACC-01615,5714.69,2026-09-03 20:23:00,0,normal,NONE
TX-003644,ACC-00043,ACC-01648,3008.46,2026-09-06 20:49:32,0,normal,NONE
TX-006524,ACC-00641,ACC-01369,13764.77,2026-09-05 16:47:09,0,normal,NONE
TX-003394,ACC-00688,ACC-00722,1459.51,2026-09-07 13:13:36,0,normal,NONE
TX-003939,ACC-01536,ACC-00572,1499.07,2026-09-03 15:55:01,0,normal,NONE
TX-001057,ACC-00552,ACC-00842,16679.63,2026-09-06 09:02:36,0,normal,NONE
TX-001147,ACC-01111,ACC-01179,14304.73,2026-09-02 18:47:59,0,normal,NONE
TX-007754,ACC-01498,ACC-00368,15738.12,2026-09-08 12:43:50,0,normal,NONE
TX-001938,ACC-01638,ACC-00604,300.35,2026-09-01 14:18:52,0,normal,NONE
TX-010325,ACC-00710,ACC-00584,15707.8,2026-09-07 09:57:41,0,normal,NONE
TX-001032,ACC-01433,ACC-01879,11979.95,2026-09-06 22:31:01,0,normal,NONE
TX-007566,ACC-01916,ACC-00418,7997.17,2026-09-08 16:05:36,0,normal,NONE
TX-003782,ACC-01739,ACC-01099,2071.1,2026-09-02 15:39:31,0,normal,NONE
TX-012789,ACC-00547,ACC-01669,46214.23,2026-09-09 11:25:00,0,normal_high_value,NONE
TX-012832,ACC-00924,ACC-00850,78320.87,2026-09-03 22:13:00,0,normal_high_value,NONE
TX-005174,ACC-00197,ACC-00522,13137.01,2026-09-08 23:46:51,0,normal,NONE
TX-002544,ACC-00020,ACC-01481,261.78,2026-09-06 10:09:37,0,normal,NONE
TX-000097,ACC-01577,ACC-01197,17030.2,2026-09-01 20:30:00,0,normal,NONE
TX-002475,ACC-01170,ACC-01312,11042.05,2026-09-01 20:13:57,0,normal,NONE
TX-002523,ACC-01441,ACC-00359,5229.54,2026-09-02 13:57:56,0,normal,NONE
TX-006953,ACC-00761,ACC-01907,1362.02,2026-09-03 19:25:38,0,normal,NONE
TX-005921,ACC-00998,ACC-01825,9862.7,2026-09-01 16:29:14,0,normal,NONE
TX-002240,ACC-00975,ACC-01905,10046.68,2026-09-06 18:20:22,0,normal,NONE
TX-009177,ACC-00748,ACC-01572,8637.05,2026-09-09 20:39:15,0,normal,NONE
TX-012189,FRAUD-08-SRC-14,FRAUD-08-COLLECTOR,11580.86,2026-09-07 09:26:00,1,funneling,NET-08
TX-004502,ACC-01787,ACC-01310,9205.93,2026-09-07 21:19:06,0,normal,NONE
TX-001043,ACC-01850,ACC-01547,11457.67,2026-09-01 12:42:09,0,normal,NONE
TX-002390,ACC-00327,ACC-01324,7553.79,2026-09-04 15:53:22,0,normal,NONE
TX-008298,ACC-00903,ACC-00776,7317.63,2026-09-03 17:18:44,0,normal,NONE
TX-001593,ACC-01591,ACC-01634,6212.18,2026-09-03 16:47:13,0,normal,NONE
TX-002392,ACC-00253,ACC-01487,13319.0,2026-09-03 14:28:09,0,normal,NONE
TX-006225,ACC-00111,ACC-01148,14770.29,2026-09-06 08:19:51,0,normal,NONE
TX-005246,ACC-00827,ACC-00937,8376.89,2026-09-07 09:00:24,0,normal,NONE
TX-004398,ACC-00310,ACC-00488,10694.33,2026-09-02 13:07:59,0,normal,NONE
TX-006521,ACC-00543,ACC-00336,11648.19,2026-09-07 22:41:15,0,normal,NONE
TX-012853,ACC-01289,ACC-00209,48536.87,2026-09-07 11:07:00,0,normal_high_value,NONE
TX-008474,ACC-01265,ACC-00834,5163.17,2026-09-05 12:38:40,0,normal,NONE
TX-004607,ACC-01571,ACC-00066,4944.84,2026-09-08 12:19:07,0,normal,NONE
TX-013056,ACC-01284,ACC-01948,43991.64,2026-09-08 09:21:00,0,normal_high_value,NONE
TX-000004,ACC-01467,ACC-01331,12629.82,2026-09-07 15:28:37,0,normal,NONE
TX-009648,ACC-01911,ACC-01434,10240.61,2026-09-05 18:44:01,0,normal,NONE
TX-003412,ACC-01838,ACC-01186,2150.94,2026-09-05 19:08:02,0,normal,NONE
TX-009854,ACC-01564,ACC-00515,16493.3,2026-09-02 14:59:57,0,normal,NONE
TX-010826,ACC-00887,ACC-00172,3036.56,2026-09-09 14:14:49,0,normal,NONE
TX-006352,ACC-00675,ACC-01727,5980.06,2026-09-07 13:03:08,0,normal,NONE
TX-009940,ACC-01815,ACC-01753,1680.58,2026-09-05 15:01:17,0,normal,NONE
TX-006076,ACC-00382,ACC-00470,15679.57,2026-09-06 16:35:02,0,normal,NONE
TX-003636,ACC-00652,ACC-01506,15945.78,2026-09-02 23:06:11,0,normal,NONE
TX-010294,ACC-00986,ACC-01582,9624.08,2026-09-08 11:50:22,0,normal,NONE
TX-000440,ACC-01267,ACC-00605,14369.03,2026-09-02 10:17:09,0,normal,NONE
TX-006863,ACC-00553,ACC-00280,4647.84,2026-09-01 23:14:53,0,normal,NONE
TX-010502,ACC-01799,ACC-00222,11334.64,2026-09-05 20:25:27,0,normal,NONE
TX-006246,ACC-01126,ACC-00972,7996.41,2026-09-05 16:39:36,0,normal,NONE
TX-009483,ACC-00001,ACC-01320,10798.38,2026-09-03 21:42:34,0,normal,NONE
TX-002752,ACC-01852,ACC-00845,6898.65,2026-09-05 19:01:20,0,normal,NONE
TX-005525,ACC-01113,ACC-00088,6519.66,2026-09-04 09:47:32,0,normal,NONE
TX-003252,ACC-01537,ACC-00619,8930.74,2026-09-05 11:39:06,0,normal,NONE
TX-005844,ACC-00059,ACC-00019,4171.0,2026-09-01 10:05:38,0,normal,NONE
TX-000089,ACC-01879,ACC-01738,2202.03,2026-09-03 22:42:33,0,normal,NONE
TX-011070,ACC-01238,ACC-01723,16867.11,2026-09-07 21:34:02,0,normal,NONE
TX-002577,ACC-01849,ACC-00641,11417.01,2026-09-08 16:35:21,0,normal,NONE
TX-007282,ACC-00472,ACC-01044,4520.8,2026-09-08 13:25:01,0,normal,NONE
TX-010355,ACC-01892,ACC-00767,2621.23,2026-09-02 21:22:15,0,normal,NONE
TX-007908,ACC-00260,ACC-00857,13234.45,2026-09-09 23:01:18,0,normal,NONE
TX-004130,ACC-00862,ACC-00841,15983.59,2026-09-08 16:49:05,0,normal,NONE
TX-000275,ACC-00768,ACC-00460,526.81,2026-09-02 18:50:09,0,normal,NONE
TX-001282,ACC-01898,ACC-01723,6002.35,2026-09-07 11:52:10,0,normal,NONE
TX-005966,ACC-01643,ACC-01246,17142.39,2026-09-03 16:59:14,0,normal,NONE
TX-012254,ACC-01600,ACC-00673,26066.12,2026-09-09 14:34:00,0,normal_high_value,NONE
TX-003496,ACC-00380,ACC-01558,7195.84,2026-09-03 18:50:23,0,normal,NONE
TX-013019,ACC-01944,ACC-01766,63280.39,2026-09-05 18:09:00,0,normal_high_value,NONE
TX-004448,ACC-00451,ACC-00551,11054.66,2026-09-09 09:04:57,0,normal,NONE
TX-005740,ACC-01825,ACC-00871,3139.25,2026-09-03 22:31:41,0,normal,NONE
TX-006718,ACC-00134,ACC-00685,5354.42,2026-09-07 14:21:07,0,normal,NONE
TX-012879,ACC-00380,ACC-00841,24466.31,2026-09-05 20:16:00,0,normal_high_value,NONE
TX-009231,ACC-01444,ACC-00742,11113.8,2026-09-06 14:16:58,0,normal,NONE
TX-010264,ACC-00290,ACC-01989,12905.18,2026-09-04 12:08:16,0,normal,NONE
TX-004338,ACC-01992,ACC-01737,5236.41,2026-09-07 09:24:44,0,normal,NONE
TX-005412,ACC-01069,ACC-01241,14376.08,2026-09-03 12:21:09,0,normal,NONE
TX-000416,ACC-01197,ACC-01187,12965.81,2026-09-05 12:12:21,0,normal,NONE
TX-008092,ACC-00384,ACC-00749,13229.39,2026-09-09 22:47:11,0,normal,NONE
TX-002251,ACC-01407,ACC-01967,11403.54,2026-09-06 20:14:54,0,normal,NONE
TX-008930,ACC-01855,ACC-00504,3377.94,2026-09-09 14:24:32,0,normal,NONE
TX-003070,ACC-00926,ACC-00563,6860.46,2026-09-02 10:46:40,0,normal,NONE
TX-006881,ACC-00493,ACC-00689,2851.45,2026-09-05 15:30:49,0,normal,NONE
TX-000711,ACC-00094,ACC-01837,2971.51,2026-09-03 21:06:16,0,normal,NONE
TX-005029,ACC-00503,ACC-01669,5551.82,2026-09-06 21:04:05,0,normal,NONE
TX-009361,ACC-00657,ACC-00539,11412.99,2026-09-08 19:48:39,0,normal,NONE
TX-000408,ACC-01204,ACC-01484,12092.68,2026-09-04 23:13:55,0,normal,NONE
TX-005408,ACC-01189,ACC-00163,5253.07,2026-09-06 13:39:19,0,normal,NONE
TX-007681,ACC-01982,ACC-01097,14578.92,2026-09-06 13:23:26,0,normal,NONE
TX-010897,ACC-01475,ACC-00655,9656.14,2026-09-09 11:41:04,0,normal,NONE
TX-012945,ACC-01387,ACC-01744,88161.54,2026-09-09 22:30:00,0,normal_high_value,NONE
TX-012458,ACC-01183,ACC-00905,45445.78,2026-09-04 10:50:00,0,normal_high_value,NONE
TX-013030,ACC-01601,ACC-01638,30221.47,2026-09-01 10:45:00,0,normal_high_value,NONE
TX-002770,ACC-00397,ACC-00856,14394.5,2026-09-03 21:35:36,0,normal,NONE
TX-009016,ACC-00997,ACC-01910,5289.17,2026-09-09 20:02:05,0,normal,NONE
TX-006628,ACC-01707,ACC-01028,7879.54,2026-09-02 12:18:48,0,normal,NONE
TX-004771,ACC-01055,ACC-01702,12446.51,2026-09-01 14:28:41,0,normal,NONE
TX-004703,ACC-00865,ACC-00671,7926.37,2026-09-03 19:15:23,0,normal,NONE
TX-011833,ACC-01627,ACC-01337,14227.45,2026-09-04 14:34:29,0,normal,NONE
TX-010530,ACC-00914,ACC-01919,13554.27,2026-09-06 13:05:49,0,normal,NONE
TX-010452,ACC-00797,ACC-00880,10475.12,2026-09-08 09:27:30,0,normal,NONE
TX-001524,ACC-00352,ACC-00670,15477.54,2026-09-07 20:10:07,0,normal,NONE
TX-006744,ACC-01937,ACC-00623,12926.76,2026-09-07 13:30:03,0,normal,NONE
TX-001111,ACC-01662,ACC-01712,17679.83,2026-09-07 18:07:43,0,normal,NONE
TX-010872,ACC-01939,ACC-01516,3423.08,2026-09-07 14:28:47,0,normal,NONE
TX-001407,ACC-00092,ACC-00856,8671.55,2026-09-05 22:57:21,0,normal,NONE
TX-007815,ACC-01455,ACC-01521,9673.18,2026-09-01 08:57:28,0,normal,NONE
TX-003911,ACC-01507,ACC-00880,7845.37,2026-09-06 15:52:49,0,normal,NONE
TX-011704,ACC-00078,ACC-00659,5313.84,2026-09-09 22:59:11,0,normal,NONE
TX-006887,ACC-01732,ACC-01312,943.78,2026-09-08 18:49:10,0,normal,NONE
TX-010620,ACC-00621,ACC-01509,11761.06,2026-09-07 23:36:39,0,normal,NONE
TX-003470,ACC-00755,ACC-01985,15145.47,2026-09-07 22:48:56,0,normal,NONE
TX-012813,ACC-01127,ACC-01969,22730.49,2026-09-01 12:59:00,0,normal_high_value,NONE
TX-002560,ACC-00654,ACC-00924,6458.86,2026-09-08 19:31:19,0,normal,NONE
TX-007632,ACC-01073,ACC-01542,5805.14,2026-09-08 09:49:48,0,normal,NONE
TX-012211,FRAUD-09-SRC-11,FRAUD-09-COLLECTOR,7548.66,2026-09-04 18:20:00,1,funneling,NET-09
TX-000634,ACC-01744,ACC-01074,15830.4,2026-09-01 13:12:56,0,normal,NONE
TX-006387,ACC-00733,ACC-00222,7053.47,2026-09-06 12:04:16,0,normal,NONE
TX-009355,ACC-00703,ACC-00481,15985.97,2026-09-06 13:59:05,0,normal,NONE
TX-002169,ACC-01342,ACC-01258,13279.42,2026-09-06 18:57:45,0,normal,NONE
TX-004851,ACC-01753,ACC-00322,11967.21,2026-09-08 23:07:43,0,normal,NONE
TX-010669,ACC-00686,ACC-00674,12507.55,2026-09-09 14:32:33,0,normal,NONE
TX-000132,ACC-00962,ACC-00981,7939.63,2026-09-03 09:16:55,0,normal,NONE
TX-013112,ACC-01847,ACC-01731,64525.03,2026-09-01 15:59:00,0,normal_high_value,NONE
TX-008887,ACC-00052,ACC-01846,10268.98,2026-09-01 10:26:52,0,normal,NONE
TX-006612,ACC-00746,ACC-00798,16040.64,2026-09-03 10:09:54,0,normal,NONE
TX-010418,ACC-00983,ACC-00132,3965.13,2026-09-02 16:14:57,0,normal,NONE
TX-000775,ACC-00305,ACC-00750,7077.12,2026-09-05 12:29:32,0,normal,NONE
TX-011226,ACC-01642,ACC-00811,7827.72,2026-09-02 11:49:21,0,normal,NONE
TX-010942,ACC-00007,ACC-01751,15717.57,2026-09-03 12:23:53,0,normal,NONE
TX-001632,ACC-01443,ACC-01980,6793.22,2026-09-06 12:52:45,0,normal,NONE
TX-002334,ACC-00602,ACC-00014,11233.94,2026-09-07 08:00:14,0,normal,NONE
TX-012966,ACC-00315,ACC-01256,69121.66,2026-09-08 12:39:00,0,normal_high_value,NONE
TX-008659,ACC-00708,ACC-00122,9167.63,2026-09-03 19:51:58,0,normal,NONE
TX-002541,ACC-00547,ACC-00171,16442.17,2026-09-02 18:55:32,0,normal,NONE
TX-000470,ACC-01387,ACC-01639,2975.09,2026-09-04 13:35:10,0,normal,NONE
TX-010864,ACC-00242,ACC-00547,6768.71,2026-09-05 15:51:50,0,normal,NONE
TX-003170,ACC-00780,ACC-01720,14241.74,2026-09-01 14:45:42,0,normal,NONE
TX-009210,ACC-01024,ACC-01265,6440.84,2026-09-09 09:50:49,0,normal,NONE
TX-012099,FRAUD-04-NEXTHOP,FRAUD-04-OUT-07,12734.59,2026-09-04 12:54:00,1,fan_out,NET-04
TX-009433,ACC-00626,ACC-01617,17216.4,2026-09-04 14:22:24,0,normal,NONE
TX-003434,ACC-01153,ACC-01140,14223.38,2026-09-09 22:20:54,0,normal,NONE
TX-009938,ACC-01285,ACC-01137,570.78,2026-09-09 13:06:13,0,normal,NONE
TX-003922,ACC-01273,ACC-01801,7965.9,2026-09-07 22:32:54,0,normal,NONE
TX-011502,ACC-01163,ACC-00249,4504.26,2026-09-02 08:04:49,0,normal,NONE
TX-008192,ACC-00867,ACC-01335,11904.05,2026-09-06 21:06:08,0,normal,NONE
TX-013242,ACC-00425,ACC-01106,27721.73,2026-09-02 22:15:00,0,normal_high_value,NONE
TX-000564,ACC-00927,ACC-01139,13470.45,2026-09-04 11:29:06,0,normal,NONE
TX-001906,ACC-00385,ACC-00141,5015.54,2026-09-03 17:55:36,0,normal,NONE
TX-011835,ACC-01331,ACC-00328,14705.35,2026-09-09 22:38:50,0,normal,NONE
TX-011609,ACC-00575,ACC-00776,11885.37,2026-09-08 20:25:59,0,normal,NONE
TX-011191,ACC-01045,ACC-00639,14091.02,2026-09-02 13:54:34,0,normal,NONE
TX-001577,ACC-00171,ACC-01555,16318.1,2026-09-05 12:35:46,0,normal,NONE
TX-003028,ACC-01227,ACC-00577,7045.47,2026-09-01 22:56:08,0,normal,NONE
TX-012946,ACC-00208,ACC-01859,69079.8,2026-09-06 12:48:00,0,normal_high_value,NONE
TX-007573,ACC-01294,ACC-01697,11706.59,2026-09-08 13:01:15,0,normal,NONE
TX-004415,ACC-00638,ACC-00131,5568.07,2026-09-08 09:41:58,0,normal,NONE
TX-005334,ACC-00673,ACC-00863,10296.97,2026-09-01 08:40:04,0,normal,NONE
TX-003017,ACC-01592,ACC-00547,7188.1,2026-09-03 15:37:50,0,normal,NONE
TX-011738,ACC-00196,ACC-00181,9736.29,2026-09-03 16:01:52,0,normal,NONE
TX-000080,ACC-01708,ACC-00001,5483.67,2026-09-04 21:50:37,0,normal,NONE
TX-010764,ACC-00138,ACC-01239,14757.94,2026-09-05 22:05:37,0,normal,NONE
TX-006555,ACC-00219,ACC-01084,4129.9,2026-09-03 16:57:01,0,normal,NONE
TX-002373,ACC-00929,ACC-01273,4745.23,2026-09-08 11:47:17,0,normal,NONE
TX-008331,ACC-00984,ACC-01149,7427.13,2026-09-01 18:16:29,0,normal,NONE
TX-012143,FRAUD-06-NEXTHOP,FRAUD-06-OUT-01,11638.86,2026-09-03 13:48:00,1,fan_out,NET-06
TX-011340,ACC-01873,ACC-00131,187.18,2026-09-09 12:40:52,0,normal,NONE
TX-011850,ACC-01936,ACC-00433,13348.08,2026-09-06 13:47:59,0,normal,NONE
TX-010424,ACC-01972,ACC-01386,8306.27,2026-09-01 15:54:39,0,normal,NONE
TX-012417,ACC-01205,ACC-00801,68131.56,2026-09-09 18:12:00,0,normal_high_value,NONE
TX-008829,ACC-01261,ACC-01838,17918.32,2026-09-05 08:19:44,0,normal,NONE
TX-006689,ACC-00815,ACC-00133,7887.53,2026-09-08 19:30:14,0,normal,NONE
TX-002092,ACC-01301,ACC-01794,1615.04,2026-09-09 14:00:27,0,normal,NONE
TX-001905,ACC-00449,ACC-01878,6558.32,2026-09-08 14:49:25,0,normal,NONE
TX-008392,ACC-00470,ACC-01218,4388.21,2026-09-05 14:04:01,0,normal,NONE
TX-004953,ACC-01437,ACC-01832,16884.88,2026-09-02 21:42:04,0,normal,NONE
TX-002499,ACC-00213,ACC-01402,4221.24,2026-09-07 08:36:03,0,normal,NONE
TX-001852,ACC-00191,ACC-00192,481.01,2026-09-01 12:01:39,0,normal,NONE
TX-012664,ACC-00298,ACC-01762,84218.73,2026-09-05 19:24:00,0,normal_high_value,NONE
TX-003859,ACC-00427,ACC-01382,3303.72,2026-09-06 18:06:14,0,normal,NONE
TX-002589,ACC-01747,ACC-00023,5381.22,2026-09-04 12:18:01,0,normal,NONE
TX-006921,ACC-01039,ACC-00978,7876.89,2026-09-02 21:18:35,0,normal,NONE
TX-004157,ACC-01743,ACC-00518,15887.07,2026-09-03 10:21:00,0,normal,NONE
TX-011685,ACC-01119,ACC-00274,12294.97,2026-09-09 16:44:16,0,normal,NONE
TX-001146,ACC-00682,ACC-01088,608.2,2026-09-07 16:44:39,0,normal,NONE
TX-003543,ACC-01008,ACC-00565,1899.65,2026-09-04 08:31:42,0,normal,NONE
TX-004609,ACC-00693,ACC-00646,8264.48,2026-09-01 20:11:53,0,normal,NONE
TX-009390,ACC-00147,ACC-01115,176.17,2026-09-02 08:33:58,0,normal,NONE
TX-010448,ACC-00672,ACC-01415,15345.02,2026-09-07 13:23:42,0,normal,NONE
TX-009171,ACC-00867,ACC-00635,4882.37,2026-09-02 10:38:41,0,normal,NONE
TX-008226,ACC-01536,ACC-01151,2589.14,2026-09-02 10:06:47,0,normal,NONE
TX-000853,ACC-00728,ACC-00666,12124.01,2026-09-08 22:56:05,0,normal,NONE
TX-001495,ACC-01460,ACC-00766,9468.05,2026-09-08 23:30:17,0,normal,NONE
TX-005842,ACC-00547,ACC-01653,510.9,2026-09-05 16:40:43,0,normal,NONE
TX-010155,ACC-00787,ACC-00826,15552.17,2026-09-02 10:52:47,0,normal,NONE
TX-002465,ACC-00187,ACC-01359,11793.38,2026-09-09 20:48:34,0,normal,NONE
TX-003269,ACC-00510,ACC-00842,17566.04,2026-09-03 11:32:37,0,normal,NONE
TX-004920,ACC-01413,ACC-01456,10627.79,2026-09-01 20:33:10,0,normal,NONE
TX-001806,ACC-00525,ACC-01563,15782.31,2026-09-03 11:36:31,0,normal,NONE
TX-002289,ACC-00935,ACC-00364,743.39,2026-09-05 16:05:47,0,normal,NONE
TX-012867,ACC-01402,ACC-00171,26785.05,2026-09-04 18:58:00,0,normal_high_value,NONE
TX-007460,ACC-01986,ACC-00833,17267.26,2026-09-09 11:14:57,0,normal,NONE
TX-005734,ACC-01935,ACC-01110,12649.57,2026-09-06 13:30:09,0,normal,NONE
TX-000189,ACC-01529,ACC-01783,6110.1,2026-09-02 22:04:09,0,normal,NONE
TX-001124,ACC-01373,ACC-01890,795.22,2026-09-06 17:13:27,0,normal,NONE
TX-004005,ACC-00706,ACC-00522,2874.96,2026-09-02 08:15:53,0,normal,NONE
TX-003032,ACC-01910,ACC-01233,1220.96,2026-09-05 08:25:59,0,normal,NONE
TX-005779,ACC-00387,ACC-01685,13123.5,2026-09-04 13:46:59,0,normal,NONE
TX-011138,ACC-01907,ACC-00072,10288.11,2026-09-06 17:03:22,0,normal,NONE
TX-006735,ACC-00112,ACC-01887,9832.94,2026-09-09 14:42:42,0,normal,NONE
TX-010328,ACC-00853,ACC-01202,5879.18,2026-09-09 10:38:34,0,normal,NONE
TX-001595,ACC-01008,ACC-00004,1761.73,2026-09-07 21:41:18,0,normal,NONE
TX-007039,ACC-01788,ACC-01402,14744.63,2026-09-01 13:24:48,0,normal,NONE
TX-009811,ACC-00765,ACC-00026,8681.02,2026-09-09 21:31:36,0,normal,NONE
TX-000501,ACC-01192,ACC-00006,15642.96,2026-09-02 22:40:42,0,normal,NONE
TX-008833,ACC-01127,ACC-00935,3499.65,2026-09-09 10:21:56,0,normal,NONE
TX-004510,ACC-00938,ACC-01769,11614.61,2026-09-07 14:47:40,0,normal,NONE
TX-012190,FRAUD-08-SRC-15,FRAUD-08-COLLECTOR,7452.14,2026-09-07 09:28:00,1,funneling,NET-08
TX-008695,ACC-00032,ACC-01579,7763.14,2026-09-06 11:17:07,0,normal,NONE
TX-002232,ACC-00393,ACC-01170,4712.34,2026-09-05 15:44:51,0,normal,NONE
TX-007050,ACC-01804,ACC-00954,1173.32,2026-09-07 17:36:53,0,normal,NONE
TX-002634,ACC-01001,ACC-01622,4182.75,2026-09-01 17:23:05,0,normal,NONE
TX-010516,ACC-00301,ACC-00024,17244.91,2026-09-01 08:43:40,0,normal,NONE
TX-011618,ACC-00820,ACC-01191,1050.48,2026-09-02 15:30:26,0,normal,NONE
TX-009249,ACC-01593,ACC-00786,10512.0,2026-09-06 23:13:45,0,normal,NONE
TX-000591,ACC-00357,ACC-01449,17438.0,2026-09-06 15:42:37,0,normal,NONE
TX-004717,ACC-01027,ACC-00600,2540.95,2026-09-03 23:41:32,0,normal,NONE
TX-006302,ACC-00556,ACC-00362,7139.09,2026-09-05 21:47:33,0,normal,NONE
TX-009728,ACC-00710,ACC-01070,9842.21,2026-09-09 16:42:12,0,normal,NONE
TX-009474,ACC-00250,ACC-01005,4292.34,2026-09-04 19:35:12,0,normal,NONE
TX-002076,ACC-01261,ACC-00644,1808.41,2026-09-05 13:07:18,0,normal,NONE
TX-009129,ACC-01418,ACC-00834,3546.74,2026-09-07 13:32:31,0,normal,NONE
TX-004025,ACC-01237,ACC-00449,13292.12,2026-09-04 12:29:44,0,normal,NONE
TX-012891,ACC-01666,ACC-01749,29678.8,2026-09-01 10:08:00,0,normal_high_value,NONE
TX-005668,ACC-00099,ACC-00305,6277.32,2026-09-05 23:10:43,0,normal,NONE
TX-000778,ACC-00367,ACC-01160,17077.84,2026-09-03 23:22:02,0,normal,NONE
TX-013174,ACC-00518,ACC-00801,76018.33,2026-09-09 20:47:00,0,normal_high_value,NONE
TX-002348,ACC-00820,ACC-01970,15437.73,2026-09-06 19:19:53,0,normal,NONE
TX-007802,ACC-01530,ACC-00282,11241.88,2026-09-05 12:47:25,0,normal,NONE
TX-001195,ACC-00559,ACC-00740,7562.86,2026-09-06 09:18:18,0,normal,NONE
TX-009024,ACC-00840,ACC-00071,5031.74,2026-09-02 13:26:06,0,normal,NONE
TX-006679,ACC-00482,ACC-00110,11584.83,2026-09-06 18:54:38,0,normal,NONE
TX-009645,ACC-00953,ACC-00287,9958.56,2026-09-05 15:32:41,0,normal,NONE
TX-003133,ACC-01957,ACC-00207,13195.84,2026-09-06 10:40:19,0,normal,NONE
TX-002305,ACC-01570,ACC-00812,14148.88,2026-09-03 13:20:33,0,normal,NONE
TX-004101,ACC-01832,ACC-01882,13541.89,2026-09-07 14:50:16,0,normal,NONE
TX-004388,ACC-01632,ACC-01563,17613.32,2026-09-06 16:55:51,0,normal,NONE
TX-012901,ACC-00849,ACC-01184,80400.85,2026-09-04 17:46:00,0,normal_high_value,NONE
TX-001114,ACC-00758,ACC-01134,2986.81,2026-09-04 09:08:06,0,normal,NONE
TX-000657,ACC-00603,ACC-00950,15324.83,2026-09-08 09:55:40,0,normal,NONE
TX-006734,ACC-01141,ACC-00534,479.88,2026-09-07 18:12:38,0,normal,NONE
TX-005351,ACC-01695,ACC-01635,14871.4,2026-09-02 15:15:01,0,normal,NONE
TX-011902,ACC-00153,ACC-01683,9065.44,2026-09-03 22:05:41,0,normal,NONE
TX-008424,ACC-00806,ACC-00126,7752.45,2026-09-04 23:58:29,0,normal,NONE
TX-013161,ACC-01180,ACC-01411,75667.94,2026-09-04 23:55:00,0,normal_high_value,NONE
TX-009920,ACC-00669,ACC-00264,6495.04,2026-09-09 14:33:22,0,normal,NONE
TX-005262,ACC-01064,ACC-00271,16768.15,2026-09-09 23:02:39,0,normal,NONE
TX-002814,ACC-01349,ACC-01757,13263.09,2026-09-09 16:33:25,0,normal,NONE
TX-007403,ACC-01761,ACC-01131,2650.48,2026-09-08 14:29:54,0,normal,NONE
TX-000566,ACC-00456,ACC-00268,3582.43,2026-09-07 19:43:40,0,normal,NONE
TX-004203,ACC-01610,ACC-01367,16917.99,2026-09-03 17:58:00,0,normal,NONE
TX-001804,ACC-00643,ACC-00348,16814.33,2026-09-03 10:17:36,0,normal,NONE
TX-011874,ACC-00145,ACC-00147,16587.58,2026-09-06 20:26:51,0,normal,NONE
TX-003102,ACC-00740,ACC-00266,4245.48,2026-09-09 19:25:10,0,normal,NONE
TX-008012,ACC-00647,ACC-01985,12220.01,2026-09-07 13:40:16,0,normal,NONE
TX-008185,ACC-00744,ACC-00348,6054.56,2026-09-04 10:12:16,0,normal,NONE
TX-001643,ACC-01936,ACC-00108,2129.9,2026-09-09 18:37:27,0,normal,NONE
TX-010571,ACC-01186,ACC-00139,16441.33,2026-09-05 20:30:02,0,normal,NONE
TX-009297,ACC-01388,ACC-00432,4965.48,2026-09-02 13:18:30,0,normal,NONE
TX-004694,ACC-01058,ACC-01908,5733.35,2026-09-05 22:07:31,0,normal,NONE
TX-002969,ACC-01476,ACC-01770,9450.04,2026-09-01 08:58:11,0,normal,NONE
TX-002667,ACC-00012,ACC-00794,13967.81,2026-09-03 20:02:19,0,normal,NONE
TX-012632,ACC-00236,ACC-00591,26553.36,2026-09-08 23:01:00,0,normal_high_value,NONE
TX-000047,ACC-00165,ACC-01744,3361.13,2026-09-02 15:25:07,0,normal,NONE
TX-001150,ACC-01145,ACC-01444,1224.77,2026-09-04 12:21:15,0,normal,NONE
TX-011811,ACC-00661,ACC-01555,4893.18,2026-09-02 17:44:24,0,normal,NONE
TX-009536,ACC-00618,ACC-01323,13413.33,2026-09-07 18:19:45,0,normal,NONE
TX-008776,ACC-01101,ACC-01919,14335.17,2026-09-03 14:18:25,0,normal,NONE
TX-000766,ACC-00651,ACC-00996,8122.61,2026-09-05 12:36:36,0,normal,NONE
TX-003091,ACC-01277,ACC-00246,15801.95,2026-09-09 10:59:53,0,normal,NONE
TX-010125,ACC-00776,ACC-00957,7149.96,2026-09-05 21:39:54,0,normal,NONE
TX-001567,ACC-00591,ACC-01538,446.01,2026-09-06 18:15:13,0,normal,NONE
TX-007832,ACC-01543,ACC-00158,7851.96,2026-09-07 12:36:25,0,normal,NONE
TX-009994,ACC-01095,ACC-00165,9791.65,2026-09-09 20:28:33,0,normal,NONE
TX-007459,ACC-01020,ACC-01689,270.13,2026-09-09 11:56:25,0,normal,NONE
TX-002621,ACC-01269,ACC-00103,15431.84,2026-09-05 08:19:28,0,normal,NONE
TX-013113,ACC-00549,ACC-00967,52145.52,2026-09-05 16:47:00,0,normal_high_value,NONE
TX-009041,ACC-01737,ACC-01243,2573.74,2026-09-06 15:34:16,0,normal,NONE
TX-002614,ACC-00231,ACC-00086,6986.39,2026-09-02 14:12:48,0,normal,NONE
TX-008303,ACC-00399,ACC-00483,15681.9,2026-09-09 13:52:40,0,normal,NONE
TX-008629,ACC-00536,ACC-01512,10711.28,2026-09-03 17:15:01,0,normal,NONE
TX-009882,ACC-00721,ACC-00245,5561.35,2026-09-08 19:27:07,0,normal,NONE
TX-010867,ACC-01559,ACC-00848,8192.27,2026-09-08 18:14:46,0,normal,NONE
TX-003523,ACC-00382,ACC-01179,13078.05,2026-09-08 15:22:08,0,normal,NONE
TX-001012,ACC-00557,ACC-00848,1580.62,2026-09-04 19:28:53,0,normal,NONE
TX-010595,ACC-00098,ACC-00426,16409.74,2026-09-03 18:03:46,0,normal,NONE
TX-004413,ACC-01384,ACC-01797,13309.93,2026-09-09 16:45:52,0,normal,NONE
TX-004449,ACC-00428,ACC-01486,7890.17,2026-09-07 15:57:26,0,normal,NONE
TX-009414,ACC-01527,ACC-01002,9992.42,2026-09-08 14:39:03,0,normal,NONE
TX-003509,ACC-01036,ACC-01634,8302.57,2026-09-05 23:03:07,0,normal,NONE
TX-002686,ACC-01599,ACC-00809,517.42,2026-09-06 20:28:38,0,normal,NONE
TX-008825,ACC-01064,ACC-00924,1148.74,2026-09-06 15:17:41,0,normal,NONE
TX-012584,ACC-00535,ACC-00745,33812.15,2026-09-02 18:48:00,0,normal_high_value,NONE
TX-012712,ACC-00163,ACC-00530,82208.03,2026-09-08 13:41:00,0,normal_high_value,NONE
TX-003066,ACC-00581,ACC-00711,8144.51,2026-09-09 22:51:48,0,normal,NONE
TX-007842,ACC-01458,ACC-01547,14565.12,2026-09-04 08:48:00,0,normal,NONE
TX-007783,ACC-01216,ACC-00874,16679.16,2026-09-01 13:58:41,0,normal,NONE
TX-012381,ACC-00344,ACC-00026,75276.1,2026-09-06 12:43:00,0,normal_high_value,NONE
TX-003234,ACC-00182,ACC-01619,10465.93,2026-09-02 19:27:02,0,normal,NONE
TX-011248,ACC-01723,ACC-00165,12142.87,2026-09-08 19:14:17,0,normal,NONE
TX-008645,ACC-00329,ACC-01938,9550.81,2026-09-04 14:33:46,0,normal,NONE
TX-007564,ACC-00539,ACC-00238,2846.71,2026-09-09 17:23:56,0,normal,NONE
TX-011360,ACC-00697,ACC-01093,11777.64,2026-09-09 14:10:46,0,normal,NONE
TX-010985,ACC-01621,ACC-01701,14735.09,2026-09-08 11:19:24,0,normal,NONE
TX-003858,ACC-00914,ACC-01634,15169.41,2026-09-03 20:39:01,0,normal,NONE
TX-003781,ACC-01488,ACC-00446,11494.75,2026-09-04 18:48:27,0,normal,NONE
TX-001346,ACC-00429,ACC-00986,11682.25,2026-09-04 21:53:40,0,normal,NONE
TX-001445,ACC-01281,ACC-00621,14555.29,2026-09-04 15:31:23,0,normal,NONE
TX-009868,ACC-00591,ACC-00181,2603.13,2026-09-02 18:17:02,0,normal,NONE
TX-005328,ACC-00831,ACC-00783,12507.52,2026-09-03 12:23:16,0,normal,NONE
TX-006885,ACC-01536,ACC-00317,5958.04,2026-09-03 13:21:52,0,normal,NONE
TX-005805,ACC-01214,ACC-00754,7748.83,2026-09-08 10:16:57,0,normal,NONE
TX-007597,ACC-01235,ACC-00979,639.02,2026-09-07 19:09:53,0,normal,NONE
TX-002423,ACC-01458,ACC-01225,16466.26,2026-09-07 16:09:45,0,normal,NONE
TX-009405,ACC-00172,ACC-01730,9338.23,2026-09-03 18:53:51,0,normal,NONE
TX-002733,ACC-00326,ACC-00190,11085.79,2026-09-09 09:16:05,0,normal,NONE
TX-000081,ACC-01243,ACC-01341,5814.04,2026-09-08 22:43:13,0,normal,NONE
TX-006633,ACC-00280,ACC-00420,12853.35,2026-09-09 13:07:20,0,normal,NONE
TX-008607,ACC-00831,ACC-01833,1401.93,2026-09-02 15:39:01,0,normal,NONE
TX-003541,ACC-01838,ACC-01302,14230.6,2026-09-08 15:04:54,0,normal,NONE
TX-000336,ACC-01394,ACC-01252,2156.22,2026-09-02 20:23:50,0,normal,NONE
TX-011060,ACC-01740,ACC-00827,6400.48,2026-09-08 09:19:58,0,normal,NONE
TX-007517,ACC-01775,ACC-00984,15201.45,2026-09-08 08:25:08,0,normal,NONE
TX-009444,ACC-01817,ACC-00900,14768.5,2026-09-03 11:55:51,0,normal,NONE
TX-005077,ACC-00855,ACC-01689,9072.17,2026-09-03 12:43:05,0,normal,NONE
TX-001573,ACC-00362,ACC-01241,4496.47,2026-09-05 22:40:12,0,normal,NONE
TX-009061,ACC-01362,ACC-01027,477.69,2026-09-09 08:38:34,0,normal,NONE
TX-011478,ACC-01953,ACC-01078,10675.67,2026-09-07 16:08:23,0,normal,NONE
TX-000880,ACC-00701,ACC-00861,5622.15,2026-09-08 19:29:44,0,normal,NONE
TX-004689,ACC-00140,ACC-00126,5087.58,2026-09-05 15:04:22,0,normal,NONE
TX-011320,ACC-00785,ACC-01002,1680.48,2026-09-08 13:52:31,0,normal,NONE
TX-001510,ACC-00467,ACC-00465,13025.58,2026-09-04 23:14:33,0,normal,NONE
TX-001897,ACC-00304,ACC-01543,10522.66,2026-09-07 22:42:07,0,normal,NONE
TX-003101,ACC-01073,ACC-00969,10115.51,2026-09-03 23:00:17,0,normal,NONE
TX-008472,ACC-00604,ACC-01848,12629.05,2026-09-02 21:29:24,0,normal,NONE
TX-008085,ACC-01470,ACC-00452,2666.79,2026-09-04 16:44:09,0,normal,NONE
TX-006878,ACC-00339,ACC-01359,2479.27,2026-09-05 17:58:06,0,normal,NONE
TX-007584,ACC-01438,ACC-00693,11048.6,2026-09-04 16:58:44,0,normal,NONE
TX-001846,ACC-01063,ACC-01680,13347.59,2026-09-06 18:10:36,0,normal,NONE
TX-000112,ACC-00618,ACC-01742,12322.98,2026-09-02 09:22:34,0,normal,NONE
TX-000473,ACC-01258,ACC-01809,3567.89,2026-09-07 20:00:45,0,normal,NONE
TX-005872,ACC-01349,ACC-01008,10336.53,2026-09-09 11:42:13,0,normal,NONE
TX-010531,ACC-00533,ACC-00707,11922.96,2026-09-05 16:28:08,0,normal,NONE
TX-007650,ACC-00604,ACC-00206,5793.87,2026-09-04 14:47:02,0,normal,NONE
TX-009175,ACC-00118,ACC-00462,1284.32,2026-09-06 10:16:20,0,normal,NONE
TX-007808,ACC-01791,ACC-01857,16685.82,2026-09-08 20:42:34,0,normal,NONE
TX-006022,ACC-00656,ACC-01193,16321.33,2026-09-03 20:08:38,0,normal,NONE
TX-006876,ACC-01858,ACC-01879,7082.47,2026-09-08 18:54:05,0,normal,NONE
TX-011019,ACC-01040,ACC-01213,8220.57,2026-09-05 08:39:13,0,normal,NONE
TX-001184,ACC-01076,ACC-00687,1208.76,2026-09-07 10:00:26,0,normal,NONE
TX-005689,ACC-01838,ACC-01048,10982.19,2026-09-06 15:52:10,0,normal,NONE
TX-002862,ACC-00380,ACC-01329,16528.57,2026-09-02 08:30:13,0,normal,NONE
TX-004216,ACC-00463,ACC-00859,1569.17,2026-09-03 09:09:44,0,normal,NONE
TX-010523,ACC-00462,ACC-00625,4677.62,2026-09-05 10:57:49,0,normal,NONE
TX-006111,ACC-01859,ACC-01687,4516.61,2026-09-08 08:19:53,0,normal,NONE
TX-002109,ACC-01063,ACC-00432,6530.52,2026-09-04 13:53:34,0,normal,NONE
TX-003450,ACC-00566,ACC-00680,17306.78,2026-09-05 09:42:06,0,normal,NONE
TX-008814,ACC-01350,ACC-01799,137.04,2026-09-03 13:26:52,0,normal,NONE
TX-004094,ACC-01173,ACC-00667,4124.28,2026-09-03 14:17:27,0,normal,NONE
TX-007672,ACC-00758,ACC-01891,12435.33,2026-09-06 21:30:51,0,normal,NONE
TX-005039,ACC-01177,ACC-01443,3363.13,2026-09-07 17:54:01,0,normal,NONE
TX-009913,ACC-01066,ACC-00576,17576.8,2026-09-05 11:50:50,0,normal,NONE
TX-006498,ACC-00168,ACC-01069,7543.52,2026-09-05 12:27:08,0,normal,NONE
TX-009713,ACC-00290,ACC-01866,7131.8,2026-09-07 19:18:54,0,normal,NONE
TX-003529,ACC-00814,ACC-00188,16335.02,2026-09-09 22:02:32,0,normal,NONE
TX-008119,ACC-01822,ACC-01054,13679.33,2026-09-09 20:48:01,0,normal,NONE
TX-005698,ACC-00792,ACC-00011,5318.48,2026-09-04 22:06:30,0,normal,NONE
TX-005881,ACC-00619,ACC-01789,16531.26,2026-09-04 18:45:11,0,normal,NONE
TX-010893,ACC-01463,ACC-01404,3941.52,2026-09-04 14:53:15,0,normal,NONE
TX-011660,ACC-00404,ACC-01737,12797.45,2026-09-04 15:36:16,0,normal,NONE
TX-006799,ACC-01834,ACC-00401,15299.98,2026-09-09 08:04:56,0,normal,NONE
TX-011356,ACC-00557,ACC-01602,9326.37,2026-09-05 13:20:10,0,normal,NONE
TX-005460,ACC-01441,ACC-01555,7627.77,2026-09-01 09:17:39,0,normal,NONE
TX-008835,ACC-01002,ACC-00434,6817.98,2026-09-08 10:15:47,0,normal,NONE
TX-002187,ACC-00432,ACC-00529,3944.22,2026-09-05 09:59:07,0,normal,NONE
TX-013199,ACC-00103,ACC-01043,76426.65,2026-09-05 09:10:00,0,normal_high_value,NONE
TX-004430,ACC-01284,ACC-01514,4592.13,2026-09-04 21:51:24,0,normal,NONE
TX-001194,ACC-00300,ACC-00655,8309.57,2026-09-03 19:10:03,0,normal,NONE
TX-000046,ACC-00118,ACC-00103,10523.51,2026-09-09 13:03:32,0,normal,NONE
TX-000977,ACC-00663,ACC-00924,467.92,2026-09-08 14:56:29,0,normal,NONE
TX-012648,ACC-01397,ACC-00558,67002.23,2026-09-02 22:14:00,0,normal_high_value,NONE
TX-008869,ACC-01770,ACC-00288,13619.13,2026-09-02 13:17:28,0,normal,NONE
TX-001579,ACC-01152,ACC-01242,8665.58,2026-09-06 12:45:30,0,normal,NONE
TX-010660,ACC-01040,ACC-01372,3450.81,2026-09-09 19:55:26,0,normal,NONE
TX-009023,ACC-01289,ACC-00384,4765.75,2026-09-09 20:35:16,0,normal,NONE
TX-002964,ACC-00932,ACC-01078,8406.77,2026-09-02 09:38:12,0,normal,NONE
TX-005887,ACC-00844,ACC-01491,371.13,2026-09-09 21:23:58,0,normal,NONE
TX-004405,ACC-01243,ACC-01830,4172.8,2026-09-05 21:42:19,0,normal,NONE
TX-001585,ACC-00755,ACC-01427,1057.53,2026-09-07 21:47:15,0,normal,NONE
TX-007705,ACC-00963,ACC-01895,3719.89,2026-09-09 09:20:15,0,normal,NONE
TX-007299,ACC-00843,ACC-01529,17769.11,2026-09-08 10:33:48,0,normal,NONE
TX-011436,ACC-01959,ACC-00729,17229.27,2026-09-09 08:55:27,0,normal,NONE
TX-009380,ACC-01599,ACC-01475,4013.98,2026-09-09 16:02:04,0,normal,NONE
TX-001976,ACC-01719,ACC-01322,8717.73,2026-09-08 13:36:45,0,normal,NONE
TX-008808,ACC-01009,ACC-01372,4603.39,2026-09-02 20:19:01,0,normal,NONE
TX-004195,ACC-01666,ACC-00506,1739.71,2026-09-04 14:48:38,0,normal,NONE
TX-007812,ACC-00215,ACC-01400,871.74,2026-09-05 11:55:29,0,normal,NONE
TX-000316,ACC-00887,ACC-01030,16394.61,2026-09-01 11:33:09,0,normal,NONE
TX-011365,ACC-01018,ACC-01664,14831.82,2026-09-08 13:48:03,0,normal,NONE
TX-005720,ACC-00381,ACC-01142,16275.34,2026-09-09 09:57:25,0,normal,NONE
TX-006062,ACC-01956,ACC-00540,3973.22,2026-09-02 08:51:24,0,normal,NONE
TX-011924,ACC-01442,ACC-01745,16194.92,2026-09-09 09:45:54,0,normal,NONE
TX-010335,ACC-01648,ACC-00668,10903.46,2026-09-01 20:21:13,0,normal,NONE
TX-003099,ACC-01318,ACC-01644,1981.7,2026-09-02 09:49:22,0,normal,NONE
TX-002841,ACC-01913,ACC-01870,14058.16,2026-09-09 22:24:20,0,normal,NONE
TX-001625,ACC-00642,ACC-01954,6855.91,2026-09-01 17:03:37,0,normal,NONE
TX-006568,ACC-00246,ACC-00085,234.31,2026-09-07 08:31:28,0,normal,NONE
TX-004099,ACC-01844,ACC-01674,5192.94,2026-09-04 22:11:29,0,normal,NONE
TX-011610,ACC-00904,ACC-01648,4615.22,2026-09-02 15:19:44,0,normal,NONE
TX-011900,ACC-01522,ACC-00622,850.75,2026-09-09 10:18:36,0,normal,NONE
TX-002316,ACC-01447,ACC-00998,4512.23,2026-09-07 09:06:03,0,normal,NONE
TX-011619,ACC-00724,ACC-00419,11157.61,2026-09-01 09:20:29,0,normal,NONE
TX-008665,ACC-01307,ACC-01580,6870.19,2026-09-03 12:29:54,0,normal,NONE
TX-004863,ACC-00013,ACC-00269,13974.52,2026-09-07 15:35:31,0,normal,NONE
TX-001072,ACC-00902,ACC-01487,11483.59,2026-09-04 19:03:41,0,normal,NONE
TX-003685,ACC-01028,ACC-01249,16075.36,2026-09-04 14:52:30,0,normal,NONE
TX-007692,ACC-00940,ACC-00824,8503.14,2026-09-03 19:19:24,0,normal,NONE
TX-006850,ACC-00774,ACC-01657,15571.24,2026-09-07 15:47:28,0,normal,NONE
TX-002405,ACC-01783,ACC-01895,12022.68,2026-09-01 11:37:53,0,normal,NONE
TX-012622,ACC-00926,ACC-00094,69152.43,2026-09-07 11:48:00,0,normal_high_value,NONE
TX-003036,ACC-01899,ACC-00163,8367.31,2026-09-04 13:43:06,0,normal,NONE
TX-010843,ACC-01734,ACC-01643,9036.08,2026-09-04 22:01:35,0,normal,NONE
TX-000410,ACC-01971,ACC-01519,2129.35,2026-09-08 15:44:38,0,normal,NONE
TX-004790,ACC-00466,ACC-01743,3418.81,2026-09-04 11:40:35,0,normal,NONE
TX-000038,ACC-01492,ACC-00695,14414.65,2026-09-02 15:12:12,0,normal,NONE
TX-010289,ACC-01150,ACC-01894,14367.41,2026-09-06 22:36:50,0,normal,NONE
TX-000577,ACC-00369,ACC-00054,5753.42,2026-09-04 08:57:51,0,normal,NONE
TX-004418,ACC-01537,ACC-00806,14748.06,2026-09-09 10:47:02,0,normal,NONE
TX-009120,ACC-00708,ACC-00902,7538.61,2026-09-01 17:05:16,0,normal,NONE
TX-002974,ACC-01393,ACC-00438,7063.87,2026-09-06 12:56:03,0,normal,NONE
TX-004707,ACC-01105,ACC-01668,4832.97,2026-09-07 21:35:31,0,normal,NONE
TX-008463,ACC-00188,ACC-00741,11502.62,2026-09-06 15:14:51,0,normal,NONE
TX-000714,ACC-01297,ACC-01716,12105.11,2026-09-02 22:29:42,0,normal,NONE
TX-003707,ACC-00008,ACC-01134,14077.61,2026-09-08 17:43:43,0,normal,NONE
TX-008518,ACC-00552,ACC-00142,6284.18,2026-09-02 09:28:00,0,normal,NONE
TX-010774,ACC-00429,ACC-00717,379.53,2026-09-06 17:59:18,0,normal,NONE
TX-001088,ACC-00529,ACC-01958,14634.16,2026-09-03 22:04:31,0,normal,NONE
TX-010629,ACC-00379,ACC-01964,8558.84,2026-09-06 16:56:18,0,normal,NONE
TX-002336,ACC-01339,ACC-01363,3621.96,2026-09-06 12:12:49,0,normal,NONE
TX-005726,ACC-00085,ACC-01867,16657.36,2026-09-05 20:37:59,0,normal,NONE
TX-003167,ACC-01144,ACC-01399,7118.21,2026-09-09 12:59:21,0,normal,NONE
TX-003195,ACC-01954,ACC-00565,8866.76,2026-09-04 20:11:07,0,normal,NONE
TX-001455,ACC-00686,ACC-00168,15844.17,2026-09-01 15:44:27,0,normal,NONE
TX-010968,ACC-00571,ACC-01793,5152.52,2026-09-08 13:31:41,0,normal,NONE
TX-007301,ACC-00161,ACC-01789,4062.36,2026-09-06 17:49:40,0,normal,NONE
TX-007663,ACC-00276,ACC-01179,11897.05,2026-09-01 18:45:57,0,normal,NONE
TX-000882,ACC-00804,ACC-00147,9786.59,2026-09-03 14:57:53,0,normal,NONE
TX-002907,ACC-00322,ACC-00480,13279.8,2026-09-03 14:52:13,0,normal,NONE
TX-001711,ACC-01447,ACC-01604,14582.95,2026-09-09 13:12:54,0,normal,NONE
TX-012042,FRAUD-02-RELAY,FRAUD-02-NEXTHOP,121161.46,2026-09-06 17:42:00,1,next_hop,NET-02
TX-005381,ACC-01503,ACC-00722,1612.94,2026-09-06 21:59:38,0,normal,NONE
TX-004835,ACC-01047,ACC-01999,14107.98,2026-09-08 20:10:00,0,normal,NONE
TX-008618,ACC-00759,ACC-00054,1864.57,2026-09-06 08:21:26,0,normal,NONE
TX-003699,ACC-00365,ACC-01505,12166.51,2026-09-03 20:24:23,0,normal,NONE
TX-002246,ACC-00851,ACC-01567,440.88,2026-09-05 23:15:24,0,normal,NONE
TX-009202,ACC-01547,ACC-00926,13699.97,2026-09-03 19:26:59,0,normal,NONE
TX-012390,ACC-01690,ACC-00105,59618.27,2026-09-06 19:30:00,0,normal_high_value,NONE
TX-009491,ACC-00172,ACC-00179,5770.75,2026-09-09 18:19:01,0,normal,NONE
TX-009317,ACC-01343,ACC-01631,11975.67,2026-09-03 17:16:30,0,normal,NONE
TX-006148,ACC-01169,ACC-01269,8552.18,2026-09-02 18:38:09,0,normal,NONE
TX-011963,ACC-01975,ACC-00189,21.17,2026-09-08 17:42:50,0,normal,NONE
TX-011722,ACC-00924,ACC-00058,15130.5,2026-09-06 10:30:05,0,normal,NONE
TX-000240,ACC-00043,ACC-01979,5859.33,2026-09-08 19:05:27,0,normal,NONE
TX-008744,ACC-01069,ACC-00540,10986.26,2026-09-04 12:53:05,0,normal,NONE
TX-008914,ACC-01454,ACC-00792,1367.87,2026-09-01 08:02:17,0,normal,NONE
TX-012202,FRAUD-09-SRC-02,FRAUD-09-COLLECTOR,13042.27,2026-09-04 18:02:00,1,funneling,NET-09
TX-001598,ACC-00436,ACC-00381,3632.92,2026-09-03 14:16:57,0,normal,NONE
TX-009591,ACC-01005,ACC-01401,10222.42,2026-09-04 10:14:09,0,normal,NONE
TX-001098,ACC-01964,ACC-01326,1650.19,2026-09-09 18:05:53,0,normal,NONE
TX-000395,ACC-00859,ACC-01260,13793.64,2026-09-01 15:13:04,0,normal,NONE
TX-009547,ACC-01485,ACC-01996,11181.49,2026-09-08 21:53:24,0,normal,NONE
TX-001902,ACC-00959,ACC-01677,6943.38,2026-09-08 11:21:13,0,normal,NONE
TX-004794,ACC-01649,ACC-01176,8133.16,2026-09-04 23:50:47,0,normal,NONE
TX-004833,ACC-01479,ACC-01562,15653.39,2026-09-03 21:16:56,0,normal,NONE
TX-011952,ACC-01728,ACC-00207,22.62,2026-09-06 18:42:51,0,normal,NONE
TX-001181,ACC-01819,ACC-00910,13352.67,2026-09-07 22:18:10,0,normal,NONE
TX-007092,ACC-00961,ACC-00323,13401.07,2026-09-03 08:15:13,0,normal,NONE
TX-001912,ACC-00388,ACC-00825,3196.08,2026-09-05 23:33:27,0,normal,NONE
TX-008762,ACC-01209,ACC-00592,13412.51,2026-09-07 10:27:41,0,normal,NONE
TX-009587,ACC-01899,ACC-01351,14666.29,2026-09-05 12:41:39,0,normal,NONE
TX-003007,ACC-00443,ACC-00634,10118.64,2026-09-04 15:20:42,0,normal,NONE
TX-002215,ACC-00264,ACC-01177,9135.33,2026-09-08 08:31:41,0,normal,NONE
TX-008352,ACC-01879,ACC-00049,14221.62,2026-09-03 08:22:15,0,normal,NONE
TX-002782,ACC-00819,ACC-00859,10206.98,2026-09-05 10:15:10,0,normal,NONE
TX-005822,ACC-01010,ACC-00382,2575.69,2026-09-06 12:43:23,0,normal,NONE
TX-009396,ACC-01160,ACC-00402,14218.92,2026-09-02 08:50:24,0,normal,NONE
TX-006248,ACC-01946,ACC-00527,6924.72,2026-09-04 18:15:05,0,normal,NONE
TX-012692,ACC-00768,ACC-01899,85432.55,2026-09-08 12:27:00,0,normal_high_value,NONE
TX-007335,ACC-00776,ACC-00181,4700.34,2026-09-04 20:42:59,0,normal,NONE
TX-002880,ACC-01576,ACC-00029,8528.75,2026-09-09 10:37:29,0,normal,NONE
TX-012320,ACC-01558,ACC-01700,49790.19,2026-09-01 08:49:00,0,normal_high_value,NONE
TX-006097,ACC-01512,ACC-01680,9953.68,2026-09-06 16:10:04,0,normal,NONE
TX-012904,ACC-01243,ACC-00428,83972.38,2026-09-08 12:07:00,0,normal_high_value,NONE
TX-008485,ACC-00137,ACC-00977,6685.31,2026-09-08 11:15:23,0,normal,NONE
TX-011693,ACC-01453,ACC-00336,3487.37,2026-09-08 11:41:44,0,normal,NONE
TX-003354,ACC-00945,ACC-00740,6054.35,2026-09-06 11:29:31,0,normal,NONE
TX-009644,ACC-01655,ACC-00813,11896.15,2026-09-09 18:02:00,0,normal,NONE
TX-005398,ACC-01620,ACC-00439,4339.27,2026-09-08 23:30:50,0,normal,NONE
TX-003232,ACC-01541,ACC-00804,10423.16,2026-09-08 09:17:02,0,normal,NONE
TX-008376,ACC-00949,ACC-01378,4932.3,2026-09-02 18:01:23,0,normal,NONE
TX-001692,ACC-00602,ACC-00543,3850.93,2026-09-07 14:59:19,0,normal,NONE
TX-005573,ACC-01635,ACC-01550,1980.35,2026-09-06 13:11:07,0,normal,NONE
TX-008976,ACC-01691,ACC-00534,13934.12,2026-09-05 13:17:19,0,normal,NONE
TX-010317,ACC-00799,ACC-00867,5512.38,2026-09-02 16:14:05,0,normal,NONE
TX-000124,ACC-01417,ACC-00499,5525.58,2026-09-06 23:35:33,0,normal,NONE
TX-011922,ACC-01991,ACC-00800,12374.89,2026-09-04 13:31:59,0,normal,NONE
TX-001953,ACC-01113,ACC-01844,10189.03,2026-09-05 09:48:54,0,normal,NONE
TX-011352,ACC-01262,ACC-00236,12845.09,2026-09-01 23:03:40,0,normal,NONE
TX-007045,ACC-01792,ACC-00467,1082.18,2026-09-03 22:20:51,0,normal,NONE
TX-004234,ACC-01648,ACC-01106,453.92,2026-09-04 20:25:49,0,normal,NONE
TX-003560,ACC-00058,ACC-00943,17265.41,2026-09-09 23:41:34,0,normal,NONE
TX-003593,ACC-00458,ACC-01161,1001.85,2026-09-01 12:57:47,0,normal,NONE
TX-003456,ACC-01183,ACC-01234,12795.51,2026-09-01 12:47:40,0,normal,NONE
TX-010360,ACC-00657,ACC-00985,10614.25,2026-09-08 08:25:58,0,normal,NONE
TX-003423,ACC-00805,ACC-01006,8263.4,2026-09-03 18:20:00,0,normal,NONE
TX-000907,ACC-00453,ACC-01241,12926.86,2026-09-01 14:41:31,0,normal,NONE
TX-005596,ACC-01688,ACC-00447,17837.87,2026-09-01 23:53:44,0,normal,NONE
TX-012292,ACC-01967,ACC-01380,60400.6,2026-09-01 21:29:00,0,normal_high_value,NONE
TX-003119,ACC-00355,ACC-01450,9789.7,2026-09-02 12:12:53,0,normal,NONE
TX-011050,ACC-00526,ACC-00019,11727.37,2026-09-05 11:45:12,0,normal,NONE
TX-006587,ACC-00050,ACC-00097,7997.76,2026-09-09 21:31:41,0,normal,NONE
TX-004756,ACC-00807,ACC-00349,9617.54,2026-09-01 10:08:08,0,normal,NONE
TX-007541,ACC-00430,ACC-00485,1997.64,2026-09-06 21:37:26,0,normal,NONE
TX-010163,ACC-00348,ACC-00354,535.13,2026-09-03 18:49:21,0,normal,NONE
TX-012995,ACC-01250,ACC-01444,86267.34,2026-09-06 20:06:00,0,normal_high_value,NONE
TX-012091,FRAUD-04-COLLECTOR,FRAUD-04-RELAY,124830.24,2026-09-04 12:35:00,1,layering,NET-04
TX-001892,ACC-01484,ACC-00893,4089.62,2026-09-02 14:46:57,0,normal,NONE
TX-003795,ACC-00143,ACC-01856,6191.65,2026-09-09 23:13:24,0,normal,NONE
TX-013148,ACC-00990,ACC-01078,30194.77,2026-09-03 14:40:00,0,normal_high_value,NONE
TX-008219,ACC-01753,ACC-00473,2722.63,2026-09-09 22:24:51,0,normal,NONE
TX-000296,ACC-00164,ACC-00672,11903.33,2026-09-05 22:38:45,0,normal,NONE
TX-004792,ACC-01309,ACC-00401,376.24,2026-09-03 16:50:11,0,normal,NONE
TX-001047,ACC-01746,ACC-00603,1142.14,2026-09-09 09:00:45,0,normal,NONE
TX-007145,ACC-00281,ACC-00811,10946.45,2026-09-06 23:28:23,0,normal,NONE
TX-005307,ACC-01171,ACC-00268,851.04,2026-09-09 12:35:46,0,normal,NONE
TX-005273,ACC-01341,ACC-00268,3449.31,2026-09-08 20:20:49,0,normal,NONE
TX-001786,ACC-00115,ACC-00449,7073.39,2026-09-09 10:52:44,0,normal,NONE
TX-010167,ACC-01766,ACC-00081,9135.09,2026-09-06 15:18:35,0,normal,NONE
TX-000287,ACC-01667,ACC-01317,3168.1,2026-09-08 23:40:11,0,normal,NONE
TX-012620,ACC-00855,ACC-01692,40688.05,2026-09-02 10:55:00,0,normal_high_value,NONE
TX-010045,ACC-01028,ACC-01315,15154.73,2026-09-01 21:42:32,0,normal,NONE
TX-001759,ACC-00226,ACC-00460,1849.22,2026-09-05 19:04:39,0,normal,NONE
TX-013247,ACC-00795,ACC-01166,51190.09,2026-09-03 11:34:00,0,normal_high_value,NONE
TX-001285,ACC-01314,ACC-00377,11350.21,2026-09-03 08:25:12,0,normal,NONE
TX-004065,ACC-01519,ACC-00515,15482.25,2026-09-03 10:32:34,0,normal,NONE
TX-007319,ACC-01932,ACC-00482,5909.29,2026-09-07 22:23:43,0,normal,NONE
TX-011195,ACC-01162,ACC-01230,15192.5,2026-09-09 10:37:19,0,normal,NONE
TX-011571,ACC-01686,ACC-01109,14087.86,2026-09-04 09:59:21,0,normal,NONE
TX-007325,ACC-00175,ACC-01926,11893.31,2026-09-01 23:53:16,0,normal,NONE
TX-008920,ACC-01563,ACC-01418,14036.75,2026-09-09 22:03:04,0,normal,NONE
TX-007384,ACC-00748,ACC-00420,11059.68,2026-09-09 19:33:28,0,normal,NONE
TX-003034,ACC-00930,ACC-00476,1623.58,2026-09-03 18:22:45,0,normal,NONE
TX-012178,FRAUD-08-SRC-03,FRAUD-08-COLLECTOR,7080.41,2026-09-07 09:04:00,1,funneling,NET-08
TX-009724,ACC-00336,ACC-00994,9131.47,2026-09-08 14:19:19,0,normal,NONE
TX-000550,ACC-01421,ACC-01797,192.51,2026-09-06 08:48:42,0,normal,NONE
TX-003586,ACC-00977,ACC-01482,16834.52,2026-09-09 16:06:15,0,normal,NONE
TX-008512,ACC-00507,ACC-00001,28.31,2026-09-04 22:34:09,0,normal,NONE
TX-004765,ACC-00213,ACC-00831,14625.05,2026-09-07 23:44:55,0,normal,NONE
TX-005157,ACC-00209,ACC-00689,15479.62,2026-09-03 12:46:00,0,normal,NONE
TX-007744,ACC-01422,ACC-00358,10311.09,2026-09-05 21:57:16,0,normal,NONE
TX-010181,ACC-01008,ACC-01924,2667.66,2026-09-05 15:41:28,0,normal,NONE
TX-004982,ACC-01436,ACC-00219,8247.22,2026-09-01 21:37:03,0,normal,NONE
TX-007464,ACC-00900,ACC-00475,2028.41,2026-09-06 15:26:06,0,normal,NONE
TX-011145,ACC-01594,ACC-00296,16860.37,2026-09-08 11:50:14,0,normal,NONE
TX-005359,ACC-00665,ACC-01095,15468.41,2026-09-01 16:40:44,0,normal,NONE
TX-004177,ACC-00772,ACC-01330,13703.59,2026-09-01 12:58:48,0,normal,NONE
TX-002649,ACC-01986,ACC-01034,14402.84,2026-09-08 12:58:04,0,normal,NONE
TX-002587,ACC-01240,ACC-00247,5335.24,2026-09-01 14:33:51,0,normal,NONE
TX-005002,ACC-00773,ACC-01232,6015.67,2026-09-04 08:48:18,0,normal,NONE
TX-008613,ACC-01255,ACC-01155,14006.83,2026-09-05 20:37:35,0,normal,NONE
TX-011995,ACC-01035,ACC-01045,11739.25,2026-09-04 11:03:45,0,normal,NONE
TX-007551,ACC-01225,ACC-01835,12781.33,2026-09-01 18:26:49,0,normal,NONE
TX-009862,ACC-01530,ACC-01901,5440.63,2026-09-03 13:32:48,0,normal,NONE
TX-003161,ACC-00825,ACC-00215,2348.45,2026-09-03 09:07:39,0,normal,NONE
TX-005280,ACC-01640,ACC-00062,8644.49,2026-09-07 22:34:25,0,normal,NONE
TX-006928,ACC-01146,ACC-01235,16094.33,2026-09-05 19:05:24,0,normal,NONE
TX-007239,ACC-01341,ACC-01862,17806.75,2026-09-01 11:17:01,0,normal,NONE
TX-009451,ACC-00464,ACC-01424,11551.35,2026-09-02 17:15:05,0,normal,NONE
TX-006396,ACC-01442,ACC-00675,3214.67,2026-09-05 13:10:05,0,normal,NONE
TX-002378,ACC-01997,ACC-00937,14944.8,2026-09-02 17:08:55,0,normal,NONE
TX-010860,ACC-00504,ACC-01733,17168.02,2026-09-09 23:03:45,0,normal,NONE
TX-004747,ACC-01495,ACC-00117,15826.37,2026-09-04 15:20:57,0,normal,NONE
TX-005611,ACC-01637,ACC-00803,2018.6,2026-09-03 11:35:36,0,normal,NONE
TX-012218,FRAUD-09-NEXTHOP,FRAUD-09-OUT-01,13259.56,2026-09-04 18:48:00,1,fan_out,NET-09
TX-003116,ACC-01841,ACC-01306,14203.12,2026-09-05 21:09:47,0,normal,NONE
TX-010960,ACC-01839,ACC-01313,12079.9,2026-09-01 12:20:36,0,normal,NONE
TX-006922,ACC-00502,ACC-01505,17797.65,2026-09-03 22:44:56,0,normal,NONE
TX-006453,ACC-00145,ACC-01850,2918.94,2026-09-06 21:15:48,0,normal,NONE
TX-002026,ACC-01352,ACC-00883,9594.21,2026-09-05 09:34:48,0,normal,NONE
TX-010663,ACC-00308,ACC-00969,8181.89,2026-09-02 19:52:24,0,normal,NONE
TX-006609,ACC-01717,ACC-00916,6731.39,2026-09-03 21:57:44,0,normal,NONE
TX-007347,ACC-00611,ACC-01059,10677.18,2026-09-01 23:05:11,0,normal,NONE
TX-010777,ACC-01189,ACC-01024,3491.79,2026-09-02 15:22:41,0,normal,NONE
TX-010709,ACC-00083,ACC-01839,1107.22,2026-09-05 21:20:19,0,normal,NONE
TX-002586,ACC-00644,ACC-01239,15900.18,2026-09-04 14:59:38,0,normal,NONE
TX-001304,ACC-01270,ACC-00781,5459.08,2026-09-07 19:08:57,0,normal,NONE
TX-004895,ACC-00420,ACC-01490,3947.05,2026-09-05 11:04:51,0,normal,NONE
TX-006866,ACC-01452,ACC-01776,10801.21,2026-09-08 18:42:30,0,normal,NONE
TX-004258,ACC-01858,ACC-00919,126.76,2026-09-07 20:03:21,0,normal,NONE
TX-011721,ACC-00603,ACC-00185,20.96,2026-09-06 13:51:33,0,normal,NONE
TX-006758,ACC-01380,ACC-01796,2856.39,2026-09-01 10:24:13,0,normal,NONE
TX-003695,ACC-01914,ACC-01103,9417.19,2026-09-05 15:49:04,0,normal,NONE
TX-009036,ACC-01215,ACC-00065,16407.2,2026-09-06 20:46:15,0,normal,NONE
TX-003533,ACC-01389,ACC-01148,11385.52,2026-09-03 10:54:31,0,normal,NONE
TX-012243,FRAUD-10-NEXTHOP,FRAUD-10-OUT-01,11267.8,2026-09-03 12:48:00,1,fan_out,NET-10
TX-008584,ACC-01102,ACC-01562,17434.1,2026-09-08 21:36:20,0,normal,NONE
TX-005051,ACC-00728,ACC-01053,6742.51,2026-09-05 21:49:20,0,normal,NONE
TX-009049,ACC-00986,ACC-01206,6658.58,2026-09-06 15:03:01,0,normal,NONE
TX-001614,ACC-00400,ACC-01459,2594.04,2026-09-09 09:08:31,0,normal,NONE
TX-012509,ACC-01132,ACC-00150,27024.98,2026-09-06 19:28:00,0,normal_high_value,NONE
TX-006434,ACC-00653,ACC-00511,5638.06,2026-09-08 09:22:00,0,normal,NONE
TX-003722,ACC-00097,ACC-00002,3847.12,2026-09-06 20:48:43,0,normal,NONE
TX-004852,ACC-01316,ACC-00220,5786.06,2026-09-07 12:43:37,0,normal,NONE
TX-004964,ACC-00034,ACC-01712,11187.58,2026-09-04 17:08:17,0,normal,NONE
TX-003647,ACC-01348,ACC-00429,2896.05,2026-09-06 21:14:17,0,normal,NONE
TX-004163,ACC-01578,ACC-00607,14995.97,2026-09-09 18:48:01,0,normal,NONE
TX-009960,ACC-01890,ACC-01538,11800.73,2026-09-05 23:02:49,0,normal,NONE
TX-012684,ACC-00390,ACC-00264,63238.41,2026-09-07 17:54:00,0,normal_high_value,NONE
TX-002982,ACC-00692,ACC-00487,8872.91,2026-09-07 21:27:50,0,normal,NONE
TX-009382,ACC-01945,ACC-01448,8732.0,2026-09-08 11:33:16,0,normal,NONE
TX-000468,ACC-00714,ACC-00976,1775.26,2026-09-08 18:04:19,0,normal,NONE
TX-012738,ACC-00575,ACC-01007,86970.18,2026-09-07 18:50:00,0,normal_high_value,NONE
TX-011566,ACC-00194,ACC-00045,16117.94,2026-09-07 23:41:54,0,normal,NONE
TX-012073,FRAUD-03-NEXTHOP,FRAUD-03-OUT-06,10707.26,2026-09-02 09:53:00,1,fan_out,NET-03
TX-007406,ACC-00844,ACC-00056,10254.56,2026-09-08 18:59:21,0,normal,NONE
TX-011866,ACC-01631,ACC-01697,16715.6,2026-09-05 09:05:19,0,normal,NONE
TX-012777,ACC-01212,ACC-01554,36552.52,2026-09-02 16:36:00,0,normal_high_value,NONE
TX-000107,ACC-01945,ACC-00507,3604.51,2026-09-01 12:15:08,0,normal,NONE
TX-008001,ACC-00011,ACC-00719,2188.83,2026-09-03 18:14:32,0,normal,NONE
TX-006026,ACC-01928,ACC-00820,15772.8,2026-09-07 23:41:02,0,normal,NONE
TX-002639,ACC-00178,ACC-01234,4572.54,2026-09-03 18:59:22,0,normal,NONE
TX-004074,ACC-00979,ACC-00277,7293.46,2026-09-03 08:47:32,0,normal,NONE
TX-011701,ACC-00734,ACC-00321,15285.78,2026-09-03 22:30:50,0,normal,NONE
TX-012147,FRAUD-06-NEXTHOP,FRAUD-06-OUT-05,13349.89,2026-09-03 13:52:00,1,fan_out,NET-06
TX-003313,ACC-00708,ACC-00353,5033.8,2026-09-05 19:16:16,0,normal,NONE
TX-006437,ACC-01249,ACC-01254,14266.79,2026-09-07 14:50:22,0,normal,NONE
TX-000412,ACC-00780,ACC-00955,9615.03,2026-09-06 17:16:23,0,normal,NONE
TX-012971,ACC-00818,ACC-01716,35220.2,2026-09-03 21:10:00,0,normal_high_value,NONE
TX-010888,ACC-00972,ACC-01808,4822.96,2026-09-01 18:03:59,0,normal,NONE
TX-012814,ACC-01613,ACC-00922,86822.09,2026-09-03 10:28:00,0,normal_high_value,NONE
TX-011209,ACC-01907,ACC-00139,2945.02,2026-09-01 17:23:34,0,normal,NONE
TX-010238,ACC-01551,ACC-00156,15005.78,2026-09-05 09:56:24,0,normal,NONE
TX-007982,ACC-01911,ACC-00267,6939.24,2026-09-04 13:28:25,0,normal,NONE
TX-010551,ACC-00975,ACC-01744,13089.83,2026-09-01 10:07:28,0,normal,NONE
TX-006249,ACC-01660,ACC-00670,5958.46,2026-09-07 20:19:41,0,normal,NONE
TX-007223,ACC-00505,ACC-00643,7767.32,2026-09-01 20:41:11,0,normal,NONE
TX-012306,ACC-00134,ACC-01797,41871.2,2026-09-04 20:31:00,0,normal_high_value,NONE
TX-010059,ACC-00140,ACC-00386,2310.55,2026-09-02 15:26:24,0,normal,NONE
TX-001504,ACC-01898,ACC-00467,1789.4,2026-09-02 19:02:34,0,normal,NONE
TX-006175,ACC-00382,ACC-01991,11268.59,2026-09-08 19:27:00,0,normal,NONE
TX-005504,ACC-01240,ACC-01733,11250.63,2026-09-06 13:59:11,0,normal,NONE
TX-006984,ACC-00918,ACC-01952,12402.16,2026-09-07 22:53:06,0,normal,NONE
TX-004329,ACC-00322,ACC-01472,9873.99,2026-09-09 10:42:55,0,normal,NONE
TX-011756,ACC-00972,ACC-00235,15814.55,2026-09-05 20:52:21,0,normal,NONE
TX-005023,ACC-01205,ACC-00120,14202.02,2026-09-01 16:47:02,0,normal,NONE
TX-010462,ACC-01036,ACC-01185,9521.02,2026-09-02 08:25:40,0,normal,NONE
TX-012959,ACC-00537,ACC-01894,29307.31,2026-09-04 18:42:00,0,normal_high_value,NONE
TX-001863,ACC-00711,ACC-00992,17908.59,2026-09-09 08:10:33,0,normal,NONE
TX-008845,ACC-01100,ACC-00759,12459.57,2026-09-04 18:09:38,0,normal,NONE
TX-012974,ACC-00987,ACC-01148,39186.92,2026-09-07 13:18:00,0,normal_high_value,NONE
TX-005904,ACC-01952,ACC-01898,6694.48,2026-09-08 15:15:00,0,normal,NONE
TX-002361,ACC-00851,ACC-01754,16168.62,2026-09-08 12:54:38,0,normal,NONE
TX-005431,ACC-01959,ACC-01348,12184.22,2026-09-03 17:46:31,0,normal,NONE
TX-008626,ACC-01671,ACC-00296,3909.04,2026-09-09 21:43:54,0,normal,NONE
TX-002134,ACC-01533,ACC-00249,3008.22,2026-09-08 11:02:56,0,normal,NONE
TX-008599,ACC-01121,ACC-01360,16968.07,2026-09-01 13:21:09,0,normal,NONE
TX-002407,ACC-00739,ACC-01189,12113.52,2026-09-07 20:45:47,0,normal,NONE
TX-000030,ACC-01105,ACC-01547,13144.16,2026-09-04 17:25:42,0,normal,NONE
TX-005021,ACC-00632,ACC-01223,8023.84,2026-09-04 17:05:04,0,normal,NONE
TX-009732,ACC-00712,ACC-00835,6161.05,2026-09-08 09:24:07,0,normal,NONE
TX-002802,ACC-01481,ACC-00151,5098.91,2026-09-06 18:37:15,0,normal,NONE
TX-008705,ACC-00015,ACC-00899,2627.67,2026-09-01 17:20:52,0,normal,NONE
TX-004366,ACC-01995,ACC-00030,10323.2,2026-09-08 15:36:16,0,normal,NONE
TX-002923,ACC-00172,ACC-00695,9460.86,2026-09-02 16:16:21,0,normal,NONE
TX-004879,ACC-00166,ACC-00527,12583.51,2026-09-02 09:30:58,0,normal,NONE
TX-000569,ACC-01699,ACC-01657,5981.27,2026-09-01 22:03:10,0,normal,NONE
TX-011358,ACC-00128,ACC-00784,12871.93,2026-09-05 23:58:12,0,normal,NONE
TX-006888,ACC-01746,ACC-00324,15337.48,2026-09-03 16:36:43,0,normal,NONE
TX-011656,ACC-01084,ACC-00643,6966.86,2026-09-04 20:27:25,0,normal,NONE
TX-008234,ACC-00093,ACC-00256,5381.87,2026-09-06 23:32:47,0,normal,NONE
TX-001246,ACC-00866,ACC-01164,9275.38,2026-09-07 16:01:44,0,normal,NONE
TX-006481,ACC-01491,ACC-01388,740.1,2026-09-02 19:56:31,0,normal,NONE
TX-011714,ACC-01317,ACC-00034,3842.43,2026-09-07 15:54:33,0,normal,NONE
TX-001459,ACC-00970,ACC-00489,17259.27,2026-09-01 18:33:50,0,normal,NONE
TX-001944,ACC-01390,ACC-01305,6964.61,2026-09-07 11:57:16,0,normal,NONE
TX-001836,ACC-00782,ACC-00584,15214.75,2026-09-07 17:44:39,0,normal,NONE
TX-011466,ACC-01756,ACC-00998,3219.29,2026-09-06 08:05:52,0,normal,NONE
TX-000317,ACC-00623,ACC-00338,2932.17,2026-09-04 19:33:57,0,normal,NONE
TX-000109,ACC-01571,ACC-00756,3036.85,2026-09-02 13:19:06,0,normal,NONE
TX-009267,ACC-01600,ACC-01339,14928.49,2026-09-04 11:15:31,0,normal,NONE
TX-007970,ACC-01164,ACC-00182,6522.66,2026-09-09 16:14:16,0,normal,NONE
TX-005114,ACC-01309,ACC-01015,9052.83,2026-09-07 16:20:51,0,normal,NONE
TX-005554,ACC-01132,ACC-01916,882.94,2026-09-09 14:29:41,0,normal,NONE
TX-004031,ACC-01002,ACC-00543,11229.25,2026-09-06 08:28:46,0,normal,NONE
TX-012257,ACC-01172,ACC-00178,24446.21,2026-09-04 08:34:00,0,normal_high_value,NONE
TX-008876,ACC-00873,ACC-00162,7833.69,2026-09-01 20:32:02,0,normal,NONE
TX-007912,ACC-00795,ACC-00282,4876.41,2026-09-05 16:15:12,0,normal,NONE
TX-008628,ACC-00270,ACC-01303,5190.41,2026-09-06 17:08:09,0,normal,NONE
TX-007730,ACC-00384,ACC-01594,8375.02,2026-09-05 16:34:11,0,normal,NONE
TX-012963,ACC-01462,ACC-01766,68800.17,2026-09-09 21:01:00,0,normal_high_value,NONE
TX-001749,ACC-00874,ACC-00503,8201.33,2026-09-07 11:46:33,0,normal,NONE
TX-003854,ACC-00462,ACC-01556,5441.59,2026-09-03 13:23:09,0,normal,NONE
TX-003882,ACC-01519,ACC-01286,2757.78,2026-09-04 12:43:31,0,normal,NONE
TX-010937,ACC-00230,ACC-01465,13547.57,2026-09-09 12:53:19,0,normal,NONE
TX-002679,ACC-00025,ACC-00231,9451.64,2026-09-05 08:19:56,0,normal,NONE
TX-005397,ACC-00276,ACC-00716,9536.02,2026-09-06 21:21:48,0,normal,NONE
TX-009163,ACC-01408,ACC-01335,4222.33,2026-09-01 22:07:35,0,normal,NONE
TX-002716,ACC-01170,ACC-01517,11062.1,2026-09-05 23:07:06,0,normal,NONE
TX-005213,ACC-00024,ACC-00401,49.12,2026-09-08 20:58:18,0,normal,NONE
TX-010948,ACC-00037,ACC-00767,3436.07,2026-09-05 23:52:43,0,normal,NONE
TX-005859,ACC-00268,ACC-00973,6183.45,2026-09-09 08:00:07,0,normal,NONE
TX-004100,ACC-00963,ACC-01349,16107.78,2026-09-09 19:30:26,0,normal,NONE
TX-010069,ACC-00680,ACC-01029,16124.83,2026-09-09 23:11:17,0,normal,NONE
TX-007626,ACC-00305,ACC-00175,4323.57,2026-09-02 11:42:56,0,normal,NONE
TX-010907,ACC-01027,ACC-00680,9889.79,2026-09-08 23:02:09,0,normal,NONE
TX-007534,ACC-01668,ACC-01289,14964.17,2026-09-03 16:48:27,0,normal,NONE
TX-011907,ACC-01555,ACC-00404,5725.82,2026-09-05 23:14:53,0,normal,NONE
TX-005702,ACC-01771,ACC-01931,15103.89,2026-09-09 22:37:34,0,normal,NONE
TX-001399,ACC-01688,ACC-00334,2615.34,2026-09-03 23:45:29,0,normal,NONE
TX-003708,ACC-01020,ACC-00523,10073.52,2026-09-05 20:17:04,0,normal,NONE
TX-000974,ACC-00603,ACC-01256,16544.21,2026-09-09 12:29:53,0,normal,NONE
TX-003718,ACC-01797,ACC-01106,10324.96,2026-09-04 09:21:30,0,normal,NONE
TX-008694,ACC-01070,ACC-01052,8213.65,2026-09-06 09:24:26,0,normal,NONE
TX-007697,ACC-01296,ACC-00261,4907.98,2026-09-05 23:59:45,0,normal,NONE
TX-008882,ACC-00681,ACC-01269,11371.82,2026-09-03 10:48:43,0,normal,NONE
TX-005577,ACC-01886,ACC-01016,5068.12,2026-09-02 11:47:15,0,normal,NONE
TX-013200,ACC-00941,ACC-01727,48894.23,2026-09-08 23:34:00,0,normal_high_value,NONE
TX-005016,ACC-01332,ACC-00491,16938.26,2026-09-09 18:08:37,0,normal,NONE
TX-008285,ACC-00524,ACC-00185,11259.95,2026-09-07 08:32:46,0,normal,NONE
TX-005728,ACC-01824,ACC-00321,17883.77,2026-09-09 17:28:56,0,normal,NONE
TX-004743,ACC-00595,ACC-00006,728.37,2026-09-01 12:01:34,0,normal,NONE
TX-003823,ACC-01210,ACC-01032,13684.92,2026-09-02 23:13:35,0,normal,NONE
TX-007226,ACC-01199,ACC-00412,8553.7,2026-09-09 16:37:21,0,normal,NONE
TX-001375,ACC-01465,ACC-01546,7481.85,2026-09-04 12:48:48,0,normal,NONE
TX-003089,ACC-01145,ACC-00665,301.07,2026-09-06 23:49:43,0,normal,NONE
TX-006934,ACC-00963,ACC-01561,8795.46,2026-09-06 09:07:57,0,normal,NONE
TX-012506,ACC-00028,ACC-01649,74148.18,2026-09-02 23:35:00,0,normal_high_value,NONE
TX-005390,ACC-00523,ACC-00710,17585.43,2026-09-09 14:26:29,0,normal,NONE
TX-008333,ACC-00935,ACC-00651,17642.97,2026-09-04 11:59:16,0,normal,NONE
TX-009531,ACC-01221,ACC-00225,8214.59,2026-09-08 11:49:21,0,normal,NONE
TX-002459,ACC-00639,ACC-01915,5259.93,2026-09-06 13:37:33,0,normal,NONE
TX-007361,ACC-01020,ACC-00213,6754.67,2026-09-04 19:51:57,0,normal,NONE
TX-004543,ACC-00980,ACC-01159,17718.97,2026-09-02 23:53:59,0,normal,NONE
TX-005419,ACC-00446,ACC-01187,2305.07,2026-09-09 17:49:17,0,normal,NONE
TX-004948,ACC-01869,ACC-00504,3343.2,2026-09-04 21:20:19,0,normal,NONE
TX-006496,ACC-01101,ACC-01419,300.92,2026-09-05 11:56:01,0,normal,NONE
TX-000011,ACC-01775,ACC-00207,6854.67,2026-09-08 19:10:23,0,normal,NONE
TX-007043,ACC-00116,ACC-00699,7890.09,2026-09-08 20:53:28,0,normal,NONE
TX-008299,ACC-00768,ACC-00772,10822.85,2026-09-02 10:18:13,0,normal,NONE
TX-007475,ACC-00527,ACC-00177,11884.28,2026-09-02 15:59:46,0,normal,NONE
TX-001427,ACC-01383,ACC-00208,4448.76,2026-09-09 12:19:36,0,normal,NONE
TX-010698,ACC-00751,ACC-01888,6417.27,2026-09-01 10:09:04,0,normal,NONE
TX-003266,ACC-01428,ACC-01903,6879.19,2026-09-01 19:07:04,0,normal,NONE
TX-009640,ACC-01082,ACC-01099,4941.91,2026-09-02 21:48:25,0,normal,NONE
TX-010563,ACC-00224,ACC-00310,16771.89,2026-09-06 08:50:49,0,normal,NONE
TX-000719,ACC-01419,ACC-01562,4483.33,2026-09-07 18:18:28,0,normal,NONE
TX-006805,ACC-01625,ACC-00522,14933.67,2026-09-08 08:19:40,0,normal,NONE
TX-008522,ACC-01441,ACC-01807,7040.16,2026-09-09 23:41:41,0,normal,NONE
TX-006956,ACC-01134,ACC-00623,9470.19,2026-09-09 21:47:12,0,normal,NONE
TX-003890,ACC-01555,ACC-01175,17332.09,2026-09-05 12:01:12,0,normal,NONE
TX-009550,ACC-01751,ACC-01393,8776.13,2026-09-05 17:54:06,0,normal,NONE
TX-012261,ACC-00812,ACC-00832,64514.98,2026-09-02 14:51:00,0,normal_high_value,NONE
TX-005704,ACC-01051,ACC-00529,15904.93,2026-09-05 10:15:17,0,normal,NONE
TX-000736,ACC-01454,ACC-01920,2803.41,2026-09-03 18:38:03,0,normal,NONE
TX-008292,ACC-00655,ACC-00973,5437.03,2026-09-07 14:40:09,0,normal,NONE
TX-005258,ACC-01619,ACC-00934,2747.58,2026-09-07 14:18:32,0,normal,NONE
TX-000324,ACC-01411,ACC-00123,2862.29,2026-09-07 23:29:13,0,normal,NONE
TX-003564,ACC-00297,ACC-00094,2870.54,2026-09-02 19:53:01,0,normal,NONE
TX-002141,ACC-01699,ACC-00971,196.58,2026-09-07 13:09:30,0,normal,NONE
TX-012761,ACC-01982,ACC-00887,29813.03,2026-09-01 21:20:00,0,normal_high_value,NONE
TX-011530,ACC-00157,ACC-00683,8068.92,2026-09-05 11:27:54,0,normal,NONE
TX-000910,ACC-00545,ACC-01084,750.94,2026-09-02 17:04:13,0,normal,NONE
TX-002628,ACC-01440,ACC-01154,8645.46,2026-09-03 14:04:25,0,normal,NONE
TX-007840,ACC-00589,ACC-01827,2128.4,2026-09-01 09:40:00,0,normal,NONE
TX-004070,ACC-00734,ACC-01788,11122.85,2026-09-01 13:21:29,0,normal,NONE
TX-000497,ACC-00272,ACC-00512,2649.46,2026-09-06 15:48:53,0,normal,NONE
TX-010098,ACC-01980,ACC-00876,9519.22,2026-09-06 14:45:06,0,normal,NONE
TX-008258,ACC-00198,ACC-00561,7674.06,2026-09-06 15:37:20,0,normal,NONE
TX-012698,ACC-00436,ACC-01152,56242.63,2026-09-04 11:48:00,0,normal_high_value,NONE
TX-009743,ACC-00974,ACC-00872,16122.35,2026-09-09 16:00:46,0,normal,NONE
TX-008291,ACC-00136,ACC-01818,16929.68,2026-09-06 22:23:23,0,normal,NONE
TX-001207,ACC-00161,ACC-00871,12440.91,2026-09-02 10:01:49,0,normal,NONE
TX-011545,ACC-00218,ACC-00866,9855.3,2026-09-05 19:04:40,0,normal,NONE
TX-011620,ACC-01104,ACC-00444,13785.62,2026-09-02 08:34:03,0,normal,NONE
TX-012019,FRAUD-01-NEXTHOP,FRAUD-01-OUT-02,12849.92,2026-09-05 13:49:00,1,fan_out,NET-01
TX-005932,ACC-01689,ACC-01381,7582.49,2026-09-06 19:49:05,0,normal,NONE
TX-009013,ACC-00096,ACC-01848,5176.69,2026-09-02 09:59:29,0,normal,NONE
TX-001196,ACC-01085,ACC-01309,16854.98,2026-09-09 14:49:40,0,normal,NONE
TX-008794,ACC-00179,ACC-01041,3773.06,2026-09-08 11:19:41,0,normal,NONE
TX-007661,ACC-00884,ACC-01145,4874.89,2026-09-08 15:09:23,0,normal,NONE
TX-009799,ACC-01266,ACC-00805,8803.22,2026-09-08 23:35:32,0,normal,NONE
TX-007796,ACC-01513,ACC-01062,2885.3,2026-09-08 11:50:07,0,normal,NONE
TX-006848,ACC-00422,ACC-01526,873.08,2026-09-02 16:40:26,0,normal,NONE
TX-005886,ACC-01547,ACC-00340,7323.1,2026-09-01 21:42:25,0,normal,NONE
TX-010276,ACC-01370,ACC-00923,516.05,2026-09-07 21:11:22,0,normal,NONE
TX-010377,ACC-00590,ACC-01153,2729.05,2026-09-06 12:52:45,0,normal,NONE
TX-003992,ACC-01540,ACC-00808,12340.82,2026-09-07 12:57:28,0,normal,NONE
TX-007848,ACC-00031,ACC-00260,8804.55,2026-09-09 08:10:54,0,normal,NONE
TX-000289,ACC-00090,ACC-01621,3606.47,2026-09-01 18:59:19,0,normal,NONE
TX-006577,ACC-00765,ACC-01243,11507.44,2026-09-01 12:26:34,0,normal,NONE
TX-010040,ACC-01440,ACC-00063,11970.93,2026-09-06 23:34:18,0,normal,NONE
TX-011143,ACC-01857,ACC-00953,8089.73,2026-09-06 12:36:31,0,normal,NONE
TX-011481,ACC-00905,ACC-00359,17846.44,2026-09-07 19:24:14,0,normal,NONE
TX-011035,ACC-01310,ACC-01580,14831.84,2026-09-09 10:30:32,0,normal,NONE
TX-011882,ACC-01663,ACC-00590,9618.08,2026-09-07 10:34:06,0,normal,NONE
TX-007733,ACC-00459,ACC-00980,8933.23,2026-09-08 16:08:17,0,normal,NONE
TX-000389,ACC-00784,ACC-00919,15655.77,2026-09-07 20:05:43,0,normal,NONE
TX-000837,ACC-01876,ACC-01047,5059.19,2026-09-04 12:03:33,0,normal,NONE
TX-010889,ACC-01483,ACC-01919,8515.57,2026-09-05 10:59:05,0,normal,NONE
TX-009578,ACC-00706,ACC-01518,3568.86,2026-09-09 14:43:56,0,normal,NONE
TX-000281,ACC-00034,ACC-01295,9286.46,2026-09-04 12:18:27,0,normal,NONE
TX-003528,ACC-00465,ACC-00867,7694.25,2026-09-09 19:02:30,0,normal,NONE
TX-010588,ACC-01220,ACC-01033,8825.58,2026-09-07 17:48:25,0,normal,NONE
TX-009924,ACC-01866,ACC-01270,1075.44,2026-09-02 09:56:11,0,normal,NONE
TX-010582,ACC-00786,ACC-01963,15548.41,2026-09-09 13:26:29,0,normal,NONE
TX-009613,ACC-00944,ACC-00760,362.68,2026-09-02 12:10:26,0,normal,NONE
TX-010369,ACC-01886,ACC-01732,15882.31,2026-09-02 12:13:12,0,normal,NONE
TX-006075,ACC-00093,ACC-01951,16558.45,2026-09-04 11:10:10,0,normal,NONE
TX-001113,ACC-00688,ACC-00130,2191.0,2026-09-03 21:10:44,0,normal,NONE
TX-008669,ACC-00365,ACC-01339,5473.0,2026-09-02 12:27:42,0,normal,NONE
TX-011596,ACC-00304,ACC-01747,11292.55,2026-09-05 12:05:06,0,normal,NONE
TX-011085,ACC-00403,ACC-01752,200.14,2026-09-02 17:15:51,0,normal,NONE
TX-010879,ACC-01661,ACC-00288,15924.08,2026-09-04 09:57:18,0,normal,NONE
TX-001035,ACC-01463,ACC-01632,1943.52,2026-09-09 10:50:19,0,normal,NONE
TX-011804,ACC-01097,ACC-01572,5880.86,2026-09-01 12:46:35,0,normal,NONE
TX-009369,ACC-01382,ACC-01593,16647.78,2026-09-05 19:06:06,0,normal,NONE
TX-000268,ACC-00961,ACC-01852,15035.34,2026-09-06 22:29:49,0,normal,NONE
TX-005365,ACC-01995,ACC-00141,11104.14,2026-09-08 11:21:44,0,normal,NONE
TX-001599,ACC-01786,ACC-00838,7944.33,2026-09-02 13:05:18,0,normal,NONE
TX-004685,ACC-01338,ACC-01985,16022.18,2026-09-01 10:06:57,0,normal,NONE
TX-010260,ACC-00879,ACC-01128,3000.94,2026-09-09 13:04:34,0,normal,NONE
TX-006940,ACC-00454,ACC-01360,5379.35,2026-09-08 12:51:43,0,normal,NONE
TX-008956,ACC-01266,ACC-01276,6858.01,2026-09-03 22:45:25,0,normal,NONE
TX-005099,ACC-00019,ACC-01889,5044.37,2026-09-05 22:57:56,0,normal,NONE
TX-008891,ACC-01833,ACC-01245,8882.37,2026-09-03 09:00:54,0,normal,NONE
TX-008609,ACC-01732,ACC-01300,2989.04,2026-09-05 09:32:31,0,normal,NONE
TX-007676,ACC-00069,ACC-00715,13284.33,2026-09-09 09:24:40,0,normal,NONE
TX-003049,ACC-01775,ACC-01693,4184.69,2026-09-09 15:56:07,0,normal,NONE
TX-008251,ACC-00149,ACC-01872,13072.99,2026-09-09 22:25:00,0,normal,NONE
TX-010385,ACC-00149,ACC-01215,16229.66,2026-09-05 18:40:23,0,normal,NONE
TX-001380,ACC-01555,ACC-00076,11889.97,2026-09-03 09:40:45,0,normal,NONE
TX-010468,ACC-01350,ACC-01816,14747.76,2026-09-06 09:11:41,0,normal,NONE
TX-010658,ACC-01834,ACC-00977,16627.55,2026-09-08 08:25:02,0,normal,NONE
TX-010432,ACC-00944,ACC-01985,9050.04,2026-09-07 21:10:04,0,normal,NONE
TX-000417,ACC-00472,ACC-00778,10264.82,2026-09-04 23:35:41,0,normal,NONE
TX-004296,ACC-00273,ACC-00431,10188.09,2026-09-07 17:16:02,0,normal,NONE
TX-012676,ACC-00807,ACC-01290,88535.66,2026-09-09 21:26:00,0,normal_high_value,NONE
TX-007984,ACC-00928,ACC-00314,79.63,2026-09-08 09:16:47,0,normal,NONE
TX-001963,ACC-01897,ACC-00250,5412.63,2026-09-08 13:52:15,0,normal,NONE
TX-000621,ACC-01140,ACC-00814,9945.93,2026-09-05 22:58:55,0,normal,NONE
TX-001704,ACC-01127,ACC-01015,14400.77,2026-09-03 18:48:48,0,normal,NONE
TX-007677,ACC-00981,ACC-00040,10284.98,2026-09-05 16:27:22,0,normal,NONE
TX-004105,ACC-01429,ACC-00375,760.35,2026-09-03 17:35:14,0,normal,NONE
TX-006316,ACC-00485,ACC-01983,12415.81,2026-09-04 08:48:44,0,normal,NONE
TX-004871,ACC-01785,ACC-01537,5658.03,2026-09-04 15:17:24,0,normal,NONE
TX-003474,ACC-00904,ACC-01977,7778.1,2026-09-04 17:38:49,0,normal,NONE
TX-001233,ACC-00414,ACC-00602,11924.44,2026-09-08 16:34:21,0,normal,NONE
TX-012480,ACC-00456,ACC-00036,42777.09,2026-09-04 12:53:00,0,normal_high_value,NONE
TX-005462,ACC-01935,ACC-01991,14586.56,2026-09-06 21:28:17,0,normal,NONE
TX-005364,ACC-00716,ACC-01466,13377.75,2026-09-05 16:59:48,0,normal,NONE
TX-007654,ACC-00214,ACC-01973,10633.28,2026-09-06 15:01:38,0,normal,NONE
TX-009463,ACC-01921,ACC-00573,2741.78,2026-09-01 08:07:19,0,normal,NONE
TX-007572,ACC-00258,ACC-00926,3853.64,2026-09-04 10:42:33,0,normal,NONE
TX-010403,ACC-00183,ACC-00043,3620.25,2026-09-06 14:30:43,0,normal,NONE
TX-002517,ACC-01154,ACC-01576,2822.29,2026-09-07 14:09:26,0,normal,NONE
TX-005787,ACC-00017,ACC-00177,9975.31,2026-09-02 11:13:51,0,normal,NONE
TX-012097,FRAUD-04-NEXTHOP,FRAUD-04-OUT-05,11016.25,2026-09-04 12:52:00,1,fan_out,NET-04
TX-003095,ACC-00602,ACC-00930,1953.26,2026-09-06 14:06:13,0,normal,NONE
TX-013217,ACC-01542,ACC-01507,78782.91,2026-09-07 22:28:00,0,normal_high_value,NONE
TX-012518,ACC-00239,ACC-01883,81890.43,2026-09-01 09:52:00,0,normal_high_value,NONE
TX-001191,ACC-01567,ACC-00568,8885.04,2026-09-02 19:37:30,0,normal,NONE
TX-010074,ACC-00284,ACC-01322,12331.88,2026-09-06 10:13:24,0,normal,NONE
TX-007345,ACC-00328,ACC-00989,16596.01,2026-09-03 18:37:47,0,normal,NONE
TX-005014,ACC-01044,ACC-01258,16233.08,2026-09-09 23:52:31,0,normal,NONE
TX-010935,ACC-00806,ACC-01747,662.16,2026-09-02 20:06:19,0,normal,NONE
TX-009692,ACC-00946,ACC-00312,15776.62,2026-09-01 14:20:55,0,normal,NONE
TX-008199,ACC-00296,ACC-01067,6211.44,2026-09-06 11:16:15,0,normal,NONE
TX-011528,ACC-01180,ACC-01425,1454.07,2026-09-02 11:35:56,0,normal,NONE
TX-011686,ACC-01875,ACC-01502,3087.55,2026-09-08 11:40:51,0,normal,NONE
TX-010852,ACC-01992,ACC-00437,5813.1,2026-09-01 20:17:09,0,normal,NONE
TX-007670,ACC-00916,ACC-00540,5313.74,2026-09-03 09:20:16,0,normal,NONE
TX-001507,ACC-00283,ACC-01752,13547.85,2026-09-09 16:00:49,0,normal,NONE
TX-004169,ACC-00935,ACC-00117,11448.14,2026-09-03 21:12:43,0,normal,NONE
TX-011479,ACC-00308,ACC-01007,6111.19,2026-09-04 10:28:31,0,normal,NONE
TX-009363,ACC-01503,ACC-00599,16597.12,2026-09-01 17:13:24,0,normal,NONE
TX-013143,ACC-00828,ACC-00900,51893.47,2026-09-01 14:55:00,0,normal_high_value,NONE
TX-009674,ACC-00644,ACC-00272,9823.15,2026-09-09 20:08:32,0,normal,NONE
TX-007482,ACC-00318,ACC-00667,6370.93,2026-09-07 10:35:12,0,normal,NONE
TX-012921,ACC-01910,ACC-01000,85001.67,2026-09-01 16:35:00,0,normal_high_value,NONE
TX-006108,ACC-00376,ACC-01535,3594.6,2026-09-05 23:39:10,0,normal,NONE
TX-000795,ACC-01405,ACC-00702,16603.89,2026-09-02 15:24:24,0,normal,NONE
TX-000731,ACC-00515,ACC-00416,11177.7,2026-09-08 15:58:40,0,normal,NONE
TX-001345,ACC-00277,ACC-00029,3450.62,2026-09-01 14:54:01,0,normal,NONE
TX-011862,ACC-00536,ACC-00560,2869.95,2026-09-04 19:59:36,0,normal,NONE
TX-006182,ACC-01724,ACC-00124,14481.5,2026-09-08 14:59:10,0,normal,NONE
TX-006823,ACC-00492,ACC-01235,1412.39,2026-09-09 21:42:29,0,normal,NONE
TX-010921,ACC-00981,ACC-00847,10044.57,2026-09-06 11:20:56,0,normal,NONE
TX-002627,ACC-00231,ACC-00177,13052.07,2026-09-08 16:17:01,0,normal,NONE
TX-011730,ACC-00235,ACC-00470,16644.53,2026-09-09 15:38:22,0,normal,NONE
TX-012060,FRAUD-03-SRC-10,FRAUD-03-COLLECTOR,11006.27,2026-09-02 09:18:00,1,funneling,NET-03
TX-010772,ACC-01666,ACC-00137,14232.34,2026-09-09 20:48:56,0,normal,NONE
TX-001746,ACC-00372,ACC-00941,3346.8,2026-09-03 14:36:31,0,normal,NONE
TX-001316,ACC-00370,ACC-01710,3045.94,2026-09-09 16:36:57,0,normal,NONE
TX-005633,ACC-00691,ACC-00460,467.53,2026-09-02 13:11:58,0,normal,NONE
TX-007628,ACC-00974,ACC-00673,3395.27,2026-09-01 13:55:16,0,normal,NONE
TX-012930,ACC-00862,ACC-00794,26304.01,2026-09-07 22:57:00,0,normal_high_value,NONE
TX-002710,ACC-00550,ACC-00261,14113.99,2026-09-07 14:02:57,0,normal,NONE
TX-008384,ACC-00035,ACC-00126,10528.54,2026-09-03 14:06:36,0,normal,NONE
TX-009028,ACC-01255,ACC-01699,13401.94,2026-09-01 17:30:42,0,normal,NONE
TX-003956,ACC-01801,ACC-01553,10593.65,2026-09-07 16:30:31,0,normal,NONE
TX-002676,ACC-00765,ACC-01142,4748.86,2026-09-02 13:37:26,0,normal,NONE
TX-001200,ACC-01062,ACC-00577,6726.8,2026-09-08 21:21:58,0,normal,NONE
TX-010677,ACC-00185,ACC-00956,10101.87,2026-09-09 20:50:16,0,normal,NONE
TX-007029,ACC-01454,ACC-00359,6465.14,2026-09-02 11:05:57,0,normal,NONE
TX-011091,ACC-01107,ACC-01959,11066.72,2026-09-07 22:32:20,0,normal,NONE
TX-006608,ACC-01287,ACC-01207,3632.29,2026-09-06 10:51:32,0,normal,NONE
TX-003127,ACC-00185,ACC-01047,14703.69,2026-09-08 20:57:42,0,normal,NONE
TX-005818,ACC-01146,ACC-00862,3578.26,2026-09-03 14:19:13,0,normal,NONE
TX-004834,ACC-00208,ACC-00356,13563.57,2026-09-01 16:33:07,0,normal,NONE
TX-011944,ACC-00012,ACC-00364,16463.05,2026-09-03 16:31:41,0,normal,NONE
TX-001890,ACC-01981,ACC-01865,2203.0,2026-09-06 11:01:14,0,normal,NONE
TX-006441,ACC-00351,ACC-00334,16206.04,2026-09-06 18:06:12,0,normal,NONE
TX-004368,ACC-00886,ACC-00003,3051.17,2026-09-05 16:09:41,0,normal,NONE
TX-012833,ACC-00010,ACC-01797,20427.32,2026-09-03 09:53:00,0,normal_high_value,NONE
TX-000033,ACC-00015,ACC-00146,12746.98,2026-09-01 15:04:57,0,normal,NONE
TX-003903,ACC-00680,ACC-00220,9890.16,2026-09-07 10:40:11,0,normal,NONE
TX-012447,ACC-01178,ACC-00803,78331.58,2026-09-09 12:27:00,0,normal_high_value,NONE
TX-010292,ACC-01618,ACC-00070,4191.94,2026-09-03 17:03:35,0,normal,NONE
TX-008422,ACC-00288,ACC-00435,2370.05,2026-09-05 20:53:47,0,normal,NONE
TX-001337,ACC-00168,ACC-01575,9071.93,2026-09-02 22:11:50,0,normal,NONE
TX-010855,ACC-01358,ACC-00162,9688.25,2026-09-07 17:48:33,0,normal,NONE
TX-004343,ACC-01272,ACC-01758,16531.55,2026-09-03 14:25:51,0,normal,NONE
TX-011347,ACC-00966,ACC-01074,1452.88,2026-09-02 08:54:58,0,normal,NONE
TX-007429,ACC-01595,ACC-01912,13738.0,2026-09-02 21:28:10,0,normal,NONE
TX-013158,ACC-01454,ACC-00472,62051.17,2026-09-02 13:48:00,0,normal_high_value,NONE
TX-009471,ACC-00423,ACC-00931,15171.21,2026-09-08 14:06:11,0,normal,NONE
TX-001611,ACC-01789,ACC-00094,17453.36,2026-09-06 22:14:38,0,normal,NONE
TX-000940,ACC-00498,ACC-01944,11185.62,2026-09-03 17:00:21,0,normal,NONE
TX-006212,ACC-01510,ACC-00853,8323.98,2026-09-05 11:27:27,0,normal,NONE
TX-009239,ACC-00061,ACC-01757,12278.1,2026-09-02 21:37:17,0,normal,NONE
TX-004886,ACC-01229,ACC-00382,8174.28,2026-09-08 10:15:28,0,normal,NONE
TX-005666,ACC-01169,ACC-01895,29.06,2026-09-08 09:52:06,0,normal,NONE
TX-011497,ACC-01068,ACC-00977,855.0,2026-09-09 13:45:17,0,normal,NONE
TX-011446,ACC-00317,ACC-01795,1865.07,2026-09-01 16:22:19,0,normal,NONE
TX-000746,ACC-01042,ACC-00913,8772.75,2026-09-05 14:20:32,0,normal,NONE
TX-008232,ACC-00474,ACC-00970,11474.84,2026-09-01 08:34:55,0,normal,NONE
TX-006858,ACC-00232,ACC-01896,3124.28,2026-09-09 20:56:05,0,normal,NONE
TX-001487,ACC-00758,ACC-01658,6714.86,2026-09-03 21:56:45,0,normal,NONE
TX-002878,ACC-01601,ACC-01821,15009.75,2026-09-08 17:13:26,0,normal,NONE
TX-000606,ACC-01428,ACC-01135,13002.25,2026-09-09 16:42:18,0,normal,NONE
TX-001742,ACC-01347,ACC-01778,14011.78,2026-09-02 20:41:16,0,normal,NONE
TX-008184,ACC-00606,ACC-00231,8865.88,2026-09-07 08:10:11,0,normal,NONE
TX-001534,ACC-01937,ACC-00090,4329.72,2026-09-03 16:56:40,0,normal,NONE
TX-002652,ACC-00606,ACC-00248,3743.43,2026-09-02 10:16:28,0,normal,NONE
TX-008524,ACC-01580,ACC-01585,13441.61,2026-09-04 19:23:54,0,normal,NONE
TX-009695,ACC-01566,ACC-01576,15656.37,2026-09-03 16:43:41,0,normal,NONE
TX-004878,ACC-00878,ACC-00988,3331.69,2026-09-01 08:22:08,0,normal,NONE
TX-005913,ACC-01933,ACC-00727,12554.79,2026-09-03 15:29:08,0,normal,NONE
TX-003003,ACC-00222,ACC-00379,15108.57,2026-09-04 17:49:09,0,normal,NONE
TX-001822,ACC-00532,ACC-00377,14953.27,2026-09-02 21:21:48,0,normal,NONE
TX-013139,ACC-00299,ACC-00981,28891.53,2026-09-05 18:37:00,0,normal_high_value,NONE
TX-008280,ACC-00319,ACC-00247,17749.98,2026-09-09 13:39:21,0,normal,NONE
TX-001331,ACC-01052,ACC-00700,17519.43,2026-09-04 12:59:31,0,normal,NONE
TX-010773,ACC-01496,ACC-00932,15690.42,2026-09-02 23:34:54,0,normal,NONE
TX-012348,ACC-01456,ACC-00208,58137.02,2026-09-06 10:38:00,0,normal_high_value,NONE
TX-000958,ACC-01999,ACC-01578,2629.84,2026-09-03 18:04:35,0,normal,NONE
TX-002111,ACC-00679,ACC-00847,3896.76,2026-09-04 08:02:54,0,normal,NONE
TX-004419,ACC-01194,ACC-01309,7893.63,2026-09-08 22:34:03,0,normal,NONE
TX-008122,ACC-01598,ACC-01994,7463.65,2026-09-01 18:35:42,0,normal,NONE
TX-003131,ACC-01343,ACC-01194,17399.83,2026-09-01 18:11:11,0,normal,NONE
TX-007061,ACC-00106,ACC-00510,16592.88,2026-09-05 19:24:12,0,normal,NONE
TX-003406,ACC-01406,ACC-01205,4688.14,2026-09-06 09:28:18,0,normal,NONE
TX-007336,ACC-00485,ACC-00220,13881.42,2026-09-07 13:55:58,0,normal,NONE
TX-008964,ACC-01767,ACC-01273,15837.06,2026-09-08 17:43:19,0,normal,NONE
TX-013023,ACC-00262,ACC-00343,34622.41,2026-09-05 16:35:00,0,normal_high_value,NONE
TX-001661,ACC-00291,ACC-00614,15412.41,2026-09-04 12:38:35,0,normal,NONE
TX-001027,ACC-00177,ACC-00874,7066.66,2026-09-08 19:19:21,0,normal,NONE
TX-005545,ACC-01758,ACC-00003,4591.22,2026-09-05 16:04:01,0,normal,NONE
TX-008410,ACC-00119,ACC-01551,3541.53,2026-09-07 23:58:11,0,normal,NONE
TX-001248,ACC-00661,ACC-01173,1777.11,2026-09-08 11:44:43,0,normal,NONE
TX-011783,ACC-00755,ACC-00458,12467.36,2026-09-08 21:37:45,0,normal,NONE
TX-009935,ACC-01749,ACC-01261,3593.67,2026-09-09 15:19:31,0,normal,NONE
TX-000656,ACC-00629,ACC-00862,14189.87,2026-09-06 19:16:37,0,normal,NONE
TX-000624,ACC-00207,ACC-01610,5163.95,2026-09-09 19:56:26,0,normal,NONE
TX-009563,ACC-01254,ACC-00111,16759.76,2026-09-03 15:40:45,0,normal,NONE
TX-000763,ACC-01910,ACC-01125,8313.55,2026-09-09 10:18:42,0,normal,NONE
TX-012668,ACC-00472,ACC-01617,83207.73,2026-09-04 19:25:00,0,normal_high_value,NONE
TX-005999,ACC-00192,ACC-00345,2000.81,2026-09-09 21:03:53,0,normal,NONE
TX-004527,ACC-00182,ACC-01271,7391.76,2026-09-01 21:43:56,0,normal,NONE
TX-009619,ACC-00125,ACC-00101,2617.89,2026-09-06 21:17:07,0,normal,NONE
TX-002200,ACC-00002,ACC-01349,2671.89,2026-09-03 17:19:05,0,normal,NONE
TX-004047,ACC-01704,ACC-01979,14200.11,2026-09-05 10:10:56,0,normal,NONE
TX-012195,FRAUD-08-NEXTHOP,FRAUD-08-OUT-03,9718.85,2026-09-07 09:50:00,1,fan_out,NET-08
TX-005152,ACC-00880,ACC-01880,4975.16,2026-09-09 13:33:48,0,normal,NONE
TX-003215,ACC-00432,ACC-01510,12406.14,2026-09-09 17:37:36,0,normal,NONE
TX-007775,ACC-00391,ACC-00189,16295.32,2026-09-08 19:26:01,0,normal,NONE
TX-010541,ACC-01956,ACC-00192,13094.93,2026-09-06 22:53:14,0,normal,NONE
TX-011516,ACC-00919,ACC-01087,1644.83,2026-09-06 10:26:25,0,normal,NONE
TX-010111,ACC-01786,ACC-00287,3234.49,2026-09-01 19:15:08,0,normal,NONE
TX-004093,ACC-01783,ACC-00266,7048.78,2026-09-04 19:00:00,0,normal,NONE
TX-009038,ACC-01558,ACC-00237,1403.32,2026-09-08 18:07:11,0,normal,NONE
TX-002765,ACC-01554,ACC-00999,7812.68,2026-09-09 09:42:49,0,normal,NONE
TX-013202,ACC-00271,ACC-00449,39294.91,2026-09-06 16:08:00,0,normal_high_value,NONE
TX-001406,ACC-01678,ACC-01515,8808.51,2026-09-02 19:04:55,0,normal,NONE
TX-002626,ACC-01525,ACC-01951,12279.28,2026-09-01 23:11:00,0,normal,NONE
TX-007948,ACC-00883,ACC-01380,12350.95,2026-09-06 09:54:20,0,normal,NONE
TX-004192,ACC-01540,ACC-01133,13231.77,2026-09-07 22:45:31,0,normal,NONE
TX-005782,ACC-01712,ACC-01627,14152.05,2026-09-05 10:11:51,0,normal,NONE
TX-003681,ACC-00004,ACC-01916,6407.9,2026-09-03 21:53:51,0,normal,NONE
TX-003149,ACC-00432,ACC-01420,13324.86,2026-09-06 19:11:15,0,normal,NONE
TX-002929,ACC-00338,ACC-01552,13364.72,2026-09-02 10:44:12,0,normal,NONE
TX-001747,ACC-01932,ACC-01494,3263.71,2026-09-05 08:19:10,0,normal,NONE
TX-011307,ACC-01803,ACC-00692,12401.96,2026-09-02 17:14:11,0,normal,NONE
TX-007217,ACC-00681,ACC-01705,6713.77,2026-09-07 11:20:07,0,normal,NONE
TX-002874,ACC-00776,ACC-01351,9349.21,2026-09-05 22:42:12,0,normal,NONE
TX-003548,ACC-00643,ACC-01497,4997.74,2026-09-08 09:23:20,0,normal,NONE
TX-007052,ACC-00634,ACC-00648,4135.25,2026-09-06 13:22:28,0,normal,NONE
TX-004112,ACC-00025,ACC-01961,77.77,2026-09-06 15:32:55,0,normal,NONE
TX-010572,ACC-00958,ACC-01330,6849.2,2026-09-09 21:54:55,0,normal,NONE
TX-002458,ACC-00912,ACC-00063,11205.05,2026-09-09 11:51:59,0,normal,NONE
TX-005146,ACC-00326,ACC-00792,3299.43,2026-09-05 14:38:23,0,normal,NONE
TX-006311,ACC-00948,ACC-00022,14915.61,2026-09-05 22:03:07,0,normal,NONE
TX-000077,ACC-00256,ACC-01475,16202.84,2026-09-09 17:42:26,0,normal,NONE
TX-005748,ACC-01989,ACC-01143,9683.12,2026-09-02 19:50:37,0,normal,NONE
TX-005889,ACC-00840,ACC-00630,7257.15,2026-09-09 12:06:49,0,normal,NONE
TX-007686,ACC-01396,ACC-01348,6724.12,2026-09-09 11:23:36,0,normal,NONE
TX-011515,ACC-00694,ACC-01430,17715.63,2026-09-09 22:25:23,0,normal,NONE
TX-008893,ACC-00413,ACC-01647,11360.14,2026-09-01 19:14:11,0,normal,NONE
TX-002699,ACC-01405,ACC-00741,12832.93,2026-09-09 18:13:51,0,normal,NONE
TX-010813,ACC-01947,ACC-00858,7212.98,2026-09-04 17:11:50,0,normal,NONE
TX-004784,ACC-00377,ACC-00537,4870.46,2026-09-03 22:35:53,0,normal,NONE
TX-007703,ACC-01319,ACC-01962,8589.1,2026-09-04 23:25:42,0,normal,NONE
TX-006150,ACC-00182,ACC-00044,3239.13,2026-09-08 21:02:30,0,normal,NONE
TX-002261,ACC-00064,ACC-00424,10405.29,2026-09-08 15:43:38,0,normal,NONE
TX-001776,ACC-00460,ACC-00115,13450.98,2026-09-02 12:24:46,0,normal,NONE
TX-004360,ACC-01592,ACC-01788,5018.03,2026-09-02 14:17:42,0,normal,NONE
TX-006180,ACC-01975,ACC-00819,6360.18,2026-09-01 15:01:28,0,normal,NONE
TX-000094,ACC-00655,ACC-01829,9731.94,2026-09-03 12:14:24,0,normal,NONE
TX-010005,ACC-01711,ACC-00129,17578.11,2026-09-01 18:18:38,0,normal,NONE
TX-011635,ACC-01943,ACC-01761,5310.65,2026-09-07 23:11:24,0,normal,NONE
TX-006339,ACC-00492,ACC-01753,16695.66,2026-09-08 17:46:33,0,normal,NONE
TX-005655,ACC-01194,ACC-01073,3452.53,2026-09-02 13:48:48,0,normal,NONE
TX-013130,ACC-00737,ACC-01425,85233.69,2026-09-03 08:23:00,0,normal_high_value,NONE
TX-005119,ACC-01452,ACC-00937,17377.32,2026-09-02 10:45:40,0,normal,NONE
TX-000715,ACC-01207,ACC-01959,9085.47,2026-09-08 08:33:47,0,normal,NONE
TX-003182,ACC-00744,ACC-01860,16293.63,2026-09-08 22:23:27,0,normal,NONE
TX-001077,ACC-01089,ACC-01306,6381.83,2026-09-07 16:21:17,0,normal,NONE
TX-007742,ACC-00571,ACC-01277,5079.69,2026-09-09 08:05:44,0,normal,NONE
TX-012870,ACC-01377,ACC-01189,36069.34,2026-09-08 19:38:00,0,normal_high_value,NONE
TX-003856,ACC-01867,ACC-01204,4872.41,2026-09-02 12:46:58,0,normal,NONE
TX-002016,ACC-01506,ACC-01666,6438.11,2026-09-04 22:45:19,0,normal,NONE
TX-011978,ACC-00147,ACC-01830,17648.06,2026-09-08 17:51:17,0,normal,NONE
TX-001886,ACC-01724,ACC-01981,7262.54,2026-09-09 09:21:41,0,normal,NONE
TX-007088,ACC-01181,ACC-00349,15321.67,2026-09-09 22:11:33,0,normal,NONE
TX-004623,ACC-01317,ACC-00499,3825.4,2026-09-04 23:38:31,0,normal,NONE
TX-009307,ACC-01868,ACC-00205,14386.17,2026-09-05 13:35:07,0,normal,NONE
TX-007105,ACC-00275,ACC-01847,5634.5,2026-09-02 08:26:24,0,normal,NONE
TX-004823,ACC-01813,ACC-00944,14711.73,2026-09-03 21:53:43,0,normal,NONE
TX-009635,ACC-01247,ACC-00093,6472.71,2026-09-08 16:58:27,0,normal,NONE
TX-001489,ACC-00775,ACC-01423,6749.11,2026-09-07 15:58:02,0,normal,NONE
TX-006224,ACC-01627,ACC-01987,16701.71,2026-09-08 21:26:32,0,normal,NONE
TX-005612,ACC-00511,ACC-01899,11934.84,2026-09-02 12:30:43,0,normal,NONE
TX-008837,ACC-01311,ACC-00442,16306.36,2026-09-02 20:27:26,0,normal,NONE
TX-008938,ACC-01877,ACC-01961,16440.09,2026-09-08 10:23:21,0,normal,NONE
TX-009364,ACC-01086,ACC-00344,14354.78,2026-09-06 20:32:16,0,normal,NONE
TX-002760,ACC-01779,ACC-01736,8640.66,2026-09-06 18:12:19,0,normal,NONE
TX-006832,ACC-00744,ACC-01637,12904.5,2026-09-05 14:17:55,0,normal,NONE
TX-010512,ACC-00607,ACC-00223,12330.03,2026-09-05 22:38:03,0,normal,NONE
TX-003353,ACC-00162,ACC-01134,15388.95,2026-09-06 12:04:50,0,normal,NONE
TX-001438,ACC-00005,ACC-01247,8587.99,2026-09-01 13:26:35,0,normal,NONE
TX-001234,ACC-01658,ACC-01761,9738.71,2026-09-01 09:27:56,0,normal,NONE
TX-006667,ACC-01944,ACC-00345,10662.56,2026-09-07 17:08:27,0,normal,NONE
TX-000186,ACC-01500,ACC-00270,1640.6,2026-09-05 18:47:26,0,normal,NONE
TX-003818,ACC-01785,ACC-00656,13584.09,2026-09-06 11:54:45,0,normal,NONE
TX-011550,ACC-01154,ACC-01969,2905.25,2026-09-06 19:12:28,0,normal,NONE
TX-011553,ACC-00949,ACC-00755,17463.52,2026-09-01 19:36:31,0,normal,NONE
TX-006132,ACC-01858,ACC-00518,15546.35,2026-09-01 12:16:01,0,normal,NONE
TX-002466,ACC-01318,ACC-00412,5100.46,2026-09-03 22:48:12,0,normal,NONE
TX-010936,ACC-00461,ACC-00700,15109.26,2026-09-04 17:37:58,0,normal,NONE
TX-009953,ACC-00456,ACC-01599,10281.3,2026-09-04 20:09:01,0,normal,NONE
TX-002068,ACC-00152,ACC-01513,16574.61,2026-09-08 21:40:28,0,normal,NONE
TX-001298,ACC-00059,ACC-00595,17570.78,2026-09-04 22:58:15,0,normal,NONE
TX-004123,ACC-00928,ACC-00974,16642.56,2026-09-03 11:00:49,0,normal,NONE
TX-005474,ACC-01896,ACC-01964,4360.84,2026-09-04 11:57:48,0,normal,NONE
TX-003753,ACC-00593,ACC-01736,16225.41,2026-09-04 09:21:14,0,normal,NONE
TX-004113,ACC-00691,ACC-01282,15943.74,2026-09-08 16:11:05,0,normal,NONE
TX-007230,ACC-00854,ACC-01564,1623.45,2026-09-05 20:04:20,0,normal,NONE
TX-000450,ACC-01016,ACC-01217,11107.7,2026-09-08 11:08:19,0,normal,NONE
TX-003747,ACC-01260,ACC-00173,8086.31,2026-09-01 18:58:03,0,normal,NONE
TX-007682,ACC-00039,ACC-00578,17883.55,2026-09-09 12:55:18,0,normal,NONE
TX-002961,ACC-01877,ACC-00443,3776.69,2026-09-06 14:53:33,0,normal,NONE
TX-009972,ACC-01722,ACC-01057,7531.89,2026-09-09 21:43:48,0,normal,NONE
TX-004503,ACC-00546,ACC-00969,14093.96,2026-09-06 15:15:25,0,normal,NONE
TX-003622,ACC-00765,ACC-00120,7919.45,2026-09-07 16:42:56,0,normal,NONE
TX-002318,ACC-00228,ACC-00967,2434.44,2026-09-02 18:49:46,0,normal,NONE
TX-007638,ACC-00219,ACC-01280,4189.29,2026-09-08 17:17:45,0,normal,NONE
TX-007785,ACC-01479,ACC-00085,15025.02,2026-09-08 10:04:53,0,normal,NONE
TX-002186,ACC-01984,ACC-01032,9937.97,2026-09-05 10:32:49,0,normal,NONE
TX-000382,ACC-01850,ACC-01036,3654.78,2026-09-09 12:10:20,0,normal,NONE
TX-001891,ACC-00098,ACC-01691,206.92,2026-09-02 18:55:44,0,normal,NONE
TX-001156,ACC-00938,ACC-00179,1461.46,2026-09-03 17:04:06,0,normal,NONE
TX-004741,ACC-00835,ACC-00867,6580.31,2026-09-09 12:19:25,0,normal,NONE
TX-009134,ACC-00483,ACC-01602,14442.08,2026-09-08 12:33:21,0,normal,NONE
TX-013126,ACC-01956,ACC-01343,25408.77,2026-09-04 15:24:00,0,normal_high_value,NONE
TX-001729,ACC-01073,ACC-01908,17144.95,2026-09-01 13:38:17,0,normal,NONE
TX-004476,ACC-00264,ACC-00678,13702.53,2026-09-01 21:41:35,0,normal,NONE
TX-010022,ACC-00289,ACC-00466,11671.96,2026-09-08 19:26:31,0,normal,NONE
TX-009501,ACC-00596,ACC-00249,11675.58,2026-09-05 21:52:53,0,normal,NONE
TX-002426,ACC-00907,ACC-01692,753.1,2026-09-09 12:42:17,0,normal,NONE
TX-002728,ACC-00045,ACC-00797,10298.38,2026-09-06 20:01:31,0,normal,NONE
TX-012391,ACC-01592,ACC-01989,44730.75,2026-09-09 12:21:00,0,normal_high_value,NONE
TX-009610,ACC-01421,ACC-01838,6969.66,2026-09-06 14:00:37,0,normal,NONE
TX-001254,ACC-00712,ACC-01630,1398.38,2026-09-05 17:27:42,0,normal,NONE
TX-004641,ACC-00278,ACC-00310,3587.64,2026-09-08 11:34:22,0,normal,NONE
TX-005305,ACC-00748,ACC-00091,13008.16,2026-09-07 23:38:54,0,normal,NONE
TX-012355,ACC-00390,ACC-01432,83686.54,2026-09-08 18:34:00,0,normal_high_value,NONE
TX-002504,ACC-00982,ACC-01883,16176.41,2026-09-08 19:14:09,0,normal,NONE
TX-006033,ACC-00927,ACC-00369,1961.85,2026-09-01 18:49:09,0,normal,NONE
TX-011934,ACC-01139,ACC-01726,15069.44,2026-09-01 19:36:21,0,normal,NONE
TX-002464,ACC-00086,ACC-00734,1074.06,2026-09-08 11:54:33,0,normal,NONE
TX-007763,ACC-00171,ACC-00107,5316.26,2026-09-08 20:45:55,0,normal,NONE
TX-011824,ACC-00057,ACC-01719,1162.87,2026-09-07 10:36:22,0,normal,NONE
TX-006919,ACC-00886,ACC-00284,14409.05,2026-09-07 08:24:28,0,normal,NONE
TX-011270,ACC-01927,ACC-00006,3811.69,2026-09-05 12:00:45,0,normal,NONE
TX-009059,ACC-00634,ACC-00061,12229.25,2026-09-03 10:50:39,0,normal,NONE
TX-001613,ACC-01929,ACC-01907,8580.67,2026-09-02 20:18:38,0,normal,NONE
TX-004465,ACC-00740,ACC-00566,6815.91,2026-09-02 19:43:30,0,normal,NONE
TX-003657,ACC-01129,ACC-00696,1765.79,2026-09-04 11:14:41,0,normal,NONE
TX-002192,ACC-00628,ACC-00334,8413.81,2026-09-03 08:28:51,0,normal,NONE
TX-001730,ACC-01427,ACC-01982,2338.24,2026-09-01 09:50:44,0,normal,NONE
TX-012595,ACC-00508,ACC-01962,84640.23,2026-09-02 10:15:00,0,normal_high_value,NONE
TX-007055,ACC-00749,ACC-01943,1894.03,2026-09-02 11:20:47,0,normal,NONE
TX-004681,ACC-00688,ACC-01311,12195.67,2026-09-05 21:56:58,0,normal,NONE
TX-009890,ACC-00392,ACC-00113,14654.92,2026-09-04 17:47:47,0,normal,NONE
TX-007771,ACC-00651,ACC-00062,1439.48,2026-09-04 19:13:57,0,normal,NONE
TX-005362,ACC-01753,ACC-00180,2386.09,2026-09-04 09:31:49,0,normal,NONE
TX-008632,ACC-00483,ACC-00682,1123.47,2026-09-08 11:45:59,0,normal,NONE
TX-002207,ACC-00711,ACC-01001,12064.38,2026-09-01 15:56:38,0,normal,NONE
TX-000531,ACC-01495,ACC-01953,15239.5,2026-09-01 15:05:59,0,normal,NONE
TX-013146,ACC-00838,ACC-00908,81662.64,2026-09-05 20:47:00,0,normal_high_value,NONE
TX-004394,ACC-00657,ACC-01012,10853.46,2026-09-09 17:23:32,0,normal,NONE
TX-011711,ACC-00245,ACC-00805,15368.85,2026-09-03 10:56:22,0,normal,NONE
TX-010736,ACC-00360,ACC-01013,8896.68,2026-09-01 10:38:13,0,normal,NONE
TX-012964,ACC-01313,ACC-00646,46872.66,2026-09-02 15:05:00,0,normal_high_value,NONE
TX-010973,ACC-01162,ACC-01152,16521.89,2026-09-03 20:33:30,0,normal,NONE
TX-006897,ACC-01481,ACC-00890,13466.11,2026-09-01 16:03:32,0,normal,NONE
TX-007169,ACC-01463,ACC-00860,8097.58,2026-09-02 12:24:20,0,normal,NONE
TX-011330,ACC-00476,ACC-01040,8453.18,2026-09-07 08:47:37,0,normal,NONE
TX-003486,ACC-00072,ACC-01657,12417.65,2026-09-02 10:45:53,0,normal,NONE
TX-009988,ACC-01616,ACC-00369,12407.08,2026-09-02 19:54:17,0,normal,NONE
TX-009225,ACC-01171,ACC-01420,814.03,2026-09-09 10:31:42,0,normal,NONE
TX-011216,ACC-01048,ACC-00505,2952.09,2026-09-06 23:03:10,0,normal,NONE
TX-006578,ACC-01467,ACC-00038,24.65,2026-09-01 23:09:11,0,normal,NONE
TX-004709,ACC-01056,ACC-00699,3697.06,2026-09-08 13:30:48,0,normal,NONE
TX-012037,FRAUD-02-SRC-12,FRAUD-02-COLLECTOR,12438.06,2026-09-06 17:22:00,1,funneling,NET-02
TX-007856,ACC-01725,ACC-00758,16172.59,2026-09-02 14:21:10,0,normal,NONE
TX-006516,ACC-00283,ACC-00646,1663.54,2026-09-03 14:07:04,0,normal,NONE
TX-000145,ACC-01225,ACC-00082,16011.82,2026-09-06 16:01:05,0,normal,NONE
TX-012299,ACC-00327,ACC-00876,55262.02,2026-09-08 15:02:00,0,normal_high_value,NONE
TX-005736,ACC-01036,ACC-01870,8706.45,2026-09-09 15:53:17,0,normal,NONE
TX-004029,ACC-00882,ACC-01472,7567.67,2026-09-07 18:52:10,0,normal,NONE
TX-010478,ACC-00409,ACC-00935,11381.3,2026-09-01 10:25:35,0,normal,NONE
TX-002756,ACC-00956,ACC-01460,8384.38,2026-09-04 22:08:26,0,normal,NONE
TX-005354,ACC-00208,ACC-01731,3233.27,2026-09-05 23:59:16,0,normal,NONE
TX-002493,ACC-00411,ACC-01847,11601.55,2026-09-07 20:09:18,0,normal,NONE
TX-012224,FRAUD-09-NEXTHOP,FRAUD-09-OUT-07,10673.48,2026-09-04 18:54:00,1,fan_out,NET-09
TX-003140,ACC-00916,ACC-01237,14851.15,2026-09-08 08:11:36,0,normal,NONE
TX-005020,ACC-00047,ACC-01963,15601.04,2026-09-07 22:22:05,0,normal,NONE
TX-006923,ACC-01711,ACC-01826,10428.6,2026-09-04 09:11:37,0,normal,NONE
TX-008281,ACC-01617,ACC-01966,10587.1,2026-09-09 10:58:25,0,normal,NONE
TX-008273,ACC-01709,ACC-01706,6700.1,2026-09-02 16:22:14,0,normal,NONE
TX-004334,ACC-01694,ACC-01822,16726.01,2026-09-03 18:25:45,0,normal,NONE
TX-003273,ACC-00769,ACC-01398,15576.01,2026-09-09 21:27:31,0,normal,NONE
TX-011283,ACC-01085,ACC-01121,1311.34,2026-09-05 20:00:48,0,normal,NONE
TX-006423,ACC-01668,ACC-01647,13582.81,2026-09-08 12:18:51,0,normal,NONE
TX-005338,ACC-01867,ACC-01421,8673.76,2026-09-08 10:22:15,0,normal,NONE
TX-002890,ACC-01577,ACC-01135,7566.68,2026-09-06 08:30:12,0,normal,NONE
TX-008674,ACC-00049,ACC-00881,5776.61,2026-09-04 12:26:40,0,normal,NONE
TX-005100,ACC-00164,ACC-01544,10401.97,2026-09-01 14:32:01,0,normal,NONE
TX-000789,ACC-00331,ACC-01326,15003.9,2026-09-01 15:02:08,0,normal,NONE
TX-003955,ACC-00963,ACC-01999,15029.52,2026-09-03 14:43:38,0,normal,NONE
TX-007400,ACC-00643,ACC-01911,16325.09,2026-09-09 08:36:25,0,normal,NONE
TX-004095,ACC-00185,ACC-00911,14874.4,2026-09-03 15:43:07,0,normal,NONE
TX-002677,ACC-00238,ACC-01147,734.81,2026-09-04 12:19:08,0,normal,NONE
TX-004744,ACC-00802,ACC-01361,912.34,2026-09-05 20:50:01,0,normal,NONE
TX-011996,ACC-00362,ACC-01863,13842.12,2026-09-01 18:44:09,0,normal,NONE
TX-005820,ACC-01594,ACC-01006,5290.88,2026-09-09 14:39:56,0,normal,NONE
TX-002031,ACC-01473,ACC-01164,13846.84,2026-09-05 13:24:29,0,normal,NONE
TX-009001,ACC-01174,ACC-00702,7027.23,2026-09-04 13:03:23,0,normal,NONE
TX-010647,ACC-00803,ACC-01974,618.19,2026-09-01 16:14:21,0,normal,NONE
TX-010372,ACC-01481,ACC-00818,8489.41,2026-09-05 08:49:29,0,normal,NONE
TX-004375,ACC-01026,ACC-01070,13587.97,2026-09-03 18:50:41,0,normal,NONE
TX-004873,ACC-00482,ACC-01097,11842.46,2026-09-03 19:50:15,0,normal,NONE
TX-011255,ACC-01661,ACC-00365,6839.47,2026-09-04 23:12:04,0,normal,NONE
TX-008380,ACC-01279,ACC-01940,14085.0,2026-09-06 22:13:40,0,normal,NONE
TX-009594,ACC-00804,ACC-00352,8675.99,2026-09-05 19:30:03,0,normal,NONE
TX-004769,ACC-01341,ACC-00813,15826.18,2026-09-03 22:59:25,0,normal,NONE
TX-008623,ACC-01747,ACC-01155,8458.59,2026-09-02 15:24:48,0,normal,NONE
TX-007529,ACC-01221,ACC-01608,14874.7,2026-09-03 12:36:29,0,normal,NONE
TX-000432,ACC-00153,ACC-01402,16662.01,2026-09-09 09:11:59,0,normal,NONE
TX-011317,ACC-01434,ACC-00537,12757.04,2026-09-09 10:57:56,0,normal,NONE
TX-001781,ACC-01480,ACC-00691,8002.65,2026-09-01 17:07:09,0,normal,NONE
TX-008671,ACC-01913,ACC-01167,14896.73,2026-09-01 18:36:25,0,normal,NONE
TX-010787,ACC-01791,ACC-00994,2294.39,2026-09-03 22:37:12,0,normal,NONE
TX-002960,ACC-00697,ACC-00077,5228.74,2026-09-01 17:15:13,0,normal,NONE
TX-009864,ACC-01048,ACC-01352,5791.48,2026-09-03 22:48:39,0,normal,NONE
TX-006728,ACC-00295,ACC-01917,7744.99,2026-09-04 09:11:39,0,normal,NONE
TX-008575,ACC-00556,ACC-00964,4567.03,2026-09-04 17:49:30,0,normal,NONE
TX-000350,ACC-00942,ACC-01869,9605.62,2026-09-09 19:43:49,0,normal,NONE
TX-012555,ACC-00967,ACC-01173,45545.85,2026-09-08 18:43:00,0,normal_high_value,NONE
TX-009836,ACC-00621,ACC-00927,2459.11,2026-09-05 15:44:36,0,normal,NONE
TX-003350,ACC-01167,ACC-00931,16144.32,2026-09-01 15:08:01,0,normal,NONE
TX-002910,ACC-01803,ACC-01559,5406.69,2026-09-07 12:44:04,0,normal,NONE
TX-013009,ACC-01768,ACC-00869,49014.73,2026-09-03 09:27:00,0,normal_high_value,NONE
TX-000043,ACC-00005,ACC-00800,4788.35,2026-09-08 17:27:44,0,normal,NONE
TX-000802,ACC-00978,ACC-01569,4200.58,2026-09-02 17:38:56,0,normal,NONE
TX-003530,ACC-00384,ACC-00797,10936.27,2026-09-02 13:53:54,0,normal,NONE
TX-004732,ACC-01202,ACC-00235,1505.44,2026-09-06 09:47:44,0,normal,NONE
TX-006115,ACC-00075,ACC-01197,12167.01,2026-09-02 09:51:11,0,normal,NONE
TX-000982,ACC-00297,ACC-00367,13849.44,2026-09-01 21:19:19,0,normal,NONE
TX-002313,ACC-01514,ACC-00409,14358.59,2026-09-09 22:54:17,0,normal,NONE
TX-003459,ACC-01020,ACC-00736,15311.75,2026-09-03 11:15:23,0,normal,NONE
TX-012028,FRAUD-02-SRC-03,FRAUD-02-COLLECTOR,6254.99,2026-09-06 17:04:00,1,funneling,NET-02
TX-012605,ACC-01159,ACC-01558,85721.23,2026-09-09 16:30:00,0,normal_high_value,NONE
TX-006607,ACC-01120,ACC-00030,4881.92,2026-09-01 17:02:30,0,normal,NONE
TX-011443,ACC-00743,ACC-00537,11427.69,2026-09-01 11:58:17,0,normal,NONE
TX-009781,ACC-01285,ACC-00147,4432.09,2026-09-09 23:22:50,0,normal,NONE
TX-006301,ACC-00386,ACC-00298,15495.14,2026-09-09 15:02:09,0,normal,NONE
TX-004111,ACC-00958,ACC-00355,3577.52,2026-09-07 16:04:41,0,normal,NONE
TX-005279,ACC-01996,ACC-00910,7395.34,2026-09-05 12:23:21,0,normal,NONE
TX-012725,ACC-00880,ACC-00280,35003.5,2026-09-03 12:14:00,0,normal_high_value,NONE
TX-009378,ACC-01156,ACC-01703,17458.88,2026-09-05 10:42:03,0,normal,NONE
TX-010498,ACC-01043,ACC-01984,470.86,2026-09-08 09:37:11,0,normal,NONE
TX-003551,ACC-00557,ACC-00035,10260.97,2026-09-02 20:37:13,0,normal,NONE
TX-003614,ACC-00904,ACC-00139,13218.46,2026-09-02 21:50:29,0,normal,NONE
TX-006070,ACC-01229,ACC-01017,6570.05,2026-09-09 19:52:35,0,normal,NONE
TX-008551,ACC-01382,ACC-00117,684.42,2026-09-07 15:17:41,0,normal,NONE
TX-010878,ACC-01131,ACC-01367,13601.1,2026-09-04 12:50:42,0,normal,NONE
TX-004241,ACC-01239,ACC-00960,5413.66,2026-09-01 09:48:49,0,normal,NONE
TX-000917,ACC-01154,ACC-01118,3866.43,2026-09-09 16:23:28,0,normal,NONE
TX-006736,ACC-00603,ACC-01540,8988.92,2026-09-08 08:03:28,0,normal,NONE
TX-007860,ACC-00051,ACC-00735,13480.86,2026-09-05 11:08:01,0,normal,NONE
TX-009130,ACC-00199,ACC-00158,8317.03,2026-09-02 21:23:55,0,normal,NONE
TX-009678,ACC-00307,ACC-01337,7362.92,2026-09-05 19:47:33,0,normal,NONE
TX-001617,ACC-00350,ACC-01543,16996.89,2026-09-02 11:27:45,0,normal,NONE
TX-002847,ACC-00067,ACC-01611,15037.38,2026-09-06 15:19:34,0,normal,NONE
TX-010255,ACC-00669,ACC-01158,2229.2,2026-09-04 19:13:05,0,normal,NONE
TX-009989,ACC-01449,ACC-01107,11392.66,2026-09-08 10:42:40,0,normal,NONE
TX-003945,ACC-00973,ACC-01666,2119.64,2026-09-02 23:47:06,0,normal,NONE
TX-008148,ACC-00579,ACC-00747,893.21,2026-09-09 08:27:47,0,normal,NONE
TX-008720,ACC-00556,ACC-00388,365.76,2026-09-07 23:30:31,0,normal,NONE
TX-001834,ACC-00873,ACC-01072,17533.78,2026-09-06 11:59:11,0,normal,NONE
TX-004666,ACC-01780,ACC-01603,11828.24,2026-09-01 13:09:50,0,normal,NONE
TX-007826,ACC-01375,ACC-01586,2989.79,2026-09-07 12:03:34,0,normal,NONE
TX-004302,ACC-00374,ACC-00045,10362.67,2026-09-05 08:04:27,0,normal,NONE
TX-008903,ACC-01040,ACC-01872,14987.47,2026-09-09 20:33:56,0,normal,NONE
TX-003729,ACC-01882,ACC-00606,5468.23,2026-09-05 12:38:38,0,normal,NONE
TX-005269,ACC-00475,ACC-00395,12325.71,2026-09-04 09:50:09,0,normal,NONE
TX-008158,ACC-00411,ACC-00454,10898.11,2026-09-06 08:44:00,0,normal,NONE
TX-012740,ACC-00877,ACC-01155,31032.18,2026-09-07 19:38:00,0,normal_high_value,NONE
TX-004875,ACC-01377,ACC-00793,9423.03,2026-09-07 15:26:53,0,normal,NONE
TX-011575,ACC-01393,ACC-01437,14216.92,2026-09-07 22:16:34,0,normal,NONE
TX-009534,ACC-01607,ACC-00684,442.39,2026-09-04 17:25:00,0,normal,NONE
TX-006424,ACC-00947,ACC-01648,17543.77,2026-09-06 16:11:27,0,normal,NONE
TX-000783,ACC-00776,ACC-00749,10586.47,2026-09-02 16:24:58,0,normal,NONE
TX-000592,ACC-01669,ACC-00360,6823.35,2026-09-05 12:11:46,0,normal,NONE
TX-001157,ACC-00338,ACC-00566,2034.2,2026-09-03 23:09:55,0,normal,NONE
TX-001537,ACC-01034,ACC-01570,14035.6,2026-09-07 22:10:16,0,normal,NONE
TX-011822,ACC-01614,ACC-01952,1463.41,2026-09-09 23:44:24,0,normal,NONE
TX-005791,ACC-00852,ACC-00179,3357.8,2026-09-04 17:52:08,0,normal,NONE
TX-009773,ACC-00532,ACC-00418,6492.8,2026-09-08 14:34:41,0,normal,NONE
TX-006038,ACC-01809,ACC-00301,16586.0,2026-09-05 16:56:47,0,normal,NONE
TX-009513,ACC-01066,ACC-00581,9276.06,2026-09-04 18:37:50,0,normal,NONE
TX-012986,ACC-01137,ACC-01634,28401.36,2026-09-07 17:10:00,0,normal_high_value,NONE
TX-008652,ACC-00465,ACC-01854,15743.21,2026-09-06 09:17:26,0,normal,NONE
TX-002402,ACC-00674,ACC-00860,12012.27,2026-09-05 19:05:00,0,normal,NONE
TX-006021,ACC-01291,ACC-00821,2239.86,2026-09-05 20:56:33,0,normal,NONE
TX-007701,ACC-01770,ACC-01115,4606.13,2026-09-07 15:56:50,0,normal,NONE
TX-009595,ACC-00869,ACC-00649,16669.78,2026-09-09 21:49:32,0,normal,NONE
TX-005900,ACC-00556,ACC-01021,8589.79,2026-09-06 08:54:58,0,normal,NONE
TX-002153,ACC-01557,ACC-00241,4349.1,2026-09-07 20:49:24,0,normal,NONE
TX-012623,ACC-00866,ACC-01233,35031.79,2026-09-05 23:15:00,0,normal_high_value,NONE
TX-008775,ACC-01173,ACC-00033,254.25,2026-09-05 13:41:31,0,normal,NONE
TX-004401,ACC-01326,ACC-01617,9729.57,2026-09-07 11:32:49,0,normal,NONE
TX-007615,ACC-00389,ACC-00572,14245.01,2026-09-08 23:12:09,0,normal,NONE
TX-005131,ACC-01065,ACC-01570,4587.64,2026-09-01 10:51:40,0,normal,NONE
TX-002948,ACC-01907,ACC-00510,9291.63,2026-09-07 14:33:41,0,normal,NONE
TX-008879,ACC-01436,ACC-01575,3626.2,2026-09-05 14:58:15,0,normal,NONE
TX-010573,ACC-01678,ACC-00526,4920.73,2026-09-05 10:07:34,0,normal,NONE
TX-009803,ACC-01625,ACC-00551,7473.09,2026-09-01 14:12:45,0,normal,NONE
TX-007368,ACC-00694,ACC-01112,2017.84,2026-09-01 18:33:00,0,normal,NONE
TX-002817,ACC-00935,ACC-00092,5135.05,2026-09-01 21:37:40,0,normal,NONE
TX-012864,ACC-00737,ACC-00153,66386.25,2026-09-01 08:38:00,0,normal_high_value,NONE
TX-004456,ACC-01540,ACC-00263,6845.39,2026-09-02 19:47:57,0,normal,NONE
TX-009426,ACC-01572,ACC-00774,7683.97,2026-09-06 16:48:46,0,normal,NONE
TX-005744,ACC-01671,ACC-01894,14585.72,2026-09-01 17:45:10,0,normal,NONE
TX-007252,ACC-01015,ACC-01466,16229.09,2026-09-02 21:25:22,0,normal,NONE
TX-012845,ACC-00141,ACC-00932,29436.26,2026-09-08 22:20:00,0,normal_high_value,NONE
TX-005495,ACC-00284,ACC-00259,17781.11,2026-09-09 12:56:08,0,normal,NONE
TX-009726,ACC-00360,ACC-00465,13861.33,2026-09-02 23:48:24,0,normal,NONE
TX-011807,ACC-00978,ACC-00675,4244.97,2026-09-09 22:55:29,0,normal,NONE
TX-010713,ACC-00712,ACC-01974,15520.88,2026-09-08 14:38:46,0,normal,NONE
TX-009791,ACC-00216,ACC-00036,9828.86,2026-09-02 09:51:13,0,normal,NONE
TX-012474,ACC-00826,ACC-00413,70528.55,2026-09-09 08:11:00,0,normal_high_value,NONE
TX-003024,ACC-01243,ACC-00150,15443.91,2026-09-06 09:29:26,0,normal,NONE
TX-000716,ACC-00100,ACC-01134,16836.84,2026-09-08 13:44:37,0,normal,NONE
TX-003542,ACC-01327,ACC-00235,9577.68,2026-09-05 20:43:50,0,normal,NONE
TX-003280,ACC-01750,ACC-01298,3334.17,2026-09-07 18:44:18,0,normal,NONE
TX-005864,ACC-01407,ACC-01957,12309.62,2026-09-01 09:05:28,0,normal,NONE
TX-001732,ACC-01538,ACC-01044,6927.02,2026-09-07 20:38:17,0,normal,NONE
TX-008420,ACC-00549,ACC-00432,17090.23,2026-09-09 20:01:51,0,normal,NONE
TX-003669,ACC-00446,ACC-00607,11859.9,2026-09-02 12:45:59,0,normal,NONE
TX-010633,ACC-00769,ACC-00905,12012.08,2026-09-09 14:36:00,0,normal,NONE
TX-012613,ACC-00339,ACC-00102,22549.36,2026-09-04 10:24:00,0,normal_high_value,NONE
TX-007304,ACC-00179,ACC-01268,5068.51,2026-09-04 23:31:36,0,normal,NONE
TX-008642,ACC-01204,ACC-00299,5260.79,2026-09-09 23:45:28,0,normal,NONE
TX-001871,ACC-01570,ACC-01204,5622.3,2026-09-04 23:27:56,0,normal,NONE
TX-002805,ACC-00393,ACC-00707,1207.68,2026-09-01 16:24:11,0,normal,NONE
TX-010497,ACC-01646,ACC-01421,9711.66,2026-09-05 23:47:00,0,normal,NONE
TX-002212,ACC-00793,ACC-01383,14786.52,2026-09-01 16:26:11,0,normal,NONE
TX-011213,ACC-01317,ACC-00781,13758.76,2026-09-01 19:35:32,0,normal,NONE
TX-012164,FRAUD-07-SRC-14,FRAUD-07-COLLECTOR,6987.98,2026-09-07 16:26:00,1,funneling,NET-07
TX-013055,ACC-01806,ACC-00158,66479.16,2026-09-01 15:41:00,0,normal_high_value,NONE
TX-003134,ACC-00484,ACC-01133,9920.85,2026-09-04 13:20:41,0,normal,NONE
TX-000169,ACC-00815,ACC-01331,1464.07,2026-09-06 20:20:40,0,normal,NONE
TX-011273,ACC-01315,ACC-01621,514.9,2026-09-09 11:51:31,0,normal,NONE
TX-011933,ACC-00955,ACC-01509,9412.33,2026-09-09 17:32:55,0,normal,NONE
TX-005187,ACC-00175,ACC-01981,3861.09,2026-09-06 11:48:12,0,normal,NONE
TX-004402,ACC-00275,ACC-01671,14555.42,2026-09-08 08:58:25,0,normal,NONE
TX-012949,ACC-01471,ACC-01154,67937.99,2026-09-02 23:56:00,0,normal_high_value,NONE
TX-009934,ACC-01050,ACC-01580,12361.68,2026-09-08 10:34:04,0,normal,NONE
TX-006495,ACC-00605,ACC-00825,1919.59,2026-09-08 19:42:31,0,normal,NONE
TX-006102,ACC-01707,ACC-01589,5568.6,2026-09-08 16:38:04,0,normal,NONE
TX-006287,ACC-00170,ACC-01249,2290.14,2026-09-05 15:51:05,0,normal,NONE
TX-002108,ACC-00683,ACC-01869,6361.56,2026-09-09 10:41:03,0,normal,NONE
TX-010173,ACC-00358,ACC-00110,17357.55,2026-09-08 15:27:04,0,normal,NONE
TX-011841,ACC-01915,ACC-01215,9235.36,2026-09-05 18:23:09,0,normal,NONE
TX-010025,ACC-01035,ACC-00580,2828.64,2026-09-09 09:56:31,0,normal,NONE
TX-003959,ACC-00015,ACC-00373,14372.87,2026-09-09 08:43:46,0,normal,NONE
TX-003974,ACC-00146,ACC-00773,8583.36,2026-09-06 20:44:18,0,normal,NONE
TX-004458,ACC-00324,ACC-01310,3305.08,2026-09-08 20:54:56,0,normal,NONE
TX-003035,ACC-01906,ACC-00351,3663.08,2026-09-07 11:29:34,0,normal,NONE
TX-012658,ACC-01502,ACC-00627,29862.37,2026-09-08 15:31:00,0,normal_high_value,NONE
TX-004421,ACC-01050,ACC-00598,4756.01,2026-09-08 17:01:58,0,normal,NONE
TX-002967,ACC-01751,ACC-00072,13026.03,2026-09-02 23:48:20,0,normal,NONE
TX-000568,ACC-00405,ACC-01849,11634.84,2026-09-03 10:57:54,0,normal,NONE
TX-008062,ACC-01312,ACC-00866,14887.03,2026-09-09 10:57:53,0,normal,NONE
TX-003287,ACC-01031,ACC-01670,17218.68,2026-09-09 20:03:00,0,normal,NONE
TX-006505,ACC-01661,ACC-01392,1095.96,2026-09-04 09:16:51,0,normal,NONE
TX-002368,ACC-01065,ACC-01059,10397.46,2026-09-05 12:20:27,0,normal,NONE
TX-011287,ACC-01737,ACC-00790,1626.31,2026-09-07 13:05:14,0,normal,NONE
TX-010199,ACC-01152,ACC-01025,7290.0,2026-09-06 22:03:28,0,normal,NONE
TX-011508,ACC-00354,ACC-00661,12967.16,2026-09-05 19:28:01,0,normal,NONE
TX-010743,ACC-00594,ACC-01208,4432.01,2026-09-07 14:24:09,0,normal,NONE
TX-000441,ACC-00779,ACC-01458,14114.35,2026-09-03 20:20:23,0,normal,NONE
TX-002019,ACC-01845,ACC-00842,12704.92,2026-09-08 16:05:13,0,normal,NONE
TX-010702,ACC-01173,ACC-00794,6579.05,2026-09-08 09:21:50,0,normal,NONE
TX-011165,ACC-01193,ACC-01841,10424.4,2026-09-01 23:52:02,0,normal,NONE
TX-009318,ACC-01030,ACC-00490,15105.39,2026-09-01 23:07:57,0,normal,NONE
TX-009365,ACC-01199,ACC-01014,15953.94,2026-09-09 18:03:51,0,normal,NONE
TX-012470,ACC-00836,ACC-00599,48128.39,2026-09-01 21:41:00,0,normal_high_value,NONE
TX-006139,ACC-00248,ACC-00508,7339.33,2026-09-07 17:47:33,0,normal,NONE
TX-011845,ACC-01509,ACC-00416,2679.29,2026-09-06 21:54:06,0,normal,NONE
TX-005310,ACC-01036,ACC-00331,10689.15,2026-09-02 18:34:40,0,normal,NONE
TX-003709,ACC-01953,ACC-01043,3499.87,2026-09-09 17:07:26,0,normal,NONE
TX-007542,ACC-00542,ACC-00038,2097.26,2026-09-02 17:25:01,0,normal,NONE
TX-005943,ACC-01595,ACC-01357,11759.47,2026-09-04 10:30:03,0,normal,NONE
TX-005325,ACC-00965,ACC-01191,15557.31,2026-09-01 08:46:03,0,normal,NONE
TX-008699,ACC-01976,ACC-00686,2216.52,2026-09-02 21:11:55,0,normal,NONE
TX-001225,ACC-01424,ACC-01210,17596.72,2026-09-03 10:23:12,0,normal,NONE
TX-006951,ACC-00847,ACC-00239,15547.86,2026-09-02 15:13:37,0,normal,NONE
TX-004505,ACC-01593,ACC-01944,4888.89,2026-09-07 21:46:20,0,normal,NONE
TX-002593,ACC-00406,ACC-01447,10925.63,2026-09-05 13:37:08,0,normal,NONE
TX-003248,ACC-01229,ACC-01311,14671.24,2026-09-04 21:06:14,0,normal,NONE
TX-002754,ACC-01537,ACC-00302,8109.93,2026-09-03 17:25:15,0,normal,NONE
TX-008960,ACC-00136,ACC-00295,15920.78,2026-09-08 08:46:18,0,normal,NONE
TX-011189,ACC-01236,ACC-01602,4052.21,2026-09-08 23:58:50,0,normal,NONE
TX-005835,ACC-00758,ACC-00900,3225.16,2026-09-02 17:45:13,0,normal,NONE
TX-005382,ACC-00094,ACC-00718,11306.23,2026-09-07 18:25:48,0,normal,NONE
TX-010720,ACC-00437,ACC-01119,2853.99,2026-09-05 14:35:14,0,normal,NONE
TX-003661,ACC-00763,ACC-01535,5343.38,2026-09-02 19:34:09,0,normal,NONE
TX-002692,ACC-01240,ACC-00670,16549.5,2026-09-08 23:24:48,0,normal,NONE
TX-000037,ACC-00842,ACC-00957,15551.78,2026-09-01 11:03:25,0,normal,NONE
TX-010842,ACC-00733,ACC-00168,17738.03,2026-09-03 18:54:53,0,normal,NONE
TX-004748,ACC-00862,ACC-01731,11805.08,2026-09-04 20:38:45,0,normal,NONE
TX-012617,ACC-01163,ACC-01161,57548.28,2026-09-02 23:44:00,0,normal_high_value,NONE
TX-002250,ACC-01228,ACC-00572,5762.87,2026-09-06 11:42:56,0,normal,NONE
TX-010691,ACC-00773,ACC-00355,1872.95,2026-09-08 17:04:40,0,normal,NONE
TX-004672,ACC-01322,ACC-01498,15857.34,2026-09-01 16:20:04,0,normal,NONE
TX-008716,ACC-00874,ACC-00534,11613.06,2026-09-08 15:34:59,0,normal,NONE
TX-004880,ACC-00019,ACC-00936,2072.24,2026-09-04 16:35:23,0,normal,NONE
TX-012420,ACC-01882,ACC-01072,80316.2,2026-09-09 12:19:00,0,normal_high_value,NONE
TX-008737,ACC-01282,ACC-01274,3379.0,2026-09-01 09:22:23,0,normal,NONE
TX-010887,ACC-00140,ACC-00480,3780.15,2026-09-01 17:20:56,0,normal,NONE
TX-003650,ACC-01815,ACC-00818,6300.23,2026-09-02 12:51:38,0,normal,NONE
TX-008615,ACC-01691,ACC-01769,15139.57,2026-09-09 08:29:39,0,normal,NONE
TX-008052,ACC-00861,ACC-01623,5882.42,2026-09-05 13:42:51,0,normal,NONE
TX-008736,ACC-00696,ACC-01703,16587.82,2026-09-01 14:02:26,0,normal,NONE
TX-003400,ACC-00363,ACC-00345,11416.55,2026-09-07 19:58:14,0,normal,NONE
TX-012929,ACC-00214,ACC-01617,25744.17,2026-09-01 23:14:00,0,normal_high_value,NONE
TX-005667,ACC-01017,ACC-01138,13269.63,2026-09-01 13:00:23,0,normal,NONE
TX-013191,ACC-01034,ACC-01753,72737.94,2026-09-08 10:53:00,0,normal_high_value,NONE
TX-010395,ACC-00649,ACC-00274,17255.12,2026-09-03 22:48:54,0,normal,NONE
TX-001361,ACC-00177,ACC-01367,8702.36,2026-09-03 14:10:38,0,normal,NONE
TX-003197,ACC-01761,ACC-01082,12181.06,2026-09-08 21:45:27,0,normal,NONE
TX-011723,ACC-01207,ACC-01205,4860.92,2026-09-08 16:21:00,0,normal,NONE
TX-002038,ACC-01140,ACC-00447,7366.82,2026-09-02 16:57:39,0,normal,NONE
TX-003283,ACC-00243,ACC-00359,2755.76,2026-09-03 22:27:56,0,normal,NONE
TX-000487,ACC-01583,ACC-01569,8925.73,2026-09-09 11:36:07,0,normal,NONE
TX-004455,ACC-00772,ACC-01667,964.79,2026-09-09 20:15:31,0,normal,NONE
TX-008780,ACC-00775,ACC-01937,16061.04,2026-09-06 22:32:43,0,normal,NONE
TX-011823,ACC-00339,ACC-01881,5092.65,2026-09-05 21:24:05,0,normal,NONE
TX-008031,ACC-01619,ACC-00026,5809.16,2026-09-05 13:34:38,0,normal,NONE
TX-005509,ACC-01240,ACC-01450,9364.88,2026-09-06 23:30:05,0,normal,NONE
TX-006393,ACC-00026,ACC-00288,9331.64,2026-09-02 18:57:27,0,normal,NONE
TX-005118,ACC-01401,ACC-01613,12769.96,2026-09-03 23:17:34,0,normal,NONE
TX-002287,ACC-00915,ACC-01161,9422.62,2026-09-04 16:51:47,0,normal,NONE
TX-000638,ACC-01002,ACC-01217,8040.94,2026-09-08 19:22:10,0,normal,NONE
TX-011440,ACC-01029,ACC-01816,1126.43,2026-09-09 19:55:25,0,normal,NONE
TX-006228,ACC-00676,ACC-01394,8498.45,2026-09-06 13:05:40,0,normal,NONE
TX-010185,ACC-00814,ACC-01934,5922.74,2026-09-08 17:31:56,0,normal,NONE
TX-004478,ACC-01657,ACC-01478,1316.39,2026-09-05 13:45:47,0,normal,NONE
TX-003239,ACC-00771,ACC-00786,9851.44,2026-09-05 21:01:17,0,normal,NONE
TX-004990,ACC-00672,ACC-00039,15895.32,2026-09-05 18:48:58,0,normal,NONE
TX-012773,ACC-00913,ACC-00505,52887.57,2026-09-07 21:52:00,0,normal_high_value,NONE
TX-010518,ACC-01497,ACC-01623,9949.78,2026-09-05 21:20:40,0,normal,NONE
TX-009639,ACC-01139,ACC-01420,8510.78,2026-09-04 20:22:06,0,normal,NONE
TX-013216,ACC-01659,ACC-01062,77540.6,2026-09-03 15:10:00,0,normal_high_value,NONE
TX-004603,ACC-00399,ACC-00981,13017.49,2026-09-03 20:18:17,0,normal,NONE
TX-006444,ACC-00726,ACC-00225,16574.53,2026-09-02 08:38:26,0,normal,NONE
TX-001916,ACC-00451,ACC-01504,14836.75,2026-09-05 23:13:10,0,normal,NONE
TX-011843,ACC-01274,ACC-01447,4616.23,2026-09-03 13:32:21,0,normal,NONE
TX-011921,ACC-01455,ACC-00010,1262.03,2026-09-07 21:58:42,0,normal,NONE
TX-003465,ACC-01810,ACC-01665,12350.46,2026-09-02 23:19:24,0,normal,NONE
TX-002139,ACC-00419,ACC-01645,11059.72,2026-09-06 16:30:29,0,normal,NONE
TX-008415,ACC-00861,ACC-00751,2450.5,2026-09-01 15:06:43,0,normal,NONE
TX-008032,ACC-00001,ACC-01948,8843.52,2026-09-09 10:40:57,0,normal,NONE
TX-000743,ACC-01316,ACC-01257,16536.56,2026-09-04 09:43:56,0,normal,NONE
TX-006518,ACC-01885,ACC-01846,505.8,2026-09-03 08:24:00,0,normal,NONE
TX-006763,ACC-00994,ACC-00094,3320.97,2026-09-02 21:30:11,0,normal,NONE
TX-008864,ACC-00482,ACC-00859,11396.06,2026-09-05 17:46:19,0,normal,NONE
TX-006835,ACC-00592,ACC-00342,13780.26,2026-09-02 17:11:54,0,normal,NONE
TX-012708,ACC-01862,ACC-00874,66948.89,2026-09-04 11:02:00,0,normal_high_value,NONE
TX-003443,ACC-01406,ACC-00750,10188.47,2026-09-07 11:49:07,0,normal,NONE
TX-010068,ACC-00854,ACC-00302,16596.07,2026-09-07 17:25:46,0,normal,NONE
TX-002848,ACC-01684,ACC-00872,5296.25,2026-09-02 09:19:42,0,normal,NONE
TX-011100,ACC-00289,ACC-01909,272.36,2026-09-09 20:23:34,0,normal,NONE
TX-010593,ACC-01713,ACC-01062,14975.21,2026-09-03 21:13:30,0,normal,NONE
TX-010209,ACC-00461,ACC-01583,5531.99,2026-09-02 23:19:57,0,normal,NONE
TX-008128,ACC-00096,ACC-01580,10651.09,2026-09-08 23:21:49,0,normal,NONE
TX-012630,ACC-01431,ACC-00017,25051.92,2026-09-06 19:01:00,0,normal_high_value,NONE
TX-007337,ACC-00904,ACC-00684,7112.44,2026-09-05 16:14:37,0,normal,NONE
TX-007500,ACC-01330,ACC-00866,16158.21,2026-09-09 14:48:11,0,normal,NONE
TX-004979,ACC-01042,ACC-01945,8206.82,2026-09-05 17:47:46,0,normal,NONE
TX-001835,ACC-00940,ACC-00878,6728.72,2026-09-09 13:34:27,0,normal,NONE
TX-008381,ACC-00901,ACC-00319,5920.96,2026-09-01 15:07:20,0,normal,NONE
TX-013020,ACC-00780,ACC-00057,43479.67,2026-09-02 19:53:00,0,normal_high_value,NONE
TX-011118,ACC-00337,ACC-01269,5391.13,2026-09-01 21:08:32,0,normal,NONE
TX-013047,ACC-01738,ACC-01944,31355.76,2026-09-07 23:59:00,0,normal_high_value,NONE
TX-004460,ACC-01758,ACC-01984,14274.77,2026-09-09 18:00:11,0,normal,NONE
TX-012375,ACC-00107,ACC-01066,26766.88,2026-09-05 17:18:00,0,normal_high_value,NONE
TX-008558,ACC-01108,ACC-00738,459.97,2026-09-07 20:17:32,0,normal,NONE
TX-004439,ACC-00120,ACC-01445,10642.56,2026-09-09 14:44:31,0,normal,NONE
TX-008337,ACC-00001,ACC-01825,12958.04,2026-09-06 08:06:12,0,normal,NONE
TX-003004,ACC-01590,ACC-01985,7749.15,2026-09-09 09:26:39,0,normal,NONE
TX-000024,ACC-00218,ACC-01783,11262.9,2026-09-09 14:09:23,0,normal,NONE
TX-005764,ACC-00939,ACC-00044,2344.82,2026-09-08 23:10:32,0,normal,NONE
TX-003525,ACC-00304,ACC-00347,2730.96,2026-09-08 15:44:39,0,normal,NONE
TX-009700,ACC-00758,ACC-00333,4513.03,2026-09-09 08:13:19,0,normal,NONE
TX-012433,ACC-00730,ACC-01515,34260.5,2026-09-07 08:00:00,0,normal_high_value,NONE
TX-008395,ACC-01159,ACC-00697,8691.7,2026-09-09 15:38:28,0,normal,NONE
TX-001310,ACC-00338,ACC-00647,13268.91,2026-09-08 12:35:54,0,normal,NONE
TX-007068,ACC-01363,ACC-01076,13458.99,2026-09-07 13:45:59,0,normal,NONE
TX-006731,ACC-01596,ACC-00411,6523.43,2026-09-03 17:57:42,0,normal,NONE
TX-003476,ACC-01326,ACC-01239,6797.18,2026-09-08 14:08:54,0,normal,NONE
TX-000790,ACC-01175,ACC-01214,2917.1,2026-09-09 09:57:36,0,normal,NONE
TX-012064,FRAUD-03-SRC-14,FRAUD-03-COLLECTOR,13577.94,2026-09-02 09:26:00,1,funneling,NET-03
TX-003285,ACC-00648,ACC-01256,1230.63,2026-09-01 11:05:11,0,normal,NONE
TX-005062,ACC-00496,ACC-01563,15248.91,2026-09-02 13:04:32,0,normal,NONE
TX-002515,ACC-00692,ACC-01130,16020.85,2026-09-07 21:11:28,0,normal,NONE
TX-010690,ACC-01755,ACC-00654,15370.75,2026-09-04 16:38:31,0,normal,NONE
TX-009174,ACC-00035,ACC-01359,2839.45,2026-09-09 16:39:09,0,normal,NONE
TX-005580,ACC-01754,ACC-01739,3981.47,2026-09-09 23:47:34,0,normal,NONE
TX-012656,ACC-00907,ACC-00899,57352.23,2026-09-02 16:22:00,0,normal_high_value,NONE
TX-004247,ACC-00703,ACC-00334,14410.16,2026-09-04 13:42:07,0,normal,NONE
TX-007604,ACC-00916,ACC-01495,2776.68,2026-09-07 09:25:13,0,normal,NONE
TX-003689,ACC-00389,ACC-00318,11955.56,2026-09-03 14:57:14,0,normal,NONE
TX-001396,ACC-00871,ACC-01820,2358.54,2026-09-04 22:04:23,0,normal,NONE
TX-010549,ACC-01346,ACC-00273,13583.58,2026-09-06 21:07:55,0,normal,NONE
TX-007173,ACC-00338,ACC-00529,10402.59,2026-09-02 20:01:40,0,normal,NONE
TX-013177,ACC-00925,ACC-00936,79481.0,2026-09-05 11:30:00,0,normal_high_value,NONE
TX-005272,ACC-01450,ACC-00465,12247.32,2026-09-01 20:39:22,0,normal,NONE
TX-009086,ACC-00269,ACC-01981,11629.84,2026-09-08 14:32:05,0,normal,NONE
TX-008898,ACC-01168,ACC-01500,3801.53,2026-09-05 09:53:21,0,normal,NONE
TX-010399,ACC-01710,ACC-01421,15538.33,2026-09-04 10:02:04,0,normal,NONE
TX-004490,ACC-00395,ACC-00467,11558.53,2026-09-06 13:33:24,0,normal,NONE
TX-008798,ACC-01644,ACC-00114,7990.24,2026-09-07 22:28:55,0,normal,NONE
TX-010845,ACC-00459,ACC-01861,1590.08,2026-09-02 09:01:19,0,normal,NONE
TX-003302,ACC-01260,ACC-01568,13261.89,2026-09-08 10:28:28,0,normal,NONE
TX-011319,ACC-01331,ACC-00467,8652.6,2026-09-03 21:46:04,0,normal,NONE
TX-012123,FRAUD-05-NEXTHOP,FRAUD-05-OUT-06,11134.1,2026-09-06 16:53:00,1,fan_out,NET-05
TX-009553,ACC-01848,ACC-00026,3936.69,2026-09-05 09:39:47,0,normal,NONE
TX-005514,ACC-00239,ACC-00845,3230.82,2026-09-07 20:46:01,0,normal,NONE
TX-000713,ACC-01601,ACC-00391,12907.85,2026-09-02 21:02:59,0,normal,NONE
TX-007323,ACC-01326,ACC-01209,7888.11,2026-09-02 16:00:30,0,normal,NONE
TX-008217,ACC-01567,ACC-00658,12304.6,2026-09-02 16:04:43,0,normal,NONE
TX-001823,ACC-00609,ACC-00337,3590.92,2026-09-07 23:30:34,0,normal,NONE
TX-008315,ACC-00118,ACC-00782,11538.62,2026-09-07 19:28:55,0,normal,NONE
TX-005690,ACC-00157,ACC-00498,6438.25,2026-09-07 11:32:42,0,normal,NONE
TX-005915,ACC-00382,ACC-00691,13521.46,2026-09-04 11:02:14,0,normal,NONE
TX-011601,ACC-01003,ACC-00117,7501.23,2026-09-05 12:08:53,0,normal,NONE
TX-006663,ACC-01655,ACC-01723,9776.11,2026-09-06 21:42:16,0,normal,NONE
TX-005129,ACC-01556,ACC-01109,14258.01,2026-09-04 17:49:42,0,normal,NONE
TX-010035,ACC-01350,ACC-01477,1410.73,2026-09-01 14:04:33,0,normal,NONE
TX-010534,ACC-00339,ACC-01861,3168.4,2026-09-06 22:12:02,0,normal,NONE
TX-003265,ACC-01480,ACC-01227,12237.82,2026-09-01 23:23:15,0,normal,NONE
TX-005287,ACC-01633,ACC-00838,3142.79,2026-09-02 23:58:42,0,normal,NONE
TX-000253,ACC-00212,ACC-01661,16186.3,2026-09-06 10:32:41,0,normal,NONE
TX-006936,ACC-00294,ACC-01554,11557.4,2026-09-06 09:47:08,0,normal,NONE
TX-002099,ACC-00233,ACC-00712,12551.5,2026-09-03 23:53:51,0,normal,NONE
TX-007041,ACC-01912,ACC-00633,10075.14,2026-09-09 18:07:14,0,normal,NONE
TX-010018,ACC-00924,ACC-00654,9741.36,2026-09-03 14:36:44,0,normal,NONE
TX-003672,ACC-01090,ACC-00445,14329.16,2026-09-02 17:46:31,0,normal,NONE
TX-007454,ACC-01375,ACC-01245,653.22,2026-09-01 09:16:22,0,normal,NONE
TX-009606,ACC-01234,ACC-01455,3497.52,2026-09-03 08:13:46,0,normal,NONE
TX-012479,ACC-01088,ACC-00404,49695.45,2026-09-07 11:08:00,0,normal_high_value,NONE
TX-005345,ACC-01922,ACC-00108,12864.89,2026-09-05 13:41:15,0,normal,NONE
TX-012753,ACC-00079,ACC-00550,33361.02,2026-09-01 23:29:00,0,normal_high_value,NONE
TX-007110,ACC-01735,ACC-01712,271.47,2026-09-02 10:41:59,0,normal,NONE
TX-005026,ACC-00866,ACC-00749,4443.11,2026-09-03 14:55:43,0,normal,NONE
TX-011537,ACC-01054,ACC-01608,10541.15,2026-09-06 10:06:34,0,normal,NONE
TX-010509,ACC-00660,ACC-00798,12614.17,2026-09-09 09:08:35,0,normal,NONE
TX-007220,ACC-01089,ACC-01010,16012.92,2026-09-05 17:05:08,0,normal,NONE
TX-004706,ACC-01435,ACC-00988,6046.02,2026-09-01 10:43:21,0,normal,NONE
TX-012265,ACC-01731,ACC-01337,53493.17,2026-09-05 23:23:00,0,normal_high_value,NONE
TX-005147,ACC-00815,ACC-00979,11551.43,2026-09-05 17:47:25,0,normal,NONE
TX-012200,FRAUD-08-NEXTHOP,FRAUD-08-OUT-08,10964.49,2026-09-07 09:55:00,1,fan_out,NET-08
TX-012080,FRAUD-04-SRC-05,FRAUD-04-COLLECTOR,12041.9,2026-09-04 12:08:00,1,funneling,NET-04
TX-000057,ACC-00432,ACC-01470,6184.99,2026-09-05 23:16:57,0,normal,NONE
TX-003413,ACC-01799,ACC-00440,7722.78,2026-09-09 17:04:04,0,normal,NONE
TX-009222,ACC-01354,ACC-00601,10277.24,2026-09-02 21:37:22,0,normal,NONE
TX-002856,ACC-01125,ACC-01916,10400.97,2026-09-09 17:58:35,0,normal,NONE
TX-004861,ACC-00710,ACC-01742,10715.53,2026-09-02 19:55:12,0,normal,NONE
TX-002987,ACC-00934,ACC-00149,5780.4,2026-09-04 11:11:49,0,normal,NONE
TX-009514,ACC-01581,ACC-00795,920.51,2026-09-01 10:35:42,0,normal,NONE
TX-005422,ACC-01699,ACC-01130,14589.44,2026-09-05 17:19:09,0,normal,NONE
TX-008787,ACC-00802,ACC-00090,2491.28,2026-09-07 18:14:11,0,normal,NONE
TX-010138,ACC-01961,ACC-00618,9157.47,2026-09-02 17:03:08,0,normal,NONE
TX-010435,ACC-00552,ACC-01786,6539.56,2026-09-06 10:45:54,0,normal,NONE
TX-009574,ACC-01583,ACC-00650,3724.02,2026-09-07 22:25:04,0,normal,NONE
TX-013012,ACC-00623,ACC-00141,24890.65,2026-09-02 11:40:00,0,normal_high_value,NONE
TX-002189,ACC-00662,ACC-00763,10156.57,2026-09-01 18:44:06,0,normal,NONE
TX-011026,ACC-00126,ACC-00184,3769.27,2026-09-02 10:26:24,0,normal,NONE
TX-004050,ACC-00498,ACC-01981,8945.51,2026-09-04 10:30:29,0,normal,NONE
TX-009255,ACC-00479,ACC-01631,8529.08,2026-09-06 13:13:12,0,normal,NONE
TX-009737,ACC-00515,ACC-00013,1218.78,2026-09-07 10:42:28,0,normal,NONE
TX-006344,ACC-00924,ACC-01244,4312.87,2026-09-06 17:13:34,0,normal,NONE
TX-005806,ACC-01064,ACC-00973,13863.64,2026-09-06 09:52:45,0,normal,NONE
TX-003545,ACC-00664,ACC-00305,263.67,2026-09-02 15:49:24,0,normal,NONE
TX-008078,ACC-00353,ACC-00481,11113.68,2026-09-06 19:16:12,0,normal,NONE
TX-012431,ACC-01382,ACC-00216,20881.89,2026-09-08 11:30:00,0,normal_high_value,NONE
TX-009221,ACC-00642,ACC-00458,16158.24,2026-09-04 18:32:55,0,normal,NONE
TX-006400,ACC-00813,ACC-01846,10398.89,2026-09-04 11:18:54,0,normal,NONE
TX-007770,ACC-01084,ACC-01891,1812.44,2026-09-07 15:51:22,0,normal,NONE
TX-000228,ACC-01991,ACC-00063,1669.8,2026-09-09 14:24:26,0,normal,NONE
TX-006713,ACC-01763,ACC-00869,11624.09,2026-09-08 22:56:21,0,normal,NONE
TX-007202,ACC-00713,ACC-00639,4453.41,2026-09-02 20:40:14,0,normal,NONE
TX-008118,ACC-00654,ACC-00345,9857.15,2026-09-09 08:43:35,0,normal,NONE
TX-005986,ACC-01179,ACC-00195,12099.74,2026-09-04 21:34:28,0,normal,NONE
TX-012370,ACC-00695,ACC-00888,51586.69,2026-09-04 21:26:00,0,normal_high_value,NONE
TX-008950,ACC-00953,ACC-01316,8616.76,2026-09-01 19:21:42,0,normal,NONE
TX-001700,ACC-01345,ACC-01720,7919.63,2026-09-03 19:47:27,0,normal,NONE
TX-013170,ACC-01988,ACC-00952,88376.28,2026-09-02 08:43:00,0,normal_high_value,NONE
TX-011492,ACC-00983,ACC-00227,7871.29,2026-09-07 17:48:37,0,normal,NONE
TX-001878,ACC-00251,ACC-00020,5748.23,2026-09-01 18:13:29,0,normal,NONE
TX-000514,ACC-01651,ACC-00210,1875.56,2026-09-06 17:08:24,0,normal,NONE
TX-009879,ACC-00272,ACC-01000,11078.58,2026-09-09 12:51:06,0,normal,NONE
TX-006046,ACC-00334,ACC-01994,7363.03,2026-09-08 21:51:13,0,normal,NONE
TX-008487,ACC-01316,ACC-00931,544.39,2026-09-06 08:40:01,0,normal,NONE
TX-005404,ACC-00065,ACC-01039,17883.63,2026-09-01 14:36:54,0,normal,NONE
TX-007205,ACC-00958,ACC-01826,9232.46,2026-09-01 14:27:39,0,normal,NONE
TX-006974,ACC-00007,ACC-01407,15178.37,2026-09-06 21:08:42,0,normal,NONE
TX-011428,ACC-01734,ACC-01214,6489.69,2026-09-06 13:20:34,0,normal,NONE
TX-004451,ACC-00927,ACC-01259,1317.56,2026-09-03 17:17:52,0,normal,NONE
TX-002917,ACC-01242,ACC-00439,16673.31,2026-09-01 14:25:18,0,normal,NONE
TX-000481,ACC-01302,ACC-01101,12487.92,2026-09-03 13:31:18,0,normal,NONE
TX-010359,ACC-01320,ACC-00610,3287.61,2026-09-04 11:53:49,0,normal,NONE
TX-008480,ACC-00268,ACC-01373,13838.49,2026-09-09 22:25:25,0,normal,NONE
TX-002578,ACC-01183,ACC-01626,5972.47,2026-09-04 12:20:50,0,normal,NONE
TX-012312,ACC-01736,ACC-00886,79429.91,2026-09-05 15:32:00,0,normal_high_value,NONE
TX-011998,ACC-00020,ACC-00388,4662.79,2026-09-01 18:34:51,0,normal,NONE
TX-006683,ACC-01956,ACC-01528,10812.48,2026-09-04 13:32:03,0,normal,NONE
TX-009944,ACC-00737,ACC-00015,1120.04,2026-09-02 19:05:42,0,normal,NONE
TX-012540,ACC-00023,ACC-00539,81848.92,2026-09-01 13:17:00,0,normal_high_value,NONE
TX-007121,ACC-00341,ACC-00685,17368.19,2026-09-06 09:30:47,0,normal,NONE
TX-001597,ACC-00406,ACC-00997,3292.08,2026-09-02 22:36:52,0,normal,NONE
TX-010324,ACC-01360,ACC-00677,15459.67,2026-09-02 22:38:07,0,normal,NONE
TX-003897,ACC-00312,ACC-01886,2497.15,2026-09-04 22:38:59,0,normal,NONE
TX-009344,ACC-00728,ACC-01532,16659.07,2026-09-05 13:53:59,0,normal,NONE
TX-001350,ACC-00921,ACC-01199,4382.48,2026-09-05 20:03:21,0,normal,NONE
TX-011431,ACC-00509,ACC-00863,16733.74,2026-09-05 15:35:31,0,normal,NONE
TX-006088,ACC-01357,ACC-01558,679.58,2026-09-07 20:42:25,0,normal,NONE
TX-003778,ACC-01897,ACC-00673,13516.02,2026-09-09 17:58:16,0,normal,NONE
TX-009805,ACC-01800,ACC-01747,6155.23,2026-09-02 22:15:11,0,normal,NONE
TX-009730,ACC-01081,ACC-00917,5547.86,2026-09-05 08:55:28,0,normal,NONE
TX-007739,ACC-00980,ACC-01372,848.54,2026-09-09 10:12:13,0,normal,NONE
TX-007504,ACC-00209,ACC-01340,5753.79,2026-09-02 08:06:25,0,normal,NONE
TX-009306,ACC-01490,ACC-00125,10030.78,2026-09-06 10:33:07,0,normal,NONE
TX-010095,ACC-01546,ACC-01421,17909.64,2026-09-09 23:13:07,0,normal,NONE
TX-005993,ACC-00107,ACC-01933,17856.63,2026-09-04 23:55:43,0,normal,NONE
TX-010808,ACC-00983,ACC-01111,12511.26,2026-09-06 11:53:14,0,normal,NONE
TX-002763,ACC-00761,ACC-00050,8081.49,2026-09-06 22:22:39,0,normal,NONE
TX-013022,ACC-00414,ACC-00996,30168.79,2026-09-09 11:06:00,0,normal_high_value,NONE
TX-009798,ACC-00218,ACC-00689,11635.12,2026-09-05 18:07:53,0,normal,NONE
TX-003686,ACC-00835,ACC-01844,13450.77,2026-09-09 18:40:07,0,normal,NONE
TX-003603,ACC-00476,ACC-01359,8124.71,2026-09-07 20:50:52,0,normal,NONE
TX-012907,ACC-01609,ACC-00058,69989.29,2026-09-01 20:47:00,0,normal_high_value,NONE
TX-009621,ACC-01236,ACC-00501,11851.52,2026-09-04 14:15:32,0,normal,NONE
TX-001447,ACC-01308,ACC-00812,2014.82,2026-09-05 23:10:35,0,normal,NONE
TX-004830,ACC-00856,ACC-00278,8540.84,2026-09-09 11:26:29,0,normal,NONE
TX-001021,ACC-00640,ACC-01309,16060.6,2026-09-06 14:12:18,0,normal,NONE
TX-000706,ACC-01152,ACC-00424,11789.64,2026-09-08 18:23:52,0,normal,NONE
TX-008038,ACC-00883,ACC-01382,3665.12,2026-09-05 21:28:02,0,normal,NONE
TX-001867,ACC-01925,ACC-00260,4831.28,2026-09-08 14:05:22,0,normal,NONE
TX-006272,ACC-01282,ACC-00539,17800.26,2026-09-03 13:45:36,0,normal,NONE
TX-005124,ACC-01253,ACC-00826,7941.98,2026-09-07 15:59:46,0,normal,NONE
TX-012208,FRAUD-09-SRC-08,FRAUD-09-COLLECTOR,11335.4,2026-09-04 18:14:00,1,funneling,NET-09
TX-010373,ACC-00193,ACC-01116,16635.21,2026-09-06 15:14:07,0,normal,NONE
TX-002575,ACC-01770,ACC-00263,6664.82,2026-09-08 10:01:28,0,normal,NONE
TX-011388,ACC-01347,ACC-00275,17995.23,2026-09-02 11:54:35,0,normal,NONE
TX-002957,ACC-00631,ACC-00843,14261.85,2026-09-05 08:49:14,0,normal,NONE
TX-003743,ACC-00872,ACC-01582,4887.19,2026-09-09 15:39:22,0,normal,NONE
TX-003915,ACC-00181,ACC-00682,4274.03,2026-09-06 23:46:47,0,normal,NONE
TX-007465,ACC-00261,ACC-00904,7255.78,2026-09-09 22:25:11,0,normal,NONE
TX-001420,ACC-00585,ACC-00295,3304.39,2026-09-02 12:19:26,0,normal,NONE
TX-001104,ACC-00695,ACC-00115,6092.18,2026-09-01 20:07:13,0,normal,NONE
TX-005047,ACC-00985,ACC-01322,4077.37,2026-09-06 10:34:58,0,normal,NONE
TX-006163,ACC-01026,ACC-00914,181.49,2026-09-09 08:31:37,0,normal,NONE
TX-001559,ACC-00665,ACC-01293,12539.75,2026-09-03 18:11:40,0,normal,NONE
TX-009528,ACC-01605,ACC-01642,6216.46,2026-09-04 23:27:42,0,normal,NONE
TX-005565,ACC-00451,ACC-00754,17231.86,2026-09-06 17:42:46,0,normal,NONE
TX-005377,ACC-00856,ACC-01501,1746.92,2026-09-01 14:38:09,0,normal,NONE
TX-011327,ACC-01684,ACC-00474,1452.53,2026-09-08 12:36:34,0,normal,NONE
TX-003524,ACC-01473,ACC-00765,17395.16,2026-09-06 14:58:15,0,normal,NONE
TX-009665,ACC-00435,ACC-00372,2306.5,2026-09-05 17:17:49,0,normal,NONE
TX-003401,ACC-00646,ACC-01675,16560.11,2026-09-05 10:43:11,0,normal,NONE
TX-012826,ACC-01619,ACC-01766,69764.78,2026-09-03 08:24:00,0,normal_high_value,NONE
TX-009448,ACC-00688,ACC-00814,10194.16,2026-09-03 22:41:26,0,normal,NONE
TX-006099,ACC-01748,ACC-00840,3497.71,2026-09-07 18:36:31,0,normal,NONE
TX-011655,ACC-01222,ACC-00127,8672.64,2026-09-03 16:43:43,0,normal,NONE
TX-009432,ACC-00413,ACC-01135,17821.38,2026-09-03 14:08:15,0,normal,NONE
TX-002653,ACC-01948,ACC-00244,7606.08,2026-09-06 20:00:44,0,normal,NONE
TX-004618,ACC-00494,ACC-01210,3186.15,2026-09-07 20:38:13,0,normal,NONE
TX-009996,ACC-01176,ACC-00232,16564.18,2026-09-04 22:03:28,0,normal,NONE
TX-010979,ACC-00853,ACC-01857,3884.97,2026-09-09 17:47:47,0,normal,NONE
TX-010419,ACC-01096,ACC-00266,7943.32,2026-09-05 20:07:49,0,normal,NONE
TX-000293,ACC-01523,ACC-00901,16105.58,2026-09-07 18:11:31,0,normal,NONE
TX-002837,ACC-00701,ACC-00329,9407.12,2026-09-09 14:30:59,0,normal,NONE
TX-009690,ACC-00877,ACC-00676,8734.91,2026-09-04 23:36:44,0,normal,NONE
TX-006158,ACC-01549,ACC-00964,1107.12,2026-09-02 11:10:38,0,normal,NONE
TX-010224,ACC-01448,ACC-00526,16404.98,2026-09-05 21:53:22,0,normal,NONE
TX-002871,ACC-00273,ACC-01977,3942.08,2026-09-02 08:41:13,0,normal,NONE
TX-006386,ACC-01077,ACC-01748,17735.38,2026-09-01 22:36:49,0,normal,NONE
TX-005654,ACC-01986,ACC-01782,10398.57,2026-09-06 10:09:29,0,normal,NONE
TX-009969,ACC-01785,ACC-00695,2487.72,2026-09-08 21:05:22,0,normal,NONE
TX-008619,ACC-01392,ACC-01718,7062.38,2026-09-06 09:41:25,0,normal,NONE
TX-006335,ACC-00216,ACC-01154,6058.61,2026-09-07 17:27:01,0,normal,NONE
TX-001319,ACC-01396,ACC-01394,2213.4,2026-09-06 11:53:20,0,normal,NONE
TX-002731,ACC-00449,ACC-01749,10547.19,2026-09-09 14:54:02,0,normal,NONE
TX-004926,ACC-00335,ACC-01232,6443.48,2026-09-05 19:33:49,0,normal,NONE
TX-007883,ACC-00797,ACC-00088,13293.23,2026-09-08 18:30:46,0,normal,NONE
TX-007750,ACC-01941,ACC-01899,5235.66,2026-09-04 14:46:30,0,normal,NONE
TX-012087,FRAUD-04-SRC-12,FRAUD-04-COLLECTOR,9236.43,2026-09-04 12:22:00,1,funneling,NET-04
TX-002229,ACC-00669,ACC-00764,708.41,2026-09-02 20:32:46,0,normal,NONE
TX-008494,ACC-00032,ACC-01359,3418.19,2026-09-06 15:19:06,0,normal,NONE
TX-008024,ACC-00859,ACC-01729,11570.32,2026-09-07 19:47:29,0,normal,NONE
TX-006804,ACC-01139,ACC-00831,17139.27,2026-09-02 13:57:50,0,normal,NONE
TX-011082,ACC-01737,ACC-01233,16920.98,2026-09-01 13:26:09,0,normal,NONE
TX-010090,ACC-00262,ACC-01891,13964.45,2026-09-06 22:01:42,0,normal,NONE
TX-000357,ACC-01344,ACC-00526,13457.15,2026-09-04 14:52:34,0,normal,NONE
TX-010957,ACC-00754,ACC-00737,4003.51,2026-09-04 22:55:59,0,normal,NONE
TX-011402,ACC-00223,ACC-00184,2466.31,2026-09-06 12:03:31,0,normal,NONE
TX-000838,ACC-01637,ACC-00867,8620.19,2026-09-09 09:32:22,0,normal,NONE
TX-000267,ACC-01606,ACC-00920,4227.37,2026-09-04 17:51:50,0,normal,NONE
TX-002007,ACC-01512,ACC-00038,9953.88,2026-09-01 20:49:24,0,normal,NONE
TX-012553,ACC-01470,ACC-01616,82912.26,2026-09-06 12:25:00,0,normal_high_value,NONE
TX-009590,ACC-01830,ACC-00178,16254.48,2026-09-06 08:46:59,0,normal,NONE
TX-002363,ACC-00527,ACC-00263,5825.32,2026-09-09 19:39:42,0,normal,NONE
TX-005425,ACC-00481,ACC-00947,1401.03,2026-09-06 09:14:04,0,normal,NONE
TX-010898,ACC-00024,ACC-00816,12596.24,2026-09-05 12:51:57,0,normal,NONE
TX-009675,ACC-01181,ACC-01970,16906.37,2026-09-01 13:35:18,0,normal,NONE
TX-004973,ACC-01747,ACC-01146,11412.16,2026-09-09 19:38:17,0,normal,NONE
TX-000827,ACC-00139,ACC-00784,11413.24,2026-09-04 15:51:20,0,normal,NONE
TX-010313,ACC-00116,ACC-00769,1996.28,2026-09-06 17:09:54,0,normal,NONE
TX-004254,ACC-01181,ACC-00558,7593.62,2026-09-08 20:26:08,0,normal,NONE
TX-006342,ACC-00388,ACC-00744,9753.29,2026-09-09 12:46:07,0,normal,NONE
TX-011785,ACC-01204,ACC-00804,6890.06,2026-09-08 08:11:35,0,normal,NONE
TX-006561,ACC-00014,ACC-01921,2462.71,2026-09-03 13:02:30,0,normal,NONE
TX-001442,ACC-01573,ACC-01663,12552.6,2026-09-01 11:29:23,0,normal,NONE
TX-008129,ACC-00770,ACC-01050,12893.14,2026-09-05 13:07:35,0,normal,NONE
TX-012111,FRAUD-05-SRC-11,FRAUD-05-COLLECTOR,12921.83,2026-09-06 16:20:00,1,funneling,NET-05
TX-002749,ACC-01183,ACC-01472,15080.55,2026-09-07 16:33:59,0,normal,NONE
TX-005804,ACC-00047,ACC-01564,15974.63,2026-09-04 16:51:16,0,normal,NONE
TX-007182,ACC-00996,ACC-00326,10525.93,2026-09-09 13:11:46,0,normal,NONE
TX-003062,ACC-01828,ACC-01882,699.43,2026-09-06 09:38:44,0,normal,NONE
TX-007367,ACC-01516,ACC-00636,14742.47,2026-09-06 08:47:43,0,normal,NONE
TX-013150,ACC-01111,ACC-00451,41425.47,2026-09-07 12:24:00,0,normal_high_value,NONE
TX-011088,ACC-01494,ACC-01520,9858.08,2026-09-09 12:14:50,0,normal,NONE
TX-001964,ACC-01724,ACC-01737,9850.01,2026-09-08 11:27:09,0,normal,NONE
TX-003126,ACC-00777,ACC-00317,15532.02,2026-09-01 18:09:39,0,normal,NONE
TX-004708,ACC-01239,ACC-01780,3760.15,2026-09-04 08:09:50,0,normal,NONE
TX-004955,ACC-01014,ACC-00720,3479.45,2026-09-09 10:57:12,0,normal,NONE
TX-001128,ACC-01531,ACC-01387,16172.74,2026-09-04 11:20:14,0,normal,NONE
TX-009792,ACC-01678,ACC-00042,2938.78,2026-09-02 12:13:37,0,normal,NONE
TX-010437,ACC-00072,ACC-00143,5343.03,2026-09-07 14:15:34,0,normal,NONE
TX-012764,ACC-00077,ACC-00559,31499.9,2026-09-02 17:07:00,0,normal_high_value,NONE
TX-010706,ACC-00926,ACC-00150,4459.12,2026-09-07 08:54:18,0,normal,NONE
TX-004976,ACC-00661,ACC-01231,1748.35,2026-09-08 20:21:02,0,normal,NONE
TX-008363,ACC-00849,ACC-00577,1194.62,2026-09-04 10:34:19,0,normal,NONE
TX-012318,ACC-01590,ACC-00577,68022.78,2026-09-08 16:47:00,0,normal_high_value,NONE
TX-001544,ACC-00255,ACC-01095,13351.21,2026-09-03 10:42:48,0,normal,NONE
TX-003264,ACC-00643,ACC-01646,11885.12,2026-09-02 11:39:08,0,normal,NONE
TX-012251,ACC-01559,ACC-00035,54377.5,2026-09-01 15:40:00,0,normal_high_value,NONE
TX-008635,ACC-01832,ACC-01509,12540.07,2026-09-05 21:47:31,0,normal,NONE
TX-002269,ACC-00213,ACC-00299,15250.33,2026-09-02 13:23:26,0,normal,NONE
TX-006598,ACC-01800,ACC-01888,17056.46,2026-09-07 22:16:02,0,normal,NONE
TX-006857,ACC-01662,ACC-01272,9749.58,2026-09-09 15:40:08,0,normal,NONE
TX-006177,ACC-01600,ACC-00111,2253.08,2026-09-06 13:13:53,0,normal,NONE
TX-000133,ACC-00979,ACC-00234,14801.64,2026-09-07 23:04:36,0,normal,NONE
TX-008266,ACC-00263,ACC-00584,9882.01,2026-09-05 18:25:11,0,normal,NONE
TX-010348,ACC-00960,ACC-00891,14101.75,2026-09-01 09:16:55,0,normal,NONE
TX-000604,ACC-01830,ACC-00989,12686.99,2026-09-07 13:38:56,0,normal,NONE
TX-005035,ACC-01334,ACC-01759,14079.88,2026-09-07 12:45:39,0,normal,NONE
TX-007434,ACC-00268,ACC-00725,17590.43,2026-09-05 09:11:21,0,normal,NONE
TX-000394,ACC-01920,ACC-01793,13055.93,2026-09-02 09:51:42,0,normal,NONE
TX-012125,FRAUD-05-NEXTHOP,FRAUD-05-OUT-08,13041.93,2026-09-06 16:55:00,1,fan_out,NET-05
TX-004723,ACC-01194,ACC-01293,8555.77,2026-09-07 19:45:39,0,normal,NONE
TX-007073,ACC-01169,ACC-01778,3422.0,2026-09-02 12:11:46,0,normal,NONE
TX-003929,ACC-00178,ACC-00689,14235.53,2026-09-07 16:38:47,0,normal,NONE
TX-005439,ACC-01031,ACC-00940,9487.68,2026-09-02 08:12:06,0,normal,NONE
TX-006142,ACC-01479,ACC-01803,6966.1,2026-09-03 16:53:01,0,normal,NONE
TX-011485,ACC-00046,ACC-01872,14226.64,2026-09-03 22:29:24,0,normal,NONE
TX-009664,ACC-01775,ACC-00530,4625.35,2026-09-06 21:21:11,0,normal,NONE
TX-005501,ACC-01183,ACC-01365,1237.6,2026-09-04 13:21:08,0,normal,NONE
TX-002278,ACC-00467,ACC-00058,15319.53,2026-09-05 12:37:00,0,normal,NONE
TX-005027,ACC-00267,ACC-01929,7420.89,2026-09-01 08:55:02,0,normal,NONE
TX-003235,ACC-01013,ACC-01843,9942.23,2026-09-04 13:31:18,0,normal,NONE
TX-010836,ACC-01235,ACC-01021,16958.39,2026-09-02 22:43:03,0,normal,NONE
TX-008020,ACC-00159,ACC-01269,7359.11,2026-09-07 22:43:24,0,normal,NONE
TX-008297,ACC-00836,ACC-01800,17528.64,2026-09-02 18:12:05,0,normal,NONE
TX-005505,ACC-00642,ACC-00379,16327.81,2026-09-07 16:16:19,0,normal,NONE
TX-004680,ACC-01516,ACC-01307,1562.58,2026-09-04 20:00:54,0,normal,NONE
TX-000402,ACC-00837,ACC-00306,5412.0,2026-09-03 23:15:54,0,normal,NONE
TX-004654,ACC-01774,ACC-01625,15785.3,2026-09-06 10:51:09,0,normal,NONE
TX-005533,ACC-00329,ACC-01004,11043.03,2026-09-07 14:40:25,0,normal,NONE
TX-009373,ACC-01492,ACC-01632,11215.97,2026-09-06 20:12:20,0,normal,NONE
TX-010147,ACC-00463,ACC-00330,17120.76,2026-09-05 18:29:02,0,normal,NONE
TX-003404,ACC-01762,ACC-00856,13676.65,2026-09-01 10:20:07,0,normal,NONE
TX-005602,ACC-01397,ACC-01569,797.06,2026-09-03 15:05:48,0,normal,NONE
TX-003884,ACC-01266,ACC-00092,6999.92,2026-09-09 18:19:34,0,normal,NONE
TX-006178,ACC-01868,ACC-01330,699.0,2026-09-03 20:24:12,0,normal,NONE
TX-008325,ACC-00796,ACC-00793,8774.54,2026-09-09 21:53:32,0,normal,NONE
TX-006890,ACC-01279,ACC-00814,8944.39,2026-09-01 12:03:52,0,normal,NONE
TX-001574,ACC-00557,ACC-01767,14067.57,2026-09-02 19:25:24,0,normal,NONE
TX-012323,ACC-01562,ACC-01956,49657.31,2026-09-01 08:55:00,0,normal_high_value,NONE
TX-008240,ACC-01117,ACC-00937,3931.19,2026-09-07 14:05:16,0,normal,NONE
TX-002424,ACC-00697,ACC-01092,6381.32,2026-09-03 20:06:54,0,normal,NONE
TX-008030,ACC-01948,ACC-01707,6032.78,2026-09-08 15:53:53,0,normal,NONE
TX-011316,ACC-01491,ACC-00383,14214.89,2026-09-08 13:38:00,0,normal,NONE
TX-012700,ACC-01030,ACC-01797,78313.36,2026-09-03 15:47:00,0,normal_high_value,NONE
TX-010501,ACC-01387,ACC-00635,12227.42,2026-09-01 13:24:39,0,normal,NONE
TX-006054,ACC-01135,ACC-01508,9500.27,2026-09-09 23:10:00,0,normal,NONE
TX-010086,ACC-01814,ACC-01523,5011.65,2026-09-06 21:34:09,0,normal,NONE
TX-004562,ACC-00218,ACC-01211,17827.55,2026-09-06 21:28:22,0,normal,NONE
TX-011458,ACC-01416,ACC-00826,9944.63,2026-09-08 08:44:59,0,normal,NONE
TX-005848,ACC-01489,ACC-01979,13791.83,2026-09-04 20:51:33,0,normal,NONE
TX-000810,ACC-01433,ACC-01945,2929.08,2026-09-04 20:50:21,0,normal,NONE
TX-009735,ACC-00160,ACC-01199,16164.27,2026-09-03 17:06:23,0,normal,NONE
TX-002651,ACC-01110,ACC-01308,1756.64,2026-09-04 08:01:01,0,normal,NONE
TX-010087,ACC-00284,ACC-00556,3724.48,2026-09-03 10:09:22,0,normal,NONE
TX-013125,ACC-01110,ACC-01910,46637.21,2026-09-07 18:33:00,0,normal_high_value,NONE
TX-010307,ACC-01191,ACC-00619,7918.92,2026-09-08 09:02:29,0,normal,NONE
TX-003191,ACC-01373,ACC-00751,8070.75,2026-09-03 08:55:46,0,normal,NONE
TX-003621,ACC-00334,ACC-01962,2958.05,2026-09-03 17:03:56,0,normal,NONE
TX-001703,ACC-00408,ACC-01943,8637.72,2026-09-05 11:26:31,0,normal,NONE
TX-005268,ACC-00067,ACC-00834,9722.71,2026-09-03 17:12:10,0,normal,NONE
TX-005169,ACC-00618,ACC-01706,8790.63,2026-09-09 11:41:26,0,normal,NONE
TX-003651,ACC-00275,ACC-00057,11781.07,2026-09-03 12:37:18,0,normal,NONE
TX-006024,ACC-00793,ACC-00281,13841.73,2026-09-09 20:27:00,0,normal,NONE
TX-012721,ACC-00536,ACC-01087,36869.61,2026-09-04 11:28:00,0,normal_high_value,NONE
TX-007074,ACC-01172,ACC-01949,5063.71,2026-09-03 15:08:32,0,normal,NONE
TX-011185,ACC-00505,ACC-00055,15818.4,2026-09-01 22:10:19,0,normal,NONE
TX-003371,ACC-00121,ACC-01611,6338.75,2026-09-09 09:05:07,0,normal,NONE
TX-012445,ACC-01607,ACC-01447,62647.43,2026-09-01 21:42:00,0,normal_high_value,NONE
TX-008036,ACC-00112,ACC-00452,7813.7,2026-09-08 09:21:36,0,normal,NONE
TX-004561,ACC-01239,ACC-00579,9130.17,2026-09-04 09:01:23,0,normal,NONE
TX-008999,ACC-01052,ACC-00945,7560.33,2026-09-07 22:14:28,0,normal,NONE
TX-008212,ACC-01581,ACC-01417,16665.01,2026-09-06 19:26:31,0,normal,NONE
TX-009863,ACC-01309,ACC-00278,3841.53,2026-09-06 14:53:19,0,normal,NONE
TX-006558,ACC-01671,ACC-00555,12794.65,2026-09-05 09:17:46,0,normal,NONE
TX-006384,ACC-01279,ACC-01897,6142.57,2026-09-05 23:43:03,0,normal,NONE
TX-011453,ACC-01230,ACC-01284,17800.29,2026-09-04 10:44:09,0,normal,NONE
TX-007101,ACC-01080,ACC-00875,1454.78,2026-09-07 21:47:02,0,normal,NONE
TX-000665,ACC-01298,ACC-00880,7273.01,2026-09-08 20:00:02,0,normal,NONE
TX-009143,ACC-01617,ACC-01976,11867.04,2026-09-08 23:20:04,0,normal,NONE
TX-007664,ACC-00449,ACC-00788,14531.09,2026-09-08 11:08:01,0,normal,NONE
TX-006751,ACC-01394,ACC-01916,14337.73,2026-09-06 10:33:27,0,normal,NONE
TX-003348,ACC-01353,ACC-01313,8745.61,2026-09-02 19:01:23,0,normal,NONE
TX-001569,ACC-00782,ACC-01068,5803.03,2026-09-08 08:04:55,0,normal,NONE
TX-000463,ACC-01388,ACC-01325,7205.13,2026-09-06 21:06:00,0,normal,NONE
TX-000744,ACC-00658,ACC-00782,16488.47,2026-09-02 20:16:34,0,normal,NONE
TX-000223,ACC-00460,ACC-01736,1965.77,2026-09-09 19:07:48,0,normal,NONE
TX-008673,ACC-00350,ACC-01724,5217.32,2026-09-06 14:45:09,0,normal,NONE
TX-003995,ACC-00295,ACC-00980,17021.81,2026-09-04 18:13:46,0,normal,NONE
TX-007211,ACC-01508,ACC-01301,3234.1,2026-09-03 11:44:55,0,normal,NONE
TX-010655,ACC-00676,ACC-00160,1905.88,2026-09-09 22:18:41,0,normal,NONE
TX-000626,ACC-00826,ACC-00295,11136.04,2026-09-07 09:25:56,0,normal,NONE
TX-009417,ACC-01552,ACC-01714,7877.15,2026-09-07 09:40:10,0,normal,NONE
TX-007966,ACC-00339,ACC-01186,10267.13,2026-09-02 20:40:16,0,normal,NONE
TX-010602,ACC-01579,ACC-01184,13427.61,2026-09-03 08:43:49,0,normal,NONE
TX-011418,ACC-00036,ACC-00093,17705.36,2026-09-06 12:11:39,0,normal,NONE
TX-006591,ACC-00509,ACC-00801,7433.18,2026-09-05 20:08:28,0,normal,NONE
TX-004450,ACC-01000,ACC-00734,11117.2,2026-09-01 11:30:55,0,normal,NONE
TX-007224,ACC-00686,ACC-01363,6238.18,2026-09-06 10:30:51,0,normal,NONE
TX-000457,ACC-01932,ACC-01451,3789.48,2026-09-05 10:52:54,0,normal,NONE
TX-010626,ACC-00358,ACC-01124,8161.22,2026-09-08 13:08:55,0,normal,NONE
TX-008076,ACC-01711,ACC-00275,17699.92,2026-09-08 23:44:48,0,normal,NONE
TX-004336,ACC-01586,ACC-01027,9483.87,2026-09-03 14:28:33,0,normal,NONE
TX-002622,ACC-00782,ACC-01493,10234.63,2026-09-03 11:03:23,0,normal,NONE
TX-011023,ACC-00336,ACC-01640,1911.42,2026-09-06 17:09:45,0,normal,NONE
TX-004951,ACC-01369,ACC-00064,2849.01,2026-09-05 15:51:53,0,normal,NONE
TX-007823,ACC-00112,ACC-01834,9439.32,2026-09-02 13:43:49,0,normal,NONE
TX-012352,ACC-01213,ACC-00858,20788.23,2026-09-03 14:14:00,0,normal_high_value,NONE
TX-009000,ACC-00349,ACC-00766,623.22,2026-09-04 13:07:47,0,normal,NONE
TX-001761,ACC-00365,ACC-00878,9558.04,2026-09-03 21:09:57,0,normal,NONE
TX-000843,ACC-00869,ACC-00432,7555.29,2026-09-06 19:54:25,0,normal,NONE
TX-011634,ACC-01709,ACC-01760,17767.9,2026-09-02 10:06:55,0,normal,NONE
TX-011245,ACC-01591,ACC-01269,5127.44,2026-09-08 14:49:52,0,normal,NONE
TX-006648,ACC-01517,ACC-00565,2568.54,2026-09-01 21:04:43,0,normal,NONE
TX-002903,ACC-01630,ACC-00844,15976.68,2026-09-02 10:32:37,0,normal,NONE
TX-008828,ACC-00637,ACC-00554,15713.84,2026-09-03 16:03:09,0,normal,NONE
TX-004683,ACC-01465,ACC-01708,954.93,2026-09-04 12:16:39,0,normal,NONE
TX-005329,ACC-01217,ACC-00315,16612.71,2026-09-04 21:50:38,0,normal,NONE
TX-007008,ACC-00878,ACC-00451,7982.9,2026-09-01 14:41:28,0,normal,NONE
TX-005769,ACC-01455,ACC-01294,1511.96,2026-09-02 17:32:23,0,normal,NONE
TX-007991,ACC-00301,ACC-01521,10892.41,2026-09-02 21:51:58,0,normal,NONE
TX-009849,ACC-00971,ACC-00004,9574.28,2026-09-01 17:57:41,0,normal,NONE
TX-012994,ACC-01113,ACC-01347,24553.47,2026-09-05 09:34:00,0,normal_high_value,NONE
TX-003432,ACC-00910,ACC-00451,14306.52,2026-09-01 17:57:43,0,normal,NONE
TX-012482,ACC-00182,ACC-01105,64708.07,2026-09-03 15:58:00,0,normal_high_value,NONE
TX-007786,ACC-01141,ACC-01457,15364.44,2026-09-01 17:21:03,0,normal,NONE
TX-012624,ACC-01047,ACC-00150,22052.06,2026-09-07 15:31:00,0,normal_high_value,NONE
TX-010950,ACC-00134,ACC-00435,15454.74,2026-09-05 20:20:04,0,normal,NONE
TX-010847,ACC-01709,ACC-01553,2186.91,2026-09-03 19:16:42,0,normal,NONE
TX-011034,ACC-00954,ACC-01208,9560.97,2026-09-03 14:45:13,0,normal,NONE
TX-006207,ACC-00926,ACC-01286,8949.82,2026-09-08 16:23:36,0,normal,NONE
TX-007472,ACC-00855,ACC-00682,683.32,2026-09-05 16:49:06,0,normal,NONE
TX-009408,ACC-01333,ACC-01572,2506.96,2026-09-04 15:23:11,0,normal,NONE
TX-008206,ACC-00883,ACC-01306,8556.12,2026-09-07 12:44:44,0,normal,NONE
TX-009748,ACC-00388,ACC-01112,8764.33,2026-09-04 20:35:02,0,normal,NONE
TX-008904,ACC-01467,ACC-00088,4715.68,2026-09-04 16:09:37,0,normal,NONE
TX-009614,ACC-00806,ACC-00627,13549.31,2026-09-06 08:36:17,0,normal,NONE
TX-000369,ACC-01657,ACC-00231,5965.7,2026-09-08 16:45:11,0,normal,NONE
TX-012013,FRAUD-01-SRC-13,FRAUD-01-COLLECTOR,8789.33,2026-09-05 13:24:00,1,funneling,NET-01
TX-003594,ACC-01792,ACC-00729,1937.32,2026-09-02 14:46:55,0,normal,NONE
TX-001416,ACC-01446,ACC-01719,15980.05,2026-09-08 10:51:34,0,normal,NONE
TX-006340,ACC-01603,ACC-01373,10984.41,2026-09-06 09:03:31,0,normal,NONE
TX-013135,ACC-00431,ACC-01889,29054.25,2026-09-07 21:09:00,0,normal_high_value,NONE
TX-013076,ACC-01264,ACC-01270,45960.38,2026-09-02 15:05:00,0,normal_high_value,NONE
TX-005313,ACC-00338,ACC-01994,368.76,2026-09-08 18:53:59,0,normal,NONE
TX-004601,ACC-00457,ACC-00857,11956.6,2026-09-02 17:37:57,0,normal,NONE
TX-006282,ACC-01930,ACC-01777,132.18,2026-09-08 23:46:57,0,normal,NONE
TX-001722,ACC-01659,ACC-00741,13377.92,2026-09-09 19:15:41,0,normal,NONE
TX-007435,ACC-01410,ACC-01690,14459.21,2026-09-09 10:01:40,0,normal,NONE
TX-004061,ACC-01762,ACC-00680,6396.17,2026-09-06 11:17:13,0,normal,NONE
TX-012767,ACC-01163,ACC-01085,43876.94,2026-09-06 09:26:00,0,normal_high_value,NONE
TX-001825,ACC-01169,ACC-00797,14817.82,2026-09-09 14:04:46,0,normal,NONE
TX-011604,ACC-00540,ACC-00241,4804.34,2026-09-05 19:27:19,0,normal,NONE
TX-005539,ACC-00079,ACC-00315,13429.88,2026-09-09 15:00:45,0,normal,NONE
TX-011599,ACC-00021,ACC-01013,1050.35,2026-09-09 15:54:36,0,normal,NONE
TX-008301,ACC-00681,ACC-01735,14261.72,2026-09-05 20:50:01,0,normal,NONE
TX-003233,ACC-01206,ACC-00727,4143.48,2026-09-02 16:57:50,0,normal,NONE
TX-001919,ACC-01409,ACC-00489,3080.78,2026-09-02 13:11:21,0,normal,NONE
TX-005083,ACC-00063,ACC-00096,17283.73,2026-09-08 16:35:21,0,normal,NONE
TX-001570,ACC-01007,ACC-00144,17166.83,2026-09-01 12:13:08,0,normal,NONE
TX-006985,ACC-01193,ACC-01294,6174.62,2026-09-04 09:23:25,0,normal,NONE
TX-000348,ACC-01253,ACC-01886,8499.47,2026-09-01 12:33:13,0,normal,NONE
TX-001243,ACC-00707,ACC-00732,7426.49,2026-09-01 15:15:15,0,normal,NONE
TX-006065,ACC-00639,ACC-00556,16769.69,2026-09-04 10:38:50,0,normal,NONE
TX-007199,ACC-00323,ACC-01167,12978.19,2026-09-01 17:13:32,0,normal,NONE
TX-011597,ACC-00571,ACC-00051,8354.67,2026-09-09 10:55:14,0,normal,NONE
TX-004922,ACC-00873,ACC-01012,6278.1,2026-09-03 11:24:14,0,normal,NONE
TX-009305,ACC-01941,ACC-00180,9503.51,2026-09-05 19:56:06,0,normal,NONE
TX-010673,ACC-00807,ACC-00880,7837.2,2026-09-04 16:31:39,0,normal,NONE
TX-010833,ACC-00918,ACC-01074,17764.38,2026-09-09 22:12:08,0,normal,NONE
TX-011555,ACC-00968,ACC-01588,4612.52,2026-09-01 14:00:45,0,normal,NONE
TX-011966,ACC-01268,ACC-01327,5497.91,2026-09-02 22:38:50,0,normal,NONE
TX-008207,ACC-01784,ACC-00134,10478.53,2026-09-02 08:21:00,0,normal,NONE
TX-005043,ACC-00924,ACC-01777,4400.57,2026-09-09 10:16:29,0,normal,NONE
TX-010000,ACC-00800,ACC-00363,5629.04,2026-09-09 21:43:46,0,normal,NONE
TX-005641,ACC-00555,ACC-01006,7362.17,2026-09-07 08:41:27,0,normal,NONE
TX-010995,ACC-01069,ACC-01455,3181.37,2026-09-04 23:40:49,0,normal,NONE
TX-010001,ACC-00402,ACC-01630,6451.7,2026-09-08 13:13:26,0,normal,NONE
TX-011776,ACC-01758,ACC-01870,10457.93,2026-09-04 18:34:20,0,normal,NONE
TX-008123,ACC-01036,ACC-00587,4714.06,2026-09-05 14:51:53,0,normal,NONE
TX-010869,ACC-00085,ACC-00465,11553.02,2026-09-02 14:08:24,0,normal,NONE
TX-001223,ACC-00368,ACC-00027,17977.05,2026-09-08 11:25:28,0,normal,NONE
TX-005072,ACC-01757,ACC-01854,10771.16,2026-09-06 12:03:26,0,normal,NONE
TX-002135,ACC-00869,ACC-01015,3089.58,2026-09-09 23:08:47,0,normal,NONE
TX-007653,ACC-00478,ACC-00186,1815.65,2026-09-02 21:44:05,0,normal,NONE
TX-009422,ACC-01863,ACC-00834,6208.22,2026-09-08 11:15:44,0,normal,NONE
TX-005946,ACC-00771,ACC-00454,12298.48,2026-09-03 19:47:24,0,normal,NONE
TX-000510,ACC-01487,ACC-01433,13599.07,2026-09-07 10:45:06,0,normal,NONE
TX-009250,ACC-00535,ACC-01231,4719.14,2026-09-04 19:59:40,0,normal,NONE
TX-007067,ACC-01514,ACC-01790,16345.79,2026-09-08 10:24:07,0,normal,NONE
TX-000749,ACC-00422,ACC-01102,14920.9,2026-09-07 10:47:43,0,normal,NONE
TX-001260,ACC-00493,ACC-00309,13440.87,2026-09-05 21:26:20,0,normal,NONE
TX-001889,ACC-00097,ACC-00806,5386.02,2026-09-08 23:54:41,0,normal,NONE
TX-000712,ACC-01252,ACC-00402,3392.03,2026-09-07 14:29:52,0,normal,NONE
TX-012167,FRAUD-07-RELAY,FRAUD-07-NEXTHOP,107817.44,2026-09-07 16:42:00,1,next_hop,NET-07
TX-012098,FRAUD-04-NEXTHOP,FRAUD-04-OUT-06,12995.68,2026-09-04 12:53:00,1,fan_out,NET-04
TX-006504,ACC-01351,ACC-00867,13912.75,2026-09-08 16:38:51,0,normal,NONE
TX-011013,ACC-01023,ACC-00123,11686.55,2026-09-01 18:33:13,0,normal,NONE
TX-005938,ACC-00686,ACC-00380,5601.34,2026-09-08 20:10:09,0,normal,NONE
TX-003330,ACC-01864,ACC-00062,9152.46,2026-09-09 23:45:24,0,normal,NONE
TX-003294,ACC-00469,ACC-01507,13679.8,2026-09-08 18:14:27,0,normal,NONE
TX-013166,ACC-01505,ACC-01773,50040.41,2026-09-05 15:40:00,0,normal_high_value,NONE
TX-010443,ACC-00338,ACC-01470,17181.94,2026-09-05 10:51:31,0,normal,NONE
TX-005360,ACC-00108,ACC-00560,2750.9,2026-09-05 18:25:19,0,normal,NONE
TX-011536,ACC-00691,ACC-01942,16560.12,2026-09-02 19:01:25,0,normal,NONE
TX-008875,ACC-00006,ACC-01600,12003.17,2026-09-06 19:19:31,0,normal,NONE
TX-000105,ACC-00864,ACC-00517,15031.7,2026-09-08 08:47:34,0,normal,NONE
TX-001795,ACC-00200,ACC-00679,7343.01,2026-09-09 11:32:51,0,normal,NONE
TX-002387,ACC-01478,ACC-01922,5413.88,2026-09-02 16:45:35,0,normal,NONE
TX-005036,ACC-00033,ACC-01517,6724.09,2026-09-03 19:25:21,0,normal,NONE
TX-007579,ACC-01726,ACC-00143,15055.16,2026-09-05 23:20:56,0,normal,NONE
TX-001659,ACC-00912,ACC-00287,10395.75,2026-09-06 19:38:34,0,normal,NONE
TX-000213,ACC-00660,ACC-01246,2687.04,2026-09-03 16:39:40,0,normal,NONE
TX-006500,ACC-01153,ACC-01124,7471.42,2026-09-02 11:51:01,0,normal,NONE
TX-004420,ACC-01790,ACC-01808,2575.38,2026-09-05 16:22:27,0,normal,NONE
TX-012486,ACC-01946,ACC-01688,26659.64,2026-09-02 09:28:00,0,normal_high_value,NONE
TX-001360,ACC-01638,ACC-01989,15204.67,2026-09-04 17:44:47,0,normal,NONE
TX-000335,ACC-00592,ACC-00151,6966.55,2026-09-08 16:52:39,0,normal,NONE
TX-006278,ACC-01844,ACC-01718,11784.56,2026-09-05 21:23:39,0,normal,NONE
TX-003111,ACC-00269,ACC-01317,15795.14,2026-09-02 18:55:20,0,normal,NONE
TX-000793,ACC-01243,ACC-00966,15614.1,2026-09-03 15:53:26,0,normal,NONE
TX-000234,ACC-00810,ACC-01228,1004.98,2026-09-04 17:13:49,0,normal,NONE
TX-013044,ACC-01773,ACC-01720,48406.76,2026-09-03 18:46:00,0,normal_high_value,NONE
TX-001065,ACC-00970,ACC-01185,3060.04,2026-09-01 17:51:47,0,normal,NONE
TX-000210,ACC-00454,ACC-01937,11079.62,2026-09-09 17:29:41,0,normal,NONE
TX-010121,ACC-00626,ACC-01843,15670.07,2026-09-01 20:52:12,0,normal,NONE
TX-006673,ACC-00264,ACC-00255,13969.7,2026-09-06 10:36:02,0,normal,NONE
TX-007710,ACC-00336,ACC-00780,15098.1,2026-09-03 18:36:42,0,normal,NONE
TX-004499,ACC-00730,ACC-00829,15030.41,2026-09-02 18:44:11,0,normal,NONE
TX-009456,ACC-01503,ACC-00414,15010.44,2026-09-09 10:26:31,0,normal,NONE
TX-002414,ACC-01579,ACC-01769,9860.05,2026-09-06 20:48:22,0,normal,NONE
TX-010910,ACC-01314,ACC-00492,13306.27,2026-09-08 13:59:15,0,normal,NONE
TX-005964,ACC-01268,ACC-00439,9070.48,2026-09-07 13:47:20,0,normal,NONE
TX-012122,FRAUD-05-NEXTHOP,FRAUD-05-OUT-05,11401.61,2026-09-06 16:52:00,1,fan_out,NET-05
TX-006854,ACC-01191,ACC-00019,1860.71,2026-09-03 18:00:08,0,normal,NONE
TX-000872,ACC-00387,ACC-00844,15881.27,2026-09-07 20:15:10,0,normal,NONE
TX-001264,ACC-00894,ACC-00865,11651.66,2026-09-01 14:10:17,0,normal,NONE
TX-001619,ACC-00452,ACC-01473,4652.16,2026-09-08 11:42:08,0,normal,NONE
TX-004346,ACC-01845,ACC-00653,13189.54,2026-09-09 21:17:21,0,normal,NONE
TX-002415,ACC-01600,ACC-01671,3113.6,2026-09-08 10:21:22,0,normal,NONE
TX-009844,ACC-01597,ACC-01571,9673.41,2026-09-08 08:10:00,0,normal,NONE
TX-001221,ACC-01230,ACC-01508,5629.88,2026-09-08 15:35:26,0,normal,NONE
TX-001766,ACC-00232,ACC-01184,7705.61,2026-09-05 12:05:20,0,normal,NONE
TX-011784,ACC-00833,ACC-00980,12880.45,2026-09-03 19:56:17,0,normal,NONE
TX-006886,ACC-01525,ACC-01129,14933.51,2026-09-07 22:50:37,0,normal,NONE
TX-012061,FRAUD-03-SRC-11,FRAUD-03-COLLECTOR,6105.75,2026-09-02 09:20:00,1,funneling,NET-03
TX-002002,ACC-01650,ACC-01942,10158.13,2026-09-01 19:04:26,0,normal,NONE
TX-007478,ACC-01217,ACC-00804,16757.72,2026-09-03 17:57:11,0,normal,NONE
TX-004582,ACC-00016,ACC-01622,16732.07,2026-09-05 11:40:44,0,normal,NONE
TX-004780,ACC-01194,ACC-00386,10298.4,2026-09-03 19:55:25,0,normal,NONE
TX-001486,ACC-01813,ACC-00228,6104.13,2026-09-04 17:29:15,0,normal,NONE
TX-003583,ACC-00924,ACC-00584,4090.94,2026-09-05 21:16:01,0,normal,NONE
TX-002524,ACC-00312,ACC-00335,7485.04,2026-09-09 21:10:35,0,normal,NONE
TX-011615,ACC-00034,ACC-00582,10308.05,2026-09-04 18:39:02,0,normal,NONE
TX-012443,ACC-01769,ACC-00639,72112.65,2026-09-01 12:38:00,0,normal_high_value,NONE
TX-003079,ACC-00550,ACC-00515,3302.36,2026-09-09 20:29:37,0,normal,NONE
TX-001306,ACC-01906,ACC-00695,15804.58,2026-09-03 10:20:45,0,normal,NONE
TX-006523,ACC-00648,ACC-01588,7651.07,2026-09-02 21:06:43,0,normal,NONE
TX-004382,ACC-01663,ACC-01085,16621.35,2026-09-02 22:34:32,0,normal,NONE
TX-010114,ACC-00146,ACC-01740,8056.78,2026-09-01 10:18:30,0,normal,NONE
TX-006486,ACC-00467,ACC-01058,5665.96,2026-09-07 22:00:08,0,normal,NONE
TX-008441,ACC-01658,ACC-00715,9135.09,2026-09-02 23:51:11,0,normal,NONE
TX-002166,ACC-00060,ACC-01256,16098.89,2026-09-03 13:55:54,0,normal,NONE
TX-000618,ACC-00920,ACC-00355,17084.13,2026-09-03 14:51:12,0,normal,NONE
TX-013024,ACC-01093,ACC-00832,86196.4,2026-09-07 21:32:00,0,normal_high_value,NONE
TX-005715,ACC-00921,ACC-01302,16629.98,2026-09-04 15:03:13,0,normal,NONE
TX-011712,ACC-01415,ACC-00867,11442.81,2026-09-08 16:50:35,0,normal,NONE
TX-006926,ACC-01588,ACC-01962,6514.82,2026-09-04 22:29:49,0,normal,NONE
TX-009053,ACC-00927,ACC-01642,1584.18,2026-09-03 11:13:51,0,normal,NONE
TX-007896,ACC-01590,ACC-00154,12203.52,2026-09-03 13:40:18,0,normal,NONE
TX-011076,ACC-00289,ACC-00061,10851.54,2026-09-02 13:16:21,0,normal,NONE
TX-012983,ACC-01748,ACC-01344,87904.59,2026-09-06 08:29:00,0,normal_high_value,NONE
TX-002005,ACC-00884,ACC-00979,5475.46,2026-09-04 08:59:03,0,normal,NONE
TX-013123,ACC-01843,ACC-00020,44938.14,2026-09-09 17:02:00,0,normal_high_value,NONE
TX-003048,ACC-00697,ACC-01505,14938.86,2026-09-08 15:48:27,0,normal,NONE
TX-011732,ACC-01719,ACC-01658,2238.49,2026-09-03 12:56:48,0,normal,NONE
TX-006694,ACC-01315,ACC-00202,3754.34,2026-09-05 15:40:15,0,normal,NONE
TX-007592,ACC-01181,ACC-01712,12327.32,2026-09-06 22:47:24,0,normal,NONE
TX-009357,ACC-00523,ACC-00010,1699.12,2026-09-01 16:13:53,0,normal,NONE
TX-003096,ACC-01493,ACC-00356,6602.66,2026-09-04 21:30:46,0,normal,NONE
TX-005788,ACC-00620,ACC-01518,17338.92,2026-09-04 16:51:32,0,normal,NONE
TX-003286,ACC-00576,ACC-01453,17703.22,2026-09-02 19:58:54,0,normal,NONE
TX-011931,ACC-00396,ACC-01490,13031.04,2026-09-03 12:59:41,0,normal,NONE
TX-011309,ACC-00774,ACC-01508,1109.87,2026-09-06 10:32:11,0,normal,NONE
TX-012033,FRAUD-02-SRC-08,FRAUD-02-COLLECTOR,13051.03,2026-09-06 17:14:00,1,funneling,NET-02
TX-001314,ACC-01453,ACC-01149,8743.89,2026-09-08 11:54:46,0,normal,NONE
TX-009118,ACC-00480,ACC-01109,15225.28,2026-09-05 09:14:38,0,normal,NONE
TX-008757,ACC-01643,ACC-01773,119.28,2026-09-03 15:16:58,0,normal,NONE
TX-006706,ACC-00321,ACC-01414,13687.45,2026-09-01 09:29:40,0,normal,NONE
TX-002904,ACC-00470,ACC-01895,10370.63,2026-09-01 21:44:22,0,normal,NONE
TX-006707,ACC-00308,ACC-00339,16558.87,2026-09-08 20:45:32,0,normal,NONE
TX-003334,ACC-00566,ACC-00863,14099.03,2026-09-09 12:12:20,0,normal,NONE
TX-003054,ACC-00484,ACC-01844,7303.42,2026-09-03 08:23:48,0,normal,NONE
TX-009813,ACC-00253,ACC-01817,16105.67,2026-09-05 22:17:24,0,normal,NONE
TX-009409,ACC-00466,ACC-00237,11877.17,2026-09-06 17:32:28,0,normal,NONE
TX-002270,ACC-01345,ACC-00696,2572.26,2026-09-04 23:13:16,0,normal,NONE
TX-009105,ACC-01692,ACC-00023,5750.54,2026-09-04 15:28:43,0,normal,NONE
TX-008452,ACC-00888,ACC-00562,7556.94,2026-09-05 11:18:30,0,normal,NONE
TX-008804,ACC-00895,ACC-00852,12763.92,2026-09-05 13:44:16,0,normal,NONE
TX-008284,ACC-01623,ACC-01041,17871.22,2026-09-01 17:13:31,0,normal,NONE
TX-009310,ACC-01881,ACC-01205,13418.83,2026-09-06 18:12:51,0,normal,NONE
TX-004985,ACC-01910,ACC-01937,8075.6,2026-09-06 20:30:53,0,normal,NONE
TX-008650,ACC-00694,ACC-01894,2904.04,2026-09-03 16:51:23,0,normal,NONE
TX-006253,ACC-01355,ACC-01102,3293.47,2026-09-03 12:15:42,0,normal,NONE
TX-011799,ACC-00829,ACC-01909,3898.8,2026-09-07 20:49:48,0,normal,NONE
TX-002115,ACC-00269,ACC-01676,13334.65,2026-09-05 10:04:04,0,normal,NONE
TX-005708,ACC-00511,ACC-01057,10858.53,2026-09-02 12:53:17,0,normal,NONE
TX-008871,ACC-01360,ACC-00990,9756.08,2026-09-03 09:36:37,0,normal,NONE
TX-011006,ACC-00280,ACC-01091,11423.61,2026-09-02 16:06:37,0,normal,NONE
TX-002603,ACC-00237,ACC-01563,16407.41,2026-09-05 15:15:03,0,normal,NONE
TX-011370,ACC-00417,ACC-01935,4808.82,2026-09-07 20:19:47,0,normal,NONE
TX-004608,ACC-01475,ACC-00678,6169.3,2026-09-07 11:20:34,0,normal,NONE
TX-009244,ACC-01718,ACC-01345,2005.34,2026-09-06 20:36:43,0,normal,NONE
TX-007683,ACC-00812,ACC-00871,2439.23,2026-09-08 21:03:05,0,normal,NONE
TX-013059,ACC-00768,ACC-00121,50073.52,2026-09-07 18:13:00,0,normal_high_value,NONE
TX-005415,ACC-00783,ACC-01523,8436.4,2026-09-02 13:23:05,0,normal,NONE
TX-000521,ACC-01349,ACC-01794,5443.66,2026-09-09 14:47:25,0,normal,NONE
TX-011720,ACC-00947,ACC-00559,15961.69,2026-09-01 08:15:56,0,normal,NONE
TX-012799,ACC-01127,ACC-01198,82453.63,2026-09-08 10:19:00,0,normal_high_value,NONE
TX-008909,ACC-00755,ACC-01981,9940.96,2026-09-09 21:36:41,0,normal,NONE
TX-007513,ACC-00637,ACC-01768,17135.29,2026-09-09 12:09:59,0,normal,NONE
TX-001093,ACC-00546,ACC-00311,12606.99,2026-09-07 08:32:45,0,normal,NONE
TX-007666,ACC-01665,ACC-01355,17455.11,2026-09-01 15:20:44,0,normal,NONE
TX-011762,ACC-00519,ACC-00523,5700.33,2026-09-04 12:22:25,0,normal,NONE
TX-010440,ACC-00419,ACC-00162,2324.0,2026-09-01 19:56:38,0,normal,NONE
TX-003772,ACC-01924,ACC-01846,15111.92,2026-09-08 19:28:10,0,normal,NONE
TX-001110,ACC-01219,ACC-01637,11089.0,2026-09-02 14:27:21,0,normal,NONE
TX-004656,ACC-01863,ACC-00510,8812.38,2026-09-06 20:20:59,0,normal,NONE
TX-001039,ACC-00484,ACC-00355,11933.77,2026-09-02 23:07:37,0,normal,NONE
TX-005226,ACC-00253,ACC-01132,1263.34,2026-09-06 11:12:25,0,normal,NONE
TX-000021,ACC-01931,ACC-00024,12251.5,2026-09-02 16:49:41,0,normal,NONE
TX-006704,ACC-00442,ACC-00804,4821.48,2026-09-05 14:52:10,0,normal,NONE
TX-006260,ACC-01406,ACC-01639,16442.28,2026-09-06 22:42:25,0,normal,NONE
TX-000935,ACC-00663,ACC-01403,16636.0,2026-09-02 11:42:26,0,normal,NONE
TX-011673,ACC-00526,ACC-01648,6490.95,2026-09-01 14:42:07,0,normal,NONE
TX-011971,ACC-01381,ACC-01848,14648.96,2026-09-09 12:52:01,0,normal,NONE
TX-012511,ACC-00925,ACC-00740,53065.0,2026-09-07 12:58:00,0,normal_high_value,NONE
TX-001727,ACC-00857,ACC-01128,12814.62,2026-09-09 19:57:23,0,normal,NONE
TX-004491,ACC-01957,ACC-01993,2119.05,2026-09-04 13:15:46,0,normal,NONE
TX-009098,ACC-01891,ACC-01105,2410.47,2026-09-05 18:49:35,0,normal,NONE
TX-007437,ACC-00702,ACC-00993,9079.24,2026-09-06 23:40:09,0,normal,NONE
TX-001738,ACC-01095,ACC-00238,45.17,2026-09-06 19:20:05,0,normal,NONE
TX-008359,ACC-00358,ACC-00984,8094.19,2026-09-04 15:14:15,0,normal,NONE
TX-000562,ACC-00672,ACC-00304,1660.01,2026-09-04 19:25:32,0,normal,NONE
TX-011661,ACC-00331,ACC-01841,8019.95,2026-09-03 12:58:50,0,normal,NONE
TX-012221,FRAUD-09-NEXTHOP,FRAUD-09-OUT-04,10514.48,2026-09-04 18:51:00,1,fan_out,NET-09
TX-010503,ACC-01243,ACC-01282,2386.07,2026-09-01 23:49:44,0,normal,NONE
TX-001163,ACC-01162,ACC-00271,16171.11,2026-09-05 13:50:16,0,normal,NONE
TX-012568,ACC-01411,ACC-00114,82443.81,2026-09-06 16:36:00,0,normal_high_value,NONE
TX-008853,ACC-01625,ACC-01737,7053.71,2026-09-05 18:15:35,0,normal,NONE
TX-005441,ACC-00257,ACC-01939,13766.98,2026-09-08 18:42:30,0,normal,NONE
TX-001528,ACC-01403,ACC-00940,4972.43,2026-09-01 12:28:04,0,normal,NONE
TX-006077,ACC-01904,ACC-01802,7912.71,2026-09-05 22:13:43,0,normal,NONE
TX-002931,ACC-01292,ACC-01533,17436.21,2026-09-01 12:22:20,0,normal,NONE
TX-000059,ACC-00684,ACC-01580,2372.14,2026-09-05 13:47:28,0,normal,NONE
TX-010625,ACC-00112,ACC-01917,15825.75,2026-09-01 22:23:55,0,normal,NONE
TX-006479,ACC-01619,ACC-00935,14912.82,2026-09-04 16:07:34,0,normal,NONE
TX-011300,ACC-01491,ACC-00049,12596.51,2026-09-09 17:07:03,0,normal,NONE
TX-004484,ACC-01206,ACC-01160,2567.18,2026-09-02 20:27:57,0,normal,NONE
TX-002292,ACC-01806,ACC-01601,938.47,2026-09-02 14:30:07,0,normal,NONE
TX-006841,ACC-01322,ACC-01168,14619.44,2026-09-06 15:54:00,0,normal,NONE
TX-011366,ACC-00631,ACC-00472,16633.21,2026-09-08 11:32:32,0,normal,NONE
TX-009537,ACC-00519,ACC-01104,2580.53,2026-09-09 23:13:39,0,normal,NONE
TX-010781,ACC-01123,ACC-01414,2009.47,2026-09-02 17:56:21,0,normal,NONE
TX-010219,ACC-01173,ACC-01643,10782.49,2026-09-01 23:51:05,0,normal,NONE
TX-001650,ACC-01321,ACC-01440,7817.14,2026-09-03 11:20:04,0,normal,NONE
TX-013072,ACC-00231,ACC-01450,53846.2,2026-09-05 13:50:00,0,normal_high_value,NONE
TX-008714,ACC-00627,ACC-01502,1402.2,2026-09-05 12:51:22,0,normal,NONE
TX-002725,ACC-00828,ACC-00425,3938.35,2026-09-06 20:17:15,0,normal,NONE
TX-009376,ACC-00454,ACC-01401,11369.12,2026-09-02 17:19:51,0,normal,NONE
TX-006770,ACC-01871,ACC-00149,5640.84,2026-09-08 17:27:39,0,normal,NONE
TX-006833,ACC-00595,ACC-01913,2668.42,2026-09-02 11:29:21,0,normal,NONE
TX-007616,ACC-00413,ACC-00647,11717.03,2026-09-04 23:55:16,0,normal,NONE
TX-012590,ACC-01691,ACC-00907,38691.99,2026-09-08 14:27:00,0,normal_high_value,NONE
TX-011706,ACC-01346,ACC-01411,15849.13,2026-09-07 22:15:15,0,normal,NONE
TX-005121,ACC-01558,ACC-00247,15105.77,2026-09-02 23:27:16,0,normal,NONE
TX-011007,ACC-00001,ACC-01050,13638.34,2026-09-03 22:17:20,0,normal,NONE
TX-007333,ACC-01355,ACC-01023,3181.92,2026-09-04 17:51:29,0,normal,NONE
TX-008143,ACC-00037,ACC-00154,3891.62,2026-09-08 09:11:01,0,normal,NONE
TX-003871,ACC-00104,ACC-00827,10291.63,2026-09-09 14:25:38,0,normal,NONE
TX-005413,ACC-00927,ACC-01594,5904.97,2026-09-07 09:00:10,0,normal,NONE
TX-012600,ACC-00057,ACC-01667,64924.32,2026-09-04 14:26:00,0,normal_high_value,NONE
TX-002908,ACC-00405,ACC-00272,5324.1,2026-09-01 22:14:39,0,normal,NONE
TX-009523,ACC-00269,ACC-00628,10755.89,2026-09-02 18:08:43,0,normal,NONE
TX-003539,ACC-01963,ACC-00725,7302.39,2026-09-07 13:52:56,0,normal,NONE
TX-011749,ACC-01046,ACC-01289,15264.61,2026-09-08 09:38:54,0,normal,NONE
TX-004416,ACC-01437,ACC-00210,13550.72,2026-09-04 18:54:03,0,normal,NONE
TX-009090,ACC-01507,ACC-00422,4248.0,2026-09-08 11:01:19,0,normal,NONE
TX-008951,ACC-01861,ACC-01264,2502.92,2026-09-03 23:30:01,0,normal,NONE
TX-001818,ACC-01656,ACC-00741,14216.27,2026-09-08 14:03:13,0,normal,NONE
TX-012938,ACC-01728,ACC-00826,72821.66,2026-09-08 15:06:00,0,normal_high_value,NONE
TX-003950,ACC-01887,ACC-00020,11323.78,2026-09-02 14:28:21,0,normal,NONE
TX-000338,ACC-00823,ACC-01025,743.78,2026-09-01 12:45:21,0,normal,NONE
TX-002073,ACC-01011,ACC-00699,888.22,2026-09-09 21:18:20,0,normal,NONE
TX-011781,ACC-01583,ACC-01564,12276.32,2026-09-06 19:57:20,0,normal,NONE
TX-009309,ACC-01598,ACC-01316,57.22,2026-09-05 14:12:42,0,normal,NONE
TX-011367,ACC-01124,ACC-01391,4928.4,2026-09-08 11:47:24,0,normal,NONE
TX-003514,ACC-00127,ACC-01323,14896.92,2026-09-06 12:52:28,0,normal,NONE
TX-002816,ACC-01639,ACC-00081,8200.05,2026-09-09 17:34:48,0,normal,NONE
TX-005934,ACC-00893,ACC-00890,15787.58,2026-09-09 20:40:42,0,normal,NONE
TX-008261,ACC-01391,ACC-00176,6145.07,2026-09-03 15:03:52,0,normal,NONE
TX-006030,ACC-01921,ACC-00303,5814.76,2026-09-05 13:12:21,0,normal,NONE
TX-008457,ACC-01845,ACC-00791,631.44,2026-09-03 15:42:30,0,normal,NONE
TX-000767,ACC-00747,ACC-01655,5707.67,2026-09-07 13:00:20,0,normal,NONE
TX-003783,ACC-01709,ACC-01104,1454.56,2026-09-06 08:56:52,0,normal,NONE
TX-006118,ACC-00547,ACC-01867,6548.04,2026-09-08 11:42:54,0,normal,NONE
TX-001145,ACC-01442,ACC-01298,44.52,2026-09-02 20:57:44,0,normal,NONE
TX-011190,ACC-00380,ACC-00625,13897.87,2026-09-03 16:10:30,0,normal,NONE
TX-002511,ACC-01460,ACC-00392,10239.59,2026-09-06 22:35:55,0,normal,NONE
TX-011755,ACC-00346,ACC-01657,13510.74,2026-09-01 23:52:56,0,normal,NONE
TX-002274,ACC-01560,ACC-00287,2681.47,2026-09-05 08:14:56,0,normal,NONE
TX-012376,ACC-01152,ACC-01169,87332.04,2026-09-03 08:33:00,0,normal_high_value,NONE
TX-006570,ACC-00790,ACC-01959,15792.21,2026-09-07 18:13:55,0,normal,NONE
TX-007449,ACC-00462,ACC-01615,11804.37,2026-09-04 14:25:18,0,normal,NONE
TX-008994,ACC-00320,ACC-01891,11708.49,2026-09-05 12:48:56,0,normal,NONE
TX-009427,ACC-01095,ACC-01294,5225.77,2026-09-08 17:49:38,0,normal,NONE
TX-007925,ACC-01077,ACC-00448,17802.62,2026-09-03 14:53:34,0,normal,NONE
TX-004533,ACC-01093,ACC-01628,1825.03,2026-09-01 16:05:46,0,normal,NONE
TX-005814,ACC-01224,ACC-01767,15074.61,2026-09-07 20:43:38,0,normal,NONE
TX-001673,ACC-01435,ACC-01172,15579.86,2026-09-09 16:38:06,0,normal,NONE
TX-007249,ACC-01414,ACC-01484,5792.15,2026-09-02 13:24:00,0,normal,NONE
TX-010492,ACC-01608,ACC-00549,10297.59,2026-09-02 16:04:03,0,normal,NONE
TX-004056,ACC-00310,ACC-01368,15357.79,2026-09-07 16:24:06,0,normal,NONE
TX-011073,ACC-01929,ACC-01370,855.74,2026-09-03 13:00:01,0,normal,NONE
TX-001809,ACC-01398,ACC-00847,9116.84,2026-09-05 09:39:41,0,normal,NONE
TX-002276,ACC-01163,ACC-01299,5499.25,2026-09-08 17:09:47,0,normal,NONE
TX-003762,ACC-01157,ACC-01769,1950.69,2026-09-07 23:12:18,0,normal,NONE
TX-005490,ACC-00396,ACC-01088,15369.43,2026-09-07 09:48:43,0,normal,NONE
TX-012556,ACC-00948,ACC-00213,71100.91,2026-09-09 21:56:00,0,normal_high_value,NONE
TX-008725,ACC-00366,ACC-00113,10123.45,2026-09-04 21:24:05,0,normal,NONE
TX-012984,ACC-00680,ACC-01008,88027.73,2026-09-05 17:36:00,0,normal_high_value,NONE
TX-002046,ACC-00486,ACC-00418,5877.69,2026-09-06 21:04:41,0,normal,NONE
TX-008216,ACC-01765,ACC-01300,11092.08,2026-09-01 18:26:25,0,normal,NONE
TX-012428,ACC-00394,ACC-00375,40647.18,2026-09-02 14:26:00,0,normal_high_value,NONE
TX-001296,ACC-00783,ACC-00267,7774.93,2026-09-04 14:52:18,0,normal,NONE
TX-012639,ACC-00343,ACC-01965,35657.97,2026-09-08 20:02:00,0,normal_high_value,NONE
TX-004688,ACC-01503,ACC-01044,10395.85,2026-09-01 17:16:40,0,normal,NONE
TX-003953,ACC-01597,ACC-00959,10785.42,2026-09-01 15:29:07,0,normal,NONE
TX-012055,FRAUD-03-SRC-05,FRAUD-03-COLLECTOR,4768.9,2026-09-02 09:08:00,1,funneling,NET-03
TX-004318,ACC-01554,ACC-00752,9123.99,2026-09-07 22:26:08,0,normal,NONE
TX-008878,ACC-01398,ACC-01428,4876.23,2026-09-07 08:05:51,0,normal,NONE
TX-000445,ACC-00191,ACC-01223,10772.83,2026-09-06 20:00:18,0,normal,NONE
TX-000859,ACC-01536,ACC-00164,3806.08,2026-09-07 11:06:04,0,normal,NONE
TX-004440,ACC-01661,ACC-00922,5194.67,2026-09-03 12:34:25,0,normal,NONE
TX-000842,ACC-00539,ACC-00486,4863.96,2026-09-06 19:11:31,0,normal,NONE
TX-007753,ACC-01127,ACC-01291,14008.14,2026-09-01 15:00:52,0,normal,NONE
TX-006917,ACC-01527,ACC-00144,5617.64,2026-09-09 18:21:47,0,normal,NONE
TX-010221,ACC-00162,ACC-00497,1901.33,2026-09-09 20:02:20,0,normal,NONE
TX-000995,ACC-01075,ACC-00430,12531.01,2026-09-01 11:36:46,0,normal,NONE
TX-008006,ACC-01625,ACC-00789,13949.25,2026-09-03 20:58:32,0,normal,NONE
TX-009812,ACC-00803,ACC-01167,10294.37,2026-09-04 11:36:41,0,normal,NONE
TX-001555,ACC-01340,ACC-00648,235.43,2026-09-04 22:14:04,0,normal,NONE
TX-001974,ACC-00721,ACC-01344,12951.38,2026-09-06 22:45:54,0,normal,NONE
TX-006828,ACC-01798,ACC-00273,1671.75,2026-09-07 14:16:56,0,normal,NONE
TX-012481,ACC-00671,ACC-00284,49792.94,2026-09-01 10:40:00,0,normal_high_value,NONE
TX-011135,ACC-00627,ACC-00493,10439.85,2026-09-09 23:32:33,0,normal,NONE
TX-007563,ACC-01774,ACC-01961,2057.6,2026-09-02 16:10:46,0,normal,NONE
TX-002514,ACC-01958,ACC-01587,15664.59,2026-09-07 09:12:13,0,normal,NONE
TX-002836,ACC-01866,ACC-01872,11173.75,2026-09-02 10:10:09,0,normal,NONE
TX-004701,ACC-00135,ACC-00976,15658.74,2026-09-06 08:21:34,0,normal,NONE
TX-002446,ACC-01496,ACC-00331,13191.36,2026-09-04 13:53:11,0,normal,NONE
TX-002234,ACC-01411,ACC-01594,3359.13,2026-09-09 09:38:25,0,normal,NONE
TX-003051,ACC-00469,ACC-01173,13509.88,2026-09-01 23:50:44,0,normal,NONE
TX-008858,ACC-01753,ACC-01221,1260.8,2026-09-06 22:30:02,0,normal,NONE
TX-000401,ACC-00097,ACC-01992,6212.58,2026-09-07 18:44:26,0,normal,NONE
TX-005825,ACC-01974,ACC-00440,16549.7,2026-09-09 13:49:48,0,normal,NONE
TX-005961,ACC-01133,ACC-00392,7976.19,2026-09-05 22:28:05,0,normal,NONE
TX-010237,ACC-00051,ACC-01169,331.24,2026-09-05 14:22:47,0,normal,NONE
TX-001024,ACC-00718,ACC-01126,5746.36,2026-09-03 17:36:15,0,normal,NONE
TX-003299,ACC-01935,ACC-00880,4595.27,2026-09-06 17:41:29,0,normal,NONE
TX-010336,ACC-01484,ACC-01022,5221.67,2026-09-05 19:44:22,0,normal,NONE
TX-007853,ACC-00630,ACC-00050,6902.9,2026-09-09 13:32:20,0,normal,NONE
TX-012939,ACC-01630,ACC-00879,53239.8,2026-09-05 12:35:00,0,normal_high_value,NONE
TX-005426,ACC-01716,ACC-01712,15689.35,2026-09-09 09:44:09,0,normal,NONE
TX-008133,ACC-01976,ACC-00792,6435.35,2026-09-08 17:24:00,0,normal,NONE
TX-007096,ACC-00126,ACC-01461,17114.48,2026-09-02 20:26:15,0,normal,NONE
TX-006087,ACC-01857,ACC-00614,13000.17,2026-09-06 21:36:10,0,normal,NONE
TX-007266,ACC-00032,ACC-00888,11022.19,2026-09-06 20:39:12,0,normal,NONE
TX-006259,ACC-00106,ACC-01902,4793.61,2026-09-06 18:37:24,0,normal,NONE
TX-004081,ACC-00516,ACC-01804,3261.44,2026-09-01 10:54:10,0,normal,NONE
TX-000804,ACC-00242,ACC-01065,149.35,2026-09-04 18:26:23,0,normal,NONE
TX-001551,ACC-01393,ACC-01371,1155.82,2026-09-02 13:46:10,0,normal,NONE
TX-001010,ACC-01722,ACC-00064,6117.96,2026-09-07 13:36:38,0,normal,NONE
TX-013215,ACC-01280,ACC-00312,35245.64,2026-09-09 23:38:00,0,normal_high_value,NONE
TX-002738,ACC-01930,ACC-00867,16110.7,2026-09-04 08:51:12,0,normal,NONE
TX-000649,ACC-01568,ACC-00493,16196.37,2026-09-07 18:43:08,0,normal,NONE
TX-008362,ACC-00172,ACC-00849,15641.16,2026-09-03 19:03:46,0,normal,NONE
TX-002863,ACC-01493,ACC-01451,2297.37,2026-09-09 15:26:00,0,normal,NONE
TX-005599,ACC-01315,ACC-01283,67.0,2026-09-09 14:24:37,0,normal,NONE
TX-007631,ACC-01754,ACC-00349,16316.15,2026-09-09 23:50:15,0,normal,NONE
TX-000551,ACC-00771,ACC-01739,13290.73,2026-09-05 11:13:33,0,normal,NONE
TX-009943,ACC-01905,ACC-00188,10641.59,2026-09-07 15:15:17,0,normal,NONE
TX-007493,ACC-01876,ACC-01477,7743.21,2026-09-05 21:56:39,0,normal,NONE
TX-000212,ACC-00222,ACC-01005,12828.98,2026-09-08 10:57:05,0,normal,NONE
TX-011072,ACC-00163,ACC-01880,8073.24,2026-09-08 23:25:24,0,normal,NONE
TX-012899,ACC-00013,ACC-01210,70101.37,2026-09-08 08:43:00,0,normal_high_value,NONE
TX-012126,FRAUD-06-SRC-01,FRAUD-06-COLLECTOR,12807.01,2026-09-03 13:00:00,1,funneling,NET-06
TX-011975,ACC-01369,ACC-01154,17519.1,2026-09-08 12:23:40,0,normal,NONE
TX-003544,ACC-00646,ACC-00470,15424.76,2026-09-05 11:41:35,0,normal,NONE
TX-005876,ACC-01823,ACC-01069,14231.32,2026-09-05 10:59:46,0,normal,NONE
TX-001439,ACC-01834,ACC-01427,12665.33,2026-09-07 10:50:56,0,normal,NONE
TX-002516,ACC-00049,ACC-01422,3732.03,2026-09-03 16:47:43,0,normal,NONE
TX-002869,ACC-01416,ACC-00263,10387.56,2026-09-02 15:08:45,0,normal,NONE
TX-002435,ACC-00215,ACC-01654,14876.76,2026-09-04 19:45:44,0,normal,NONE
TX-004793,ACC-01853,ACC-00789,11728.72,2026-09-07 12:16:44,0,normal,NONE
TX-009626,ACC-01006,ACC-01656,14906.37,2026-09-04 23:34:31,0,normal,NONE
TX-008171,ACC-01238,ACC-01381,7774.46,2026-09-07 23:50:10,0,normal,NONE
TX-008010,ACC-00395,ACC-01501,1764.52,2026-09-05 16:41:38,0,normal,NONE
TX-001315,ACC-01776,ACC-00304,2243.3,2026-09-02 14:55:18,0,normal,NONE
TX-011651,ACC-00717,ACC-00792,6628.02,2026-09-03 18:20:16,0,normal,NONE
TX-011472,ACC-00708,ACC-00195,11274.54,2026-09-02 22:54:43,0,normal,NONE
TX-003980,ACC-00157,ACC-01856,8093.74,2026-09-08 18:51:06,0,normal,NONE
TX-000013,ACC-00502,ACC-00335,8331.44,2026-09-05 15:43:20,0,normal,NONE
TX-005101,ACC-00425,ACC-00675,2200.13,2026-09-05 18:46:15,0,normal,NONE
TX-000819,ACC-00819,ACC-00724,12060.52,2026-09-07 14:33:00,0,normal,NONE
TX-002785,ACC-00063,ACC-00684,16877.94,2026-09-02 17:15:31,0,normal,NONE
TX-011464,ACC-01973,ACC-01274,9309.61,2026-09-09 16:30:42,0,normal,NONE
TX-000454,ACC-00597,ACC-01506,12515.34,2026-09-08 15:20:24,0,normal,NONE
TX-008666,ACC-01923,ACC-01771,16834.39,2026-09-01 13:21:52,0,normal,NONE
TX-012840,ACC-00752,ACC-01282,65196.08,2026-09-01 22:31:00,0,normal_high_value,NONE
TX-001657,ACC-00612,ACC-00745,17393.65,2026-09-03 21:42:00,0,normal,NONE
TX-003458,ACC-01464,ACC-01426,2703.83,2026-09-03 12:45:28,0,normal,NONE
TX-008935,ACC-00141,ACC-00893,9790.34,2026-09-07 12:21:28,0,normal,NONE
TX-011574,ACC-01136,ACC-00199,10716.54,2026-09-08 16:32:35,0,normal,NONE
TX-010410,ACC-00341,ACC-01790,11818.16,2026-09-05 18:43:15,0,normal,NONE
TX-012542,ACC-00280,ACC-00391,86162.32,2026-09-08 15:02:00,0,normal_high_value,NONE
TX-002909,ACC-00276,ACC-00065,2139.41,2026-09-04 19:40:48,0,normal,NONE
TX-007941,ACC-01585,ACC-01963,3585.35,2026-09-02 21:25:23,0,normal,NONE
TX-000941,ACC-01421,ACC-01648,2020.78,2026-09-08 23:01:21,0,normal,NONE
TX-005265,ACC-00457,ACC-01018,8442.48,2026-09-03 22:04:42,0,normal,NONE
TX-008597,ACC-00005,ACC-00372,11698.96,2026-09-07 14:15:46,0,normal,NONE
TX-012705,ACC-01744,ACC-01528,61965.58,2026-09-09 17:36:00,0,normal_high_value,NONE
TX-006408,ACC-01422,ACC-01310,10389.32,2026-09-06 14:50:09,0,normal,NONE
TX-008263,ACC-00573,ACC-00790,8852.01,2026-09-02 16:45:04,0,normal,NONE
TX-009291,ACC-00513,ACC-00488,17662.0,2026-09-08 17:09:04,0,normal,NONE
TX-004635,ACC-01985,ACC-00862,12812.74,2026-09-06 09:22:11,0,normal,NONE
TX-013006,ACC-00171,ACC-01489,32790.23,2026-09-02 12:21:00,0,normal_high_value,NONE
TX-005322,ACC-00832,ACC-01542,12803.85,2026-09-05 15:57:33,0,normal,NONE
TX-001401,ACC-00933,ACC-00970,606.28,2026-09-03 19:58:07,0,normal,NONE
TX-000031,ACC-01331,ACC-00765,7897.04,2026-09-09 22:07:15,0,normal,NONE
TX-003678,ACC-01918,ACC-00403,13468.96,2026-09-09 18:12:34,0,normal,NONE
TX-007525,ACC-00699,ACC-01732,14232.7,2026-09-07 13:25:50,0,normal,NONE
TX-006792,ACC-01250,ACC-01008,910.21,2026-09-01 15:01:41,0,normal,NONE
TX-011856,ACC-01759,ACC-01553,14812.44,2026-09-09 12:35:36,0,normal,NONE
TX-006651,ACC-00885,ACC-01608,12346.57,2026-09-01 09:24:51,0,normal,NONE
TX-008332,ACC-01695,ACC-01330,2952.71,2026-09-08 16:57:03,0,normal,NONE
TX-001109,ACC-00200,ACC-00935,11009.84,2026-09-02 11:07:31,0,normal,NONE
TX-011925,ACC-01162,ACC-00998,13252.94,2026-09-09 13:52:01,0,normal,NONE
TX-011993,ACC-00500,ACC-00457,4885.71,2026-09-06 15:12:34,0,normal,NONE
TX-003230,ACC-01369,ACC-00173,16815.99,2026-09-09 23:43:52,0,normal,NONE
TX-008077,ACC-00970,ACC-00113,9576.44,2026-09-05 13:27:32,0,normal,NONE
TX-008350,ACC-01108,ACC-01336,584.65,2026-09-02 13:55:33,0,normal,NONE
TX-006399,ACC-00583,ACC-00015,13524.41,2026-09-04 19:44:45,0,normal,NONE
TX-003320,ACC-01440,ACC-00273,15078.44,2026-09-02 16:53:28,0,normal,NONE
TX-012865,ACC-01226,ACC-01990,62259.13,2026-09-03 13:46:00,0,normal_high_value,NONE
TX-008110,ACC-01493,ACC-00886,10274.02,2026-09-04 16:21:04,0,normal,NONE
TX-012917,ACC-01456,ACC-00071,69593.15,2026-09-07 08:54:00,0,normal_high_value,NONE
TX-002554,ACC-01713,ACC-01214,5355.02,2026-09-07 17:13:27,0,normal,NONE
TX-011777,ACC-00235,ACC-01423,17866.79,2026-09-02 17:36:17,0,normal,NONE
TX-004966,ACC-01380,ACC-00364,9232.72,2026-09-04 16:26:12,0,normal,NONE
TX-007811,ACC-01909,ACC-00463,10735.51,2026-09-08 20:26:47,0,normal,NONE
TX-007388,ACC-00498,ACC-01730,10169.48,2026-09-03 18:30:16,0,normal,NONE
TX-009902,ACC-00524,ACC-01406,4698.73,2026-09-09 20:21:29,0,normal,NONE
TX-001564,ACC-01022,ACC-00608,3652.17,2026-09-07 14:41:02,0,normal,NONE
TX-005000,ACC-00402,ACC-00662,9228.44,2026-09-04 08:46:53,0,normal,NONE
TX-006358,ACC-01911,ACC-00017,14282.02,2026-09-05 22:23:53,0,normal,NONE
TX-003072,ACC-00308,ACC-01756,11233.07,2026-09-07 23:45:54,0,normal,NONE
TX-010306,ACC-01891,ACC-01818,10716.67,2026-09-06 23:05:50,0,normal,NONE
TX-011098,ACC-00397,ACC-00338,11760.0,2026-09-07 17:40:19,0,normal,NONE
TX-004475,ACC-00200,ACC-00093,11080.21,2026-09-07 18:27:19,0,normal,NONE
TX-007090,ACC-01793,ACC-01361,3858.16,2026-09-04 10:25:12,0,normal,NONE
TX-012717,ACC-00019,ACC-01636,89268.23,2026-09-07 10:27:00,0,normal_high_value,NONE
TX-009878,ACC-00837,ACC-01453,3516.8,2026-09-02 15:13:14,0,normal,NONE
TX-004857,ACC-01267,ACC-00319,2838.02,2026-09-09 15:25:36,0,normal,NONE
TX-007637,ACC-01057,ACC-00014,11118.53,2026-09-04 22:04:23,0,normal,NONE
TX-012510,ACC-00974,ACC-00174,52962.83,2026-09-01 22:53:00,0,normal_high_value,NONE
TX-008230,ACC-00926,ACC-01849,16871.64,2026-09-04 10:41:06,0,normal,NONE
TX-010080,ACC-01787,ACC-00951,9180.4,2026-09-05 15:10:27,0,normal,NONE
TX-012237,FRAUD-10-SRC-12,FRAUD-10-COLLECTOR,10895.72,2026-09-03 12:22:00,1,funneling,NET-10
TX-006378,ACC-01800,ACC-01408,2921.46,2026-09-03 17:53:21,0,normal,NONE
TX-004602,ACC-01131,ACC-00120,2537.44,2026-09-04 08:32:17,0,normal,NONE
TX-011504,ACC-01548,ACC-01198,6410.12,2026-09-09 10:10:12,0,normal,NONE
TX-005380,ACC-01137,ACC-01072,2067.59,2026-09-09 23:45:34,0,normal,NONE
TX-012217,FRAUD-09-RELAY,FRAUD-09-NEXTHOP,107091.03,2026-09-04 18:42:00,1,next_hop,NET-09
TX-002214,ACC-00710,ACC-01406,13193.42,2026-09-07 08:10:20,0,normal,NONE
TX-004930,ACC-01592,ACC-01969,16057.73,2026-09-02 22:51:17,0,normal,NONE
TX-010116,ACC-01258,ACC-01477,1811.21,2026-09-02 23:12:36,0,normal,NONE
TX-010300,ACC-01881,ACC-00225,1868.35,2026-09-08 11:23:37,0,normal,NONE
TX-010564,ACC-00555,ACC-01129,16189.22,2026-09-09 11:49:39,0,normal,NONE
TX-005240,ACC-00695,ACC-01655,13655.44,2026-09-08 11:31:59,0,normal,NONE
TX-002112,ACC-00042,ACC-01547,16927.59,2026-09-02 20:50:31,0,normal,NONE
TX-012459,ACC-01394,ACC-01474,28223.93,2026-09-05 18:47:00,0,normal_high_value,NONE
TX-012014,FRAUD-01-SRC-14,FRAUD-01-COLLECTOR,3795.94,2026-09-05 13:26:00,1,funneling,NET-01
TX-007656,ACC-00117,ACC-00472,8788.24,2026-09-02 22:00:49,0,normal,NONE
TX-005618,ACC-00105,ACC-00259,17452.06,2026-09-04 18:27:00,0,normal,NONE
TX-004447,ACC-00066,ACC-00276,14285.94,2026-09-03 12:43:44,0,normal,NONE
TX-011973,ACC-00061,ACC-01290,480.86,2026-09-09 14:40:11,0,normal,NONE
TX-009941,ACC-01557,ACC-00606,5578.23,2026-09-08 17:09:50,0,normal,NONE
TX-010989,ACC-01541,ACC-00260,8676.56,2026-09-05 16:15:56,0,normal,NONE
TX-008580,ACC-00138,ACC-01854,12502.63,2026-09-01 08:55:20,0,normal,NONE
TX-013198,ACC-00045,ACC-01759,31905.63,2026-09-02 19:13:00,0,normal_high_value,NONE
TX-009025,ACC-00812,ACC-01483,13389.46,2026-09-06 17:08:29,0,normal,NONE
TX-008861,ACC-00138,ACC-01842,4798.24,2026-09-04 18:19:23,0,normal,NONE
TX-000356,ACC-00300,ACC-00595,776.36,2026-09-02 19:59:28,0,normal,NONE
TX-001430,ACC-00926,ACC-00086,38.0,2026-09-08 17:41:10,0,normal,NONE
TX-006959,ACC-01702,ACC-00376,3264.15,2026-09-06 10:27:16,0,normal,NONE
TX-009360,ACC-01533,ACC-00757,16065.59,2026-09-09 15:27:16,0,normal,NONE
TX-009571,ACC-00579,ACC-01230,6736.65,2026-09-07 09:15:45,0,normal,NONE
TX-011057,ACC-01149,ACC-00054,2622.65,2026-09-03 17:18:53,0,normal,NONE
TX-000333,ACC-01736,ACC-00221,7768.08,2026-09-05 19:48:25,0,normal,NONE
TX-007700,ACC-00011,ACC-01177,11896.68,2026-09-07 18:54:48,0,normal,NONE
TX-011834,ACC-00424,ACC-00036,831.17,2026-09-07 09:50:15,0,normal,NONE
TX-004225,ACC-00490,ACC-01969,11840.23,2026-09-09 19:05:17,0,normal,NONE
TX-000965,ACC-01007,ACC-00971,2492.48,2026-09-04 15:02:26,0,normal,NONE
TX-000121,ACC-01437,ACC-01803,4987.31,2026-09-01 14:05:15,0,normal,NONE
TX-004931,ACC-00143,ACC-01708,10811.58,2026-09-03 18:35:56,0,normal,NONE
TX-005332,ACC-00496,ACC-00223,16997.12,2026-09-02 22:11:52,0,normal,NONE
TX-006093,ACC-01981,ACC-00536,3280.05,2026-09-01 20:47:15,0,normal,NONE
TX-004711,ACC-01307,ACC-00760,14601.89,2026-09-01 13:20:08,0,normal,NONE
TX-003282,ACC-00110,ACC-00019,12512.37,2026-09-07 13:54:11,0,normal,NONE
TX-002371,ACC-01711,ACC-01628,4296.17,2026-09-07 18:00:36,0,normal,NONE
TX-002545,ACC-01283,ACC-01978,15686.86,2026-09-08 18:50:42,0,normal,NONE
TX-009631,ACC-00950,ACC-00316,17956.74,2026-09-03 21:42:40,0,normal,NONE
TX-008197,ACC-01814,ACC-01931,5516.54,2026-09-03 19:29:56,0,normal,NONE
TX-002886,ACC-01058,ACC-01638,5597.7,2026-09-07 08:04:36,0,normal,NONE
TX-008873,ACC-01907,ACC-00038,3895.24,2026-09-03 14:37:48,0,normal,NONE
TX-002179,ACC-01316,ACC-01931,16228.6,2026-09-04 12:19:03,0,normal,NONE
TX-011169,ACC-01985,ACC-01413,14095.65,2026-09-05 13:21:49,0,normal,NONE
TX-004899,ACC-00056,ACC-01724,4519.53,2026-09-06 20:34:36,0,normal,NONE
TX-009667,ACC-00824,ACC-01156,10802.55,2026-09-04 09:15:35,0,normal,NONE
TX-012056,FRAUD-03-SRC-06,FRAUD-03-COLLECTOR,4125.2,2026-09-02 09:10:00,1,funneling,NET-03
TX-010521,ACC-00420,ACC-01628,17125.25,2026-09-09 14:49:57,0,normal,NONE
TX-005956,ACC-00717,ACC-01539,8845.35,2026-09-04 16:26:27,0,normal,NONE
TX-003124,ACC-00363,ACC-01612,3268.36,2026-09-06 23:29:20,0,normal,NONE
TX-010920,ACC-01302,ACC-00367,3824.55,2026-09-07 19:06:07,0,normal,NONE
TX-001545,ACC-00023,ACC-01388,4933.08,2026-09-08 19:11:13,0,normal,NONE
TX-006827,ACC-00399,ACC-00504,4877.65,2026-09-01 11:16:44,0,normal,NONE
TX-012603,ACC-00572,ACC-00607,54324.62,2026-09-03 17:21:00,0,normal_high_value,NONE
TX-012897,ACC-01490,ACC-00533,63671.13,2026-09-02 13:59:00,0,normal_high_value,NONE
TX-005401,ACC-00580,ACC-01122,8659.15,2026-09-03 08:54:06,0,normal,NONE
TX-008497,ACC-00600,ACC-01380,13970.24,2026-09-04 10:40:10,0,normal,NONE
TX-008939,ACC-00689,ACC-00187,9941.54,2026-09-06 19:10:39,0,normal,NONE
TX-007600,ACC-00170,ACC-01868,13462.46,2026-09-09 18:39:25,0,normal,NONE
TX-000946,ACC-00137,ACC-00796,11893.5,2026-09-06 11:01:18,0,normal,NONE
TX-004551,ACC-01740,ACC-01045,6645.67,2026-09-07 17:55:27,0,normal,NONE
TX-011820,ACC-00762,ACC-01315,16563.57,2026-09-02 18:15:47,0,normal,NONE
TX-006625,ACC-00897,ACC-00169,11892.51,2026-09-07 15:32:58,0,normal,NONE
TX-007389,ACC-00978,ACC-00977,8711.04,2026-09-04 22:40:10,0,normal,NONE
TX-012615,ACC-00289,ACC-00503,63307.09,2026-09-08 22:25:00,0,normal_high_value,NONE
TX-001676,ACC-00262,ACC-00531,190.76,2026-09-09 12:42:08,0,normal,NONE
TX-010768,ACC-01663,ACC-00074,14528.26,2026-09-04 17:32:39,0,normal,NONE
TX-001562,ACC-01444,ACC-00028,4202.25,2026-09-02 17:15:47,0,normal,NONE
TX-010256,ACC-01855,ACC-00765,4465.32,2026-09-07 13:45:48,0,normal,NONE
TX-008658,ACC-01187,ACC-01309,13407.57,2026-09-06 23:23:36,0,normal,NONE
TX-006146,ACC-01616,ACC-01954,16216.48,2026-09-07 09:15:13,0,normal,NONE
TX-004542,ACC-00123,ACC-00430,5760.14,2026-09-02 21:03:44,0,normal,NONE
TX-009358,ACC-01310,ACC-00953,11006.96,2026-09-01 21:53:35,0,normal,NONE
TX-001096,ACC-01955,ACC-01412,14727.22,2026-09-08 11:36:34,0,normal,NONE
TX-013063,ACC-00858,ACC-00551,75359.96,2026-09-07 19:03:00,0,normal_high_value,NONE
TX-005991,ACC-00451,ACC-00426,14633.79,2026-09-02 14:17:36,0,normal,NONE
TX-003288,ACC-01558,ACC-01853,17630.13,2026-09-01 11:30:37,0,normal,NONE
TX-011789,ACC-01377,ACC-01837,6961.64,2026-09-03 23:14:16,0,normal,NONE
TX-000678,ACC-01291,ACC-00020,5434.07,2026-09-02 16:39:38,0,normal,NONE
TX-002606,ACC-00662,ACC-00794,13612.22,2026-09-07 08:32:48,0,normal,NONE
TX-001393,ACC-00583,ACC-01366,14130.51,2026-09-03 20:33:47,0,normal,NONE
TX-008646,ACC-01611,ACC-00170,3559.34,2026-09-06 13:46:10,0,normal,NONE
TX-011457,ACC-01940,ACC-00914,13338.43,2026-09-09 11:54:36,0,normal,NONE
TX-000753,ACC-00887,ACC-00648,323.7,2026-09-02 08:41:46,0,normal,NONE
TX-001712,ACC-01211,ACC-01289,11427.9,2026-09-04 11:08:25,0,normal,NONE
TX-003738,ACC-00198,ACC-01737,14837.13,2026-09-04 15:20:00,0,normal,NONE
TX-012961,ACC-00077,ACC-01896,52039.96,2026-09-07 12:49:00,0,normal_high_value,NONE
TX-012272,ACC-01212,ACC-01530,62031.31,2026-09-03 20:04:00,0,normal_high_value,NONE
TX-003216,ACC-01868,ACC-00234,17922.16,2026-09-08 08:04:45,0,normal,NONE
TX-007568,ACC-00636,ACC-01853,16991.88,2026-09-01 19:30:47,0,normal,NONE
TX-006462,ACC-01061,ACC-00537,17505.82,2026-09-02 21:40:35,0,normal,NONE
TX-001778,ACC-01358,ACC-01192,1346.39,2026-09-03 08:09:23,0,normal,NONE
TX-004114,ACC-00801,ACC-01488,5027.92,2026-09-06 08:53:51,0,normal,NONE
TX-001771,ACC-01465,ACC-00864,9494.49,2026-09-04 10:15:23,0,normal,NONE
TX-011291,ACC-01649,ACC-01029,12721.09,2026-09-09 22:09:24,0,normal,NONE
TX-005478,ACC-00249,ACC-00796,2469.73,2026-09-01 20:44:51,0,normal,NONE
TX-003023,ACC-00769,ACC-01081,1026.63,2026-09-05 10:18:40,0,normal,NONE
TX-004229,ACC-00926,ACC-00534,4897.05,2026-09-07 19:15:38,0,normal,NONE
TX-003013,ACC-00192,ACC-01605,9920.04,2026-09-07 19:26:40,0,normal,NONE
TX-012096,FRAUD-04-NEXTHOP,FRAUD-04-OUT-04,13039.37,2026-09-04 12:51:00,1,fan_out,NET-04
TX-006725,ACC-00668,ACC-00190,13187.7,2026-09-06 19:30:58,0,normal,NONE
TX-004620,ACC-01679,ACC-00727,13532.41,2026-09-04 11:53:14,0,normal,NONE
TX-009734,ACC-00255,ACC-00177,9118.58,2026-09-06 16:21:20,0,normal,NONE
TX-011266,ACC-01640,ACC-00688,11141.69,2026-09-03 12:55:08,0,normal,NONE
TX-005372,ACC-01925,ACC-00150,5641.64,2026-09-05 12:03:20,0,normal,NONE
TX-008778,ACC-01966,ACC-00327,2022.28,2026-09-07 23:25:47,0,normal,NONE
TX-000528,ACC-00169,ACC-01312,9667.44,2026-09-03 16:05:19,0,normal,NONE
TX-007251,ACC-01728,ACC-00532,13416.67,2026-09-06 21:43:22,0,normal,NONE
TX-012157,FRAUD-07-SRC-07,FRAUD-07-COLLECTOR,6610.52,2026-09-07 16:12:00,1,funneling,NET-07
TX-004265,ACC-00410,ACC-01572,16970.78,2026-09-06 22:44:38,0,normal,NONE
TX-004263,ACC-01214,ACC-00243,17792.09,2026-09-01 15:40:01,0,normal,NONE
TX-011800,ACC-00590,ACC-01728,1732.01,2026-09-01 09:03:14,0,normal,NONE
TX-001920,ACC-01843,ACC-00933,2570.17,2026-09-01 23:27:21,0,normal,NONE
TX-000702,ACC-01128,ACC-01318,6827.9,2026-09-04 10:29:28,0,normal,NONE
TX-006283,ACC-01520,ACC-01474,6605.72,2026-09-04 09:27:04,0,normal,NONE
TX-008311,ACC-01933,ACC-01925,1281.39,2026-09-03 10:50:12,0,normal,NONE
TX-007845,ACC-01158,ACC-01766,15287.18,2026-09-04 23:23:39,0,normal,NONE
TX-006394,ACC-01427,ACC-01555,15829.25,2026-09-09 11:28:41,0,normal,NONE
TX-007624,ACC-00374,ACC-01001,3811.18,2026-09-06 22:09:14,0,normal,NONE
TX-010486,ACC-00485,ACC-00814,1243.8,2026-09-02 11:25:51,0,normal,NONE
TX-004869,ACC-00869,ACC-01110,9099.7,2026-09-01 10:56:15,0,normal,NONE
TX-001299,ACC-00758,ACC-01194,12323.12,2026-09-08 10:00:30,0,normal,NONE
TX-007809,ACC-00161,ACC-00900,11767.79,2026-09-01 21:34:04,0,normal,NONE
TX-001353,ACC-00819,ACC-00996,9250.14,2026-09-08 15:45:03,0,normal,NONE
TX-002927,ACC-00660,ACC-00944,2980.13,2026-09-05 18:01:02,0,normal,NONE
TX-012253,ACC-00020,ACC-00697,33528.99,2026-09-04 09:34:00,0,normal_high_value,NONE
TX-010296,ACC-00028,ACC-01037,9191.48,2026-09-09 19:52:36,0,normal,NONE
TX-001288,ACC-00925,ACC-00980,15725.64,2026-09-03 16:11:43,0,normal,NONE
TX-012869,ACC-01209,ACC-00189,31625.82,2026-09-05 18:53:00,0,normal_high_value,NONE
TX-009051,ACC-00414,ACC-01418,7376.8,2026-09-01 16:30:55,0,normal,NONE
TX-010846,ACC-01323,ACC-01779,10491.43,2026-09-03 16:25:02,0,normal,NONE
TX-007466,ACC-01578,ACC-01776,2929.17,2026-09-06 23:50:47,0,normal,NONE
TX-012936,ACC-00150,ACC-01368,70855.65,2026-09-03 10:51:00,0,normal_high_value,NONE
TX-003698,ACC-01093,ACC-01318,4460.16,2026-09-05 19:42:31,0,normal,NONE
TX-002014,ACC-01824,ACC-00501,17965.64,2026-09-03 20:30:42,0,normal,NONE
TX-010932,ACC-00407,ACC-00678,14488.02,2026-09-01 21:11:29,0,normal,NONE
TX-004374,ACC-00137,ACC-01052,16190.39,2026-09-05 13:12:00,0,normal,NONE
TX-007768,ACC-00276,ACC-01219,13965.14,2026-09-05 15:50:44,0,normal,NONE
TX-005621,ACC-01181,ACC-01482,10818.9,2026-09-05 21:02:01,0,normal,NONE
TX-012085,FRAUD-04-SRC-10,FRAUD-04-COLLECTOR,11324.33,2026-09-04 12:18:00,1,funneling,NET-04
TX-002148,ACC-00210,ACC-00260,14347.98,2026-09-07 18:36:49,0,normal,NONE
TX-008222,ACC-00328,ACC-01395,4839.11,2026-09-04 21:47:15,0,normal,NONE
TX-007285,ACC-01530,ACC-01910,5099.37,2026-09-03 18:13:37,0,normal,NONE
TX-006891,ACC-00459,ACC-01362,9315.79,2026-09-05 09:28:00,0,normal,NONE
TX-010408,ACC-01627,ACC-00817,5673.93,2026-09-04 19:38:10,0,normal,NONE
TX-011602,ACC-00262,ACC-00645,12520.11,2026-09-02 21:46:56,0,normal,NONE
TX-005492,ACC-00403,ACC-01381,16780.38,2026-09-02 09:16:42,0,normal,NONE
TX-008532,ACC-00540,ACC-01889,9754.55,2026-09-02 11:30:40,0,normal,NONE
TX-008850,ACC-01693,ACC-01159,6011.79,2026-09-08 10:50:38,0,normal,NONE
TX-009119,ACC-01788,ACC-00955,2280.09,2026-09-07 23:21:18,0,normal,NONE
TX-009694,ACC-00056,ACC-00283,8211.13,2026-09-05 23:04:58,0,normal,NONE
TX-000811,ACC-01641,ACC-01128,11060.18,2026-09-01 13:24:40,0,normal,NONE
TX-012071,FRAUD-03-NEXTHOP,FRAUD-03-OUT-04,13398.4,2026-09-02 09:51:00,1,fan_out,NET-03
TX-002074,ACC-00787,ACC-00653,13636.26,2026-09-03 09:52:47,0,normal,NONE
TX-010994,ACC-01529,ACC-01397,14171.53,2026-09-05 15:42:33,0,normal,NONE
TX-011708,ACC-01295,ACC-00878,13439.79,2026-09-03 14:03:00,0,normal,NONE
TX-009719,ACC-01992,ACC-00552,9196.49,2026-09-05 11:33:41,0,normal,NONE
TX-000886,ACC-01396,ACC-01969,5631.73,2026-09-06 13:40:46,0,normal,NONE
TX-001478,ACC-00008,ACC-01309,4029.99,2026-09-04 22:39:13,0,normal,NONE
TX-001791,ACC-00634,ACC-00385,9939.41,2026-09-01 15:17:05,0,normal,NONE
TX-012304,ACC-01993,ACC-01866,26978.91,2026-09-02 21:33:00,0,normal_high_value,NONE
TX-002009,ACC-00242,ACC-01838,11089.44,2026-09-06 19:12:21,0,normal,NONE
TX-006903,ACC-01650,ACC-00788,887.89,2026-09-04 14:53:47,0,normal,NONE
TX-000683,ACC-00027,ACC-01376,1620.27,2026-09-02 23:09:05,0,normal,NONE
TX-003896,ACC-01477,ACC-00033,14585.84,2026-09-09 10:44:32,0,normal,NONE
TX-012893,ACC-00902,ACC-00216,87929.83,2026-09-06 09:06:00,0,normal_high_value,NONE
TX-007370,ACC-01008,ACC-01647,17392.26,2026-09-05 23:27:05,0,normal,NONE
TX-005229,ACC-01306,ACC-01846,7175.56,2026-09-03 18:10:25,0,normal,NONE
TX-000058,ACC-01860,ACC-01733,933.36,2026-09-07 16:02:00,0,normal,NONE
TX-011521,ACC-00258,ACC-01244,17330.99,2026-09-05 18:12:06,0,normal,NONE
TX-009559,ACC-01041,ACC-01021,12896.29,2026-09-08 17:22:54,0,normal,NONE
TX-002400,ACC-01362,ACC-01013,15064.03,2026-09-07 21:03:40,0,normal,NONE
TX-013046,ACC-01043,ACC-00959,76873.48,2026-09-04 15:00:00,0,normal_high_value,NONE
TX-012755,ACC-01867,ACC-00183,78810.15,2026-09-04 13:15:00,0,normal_high_value,NONE
TX-004127,ACC-01213,ACC-01043,4436.74,2026-09-01 20:30:41,0,normal,NONE
TX-010882,ACC-00619,ACC-01317,9677.24,2026-09-04 23:46:02,0,normal,NONE
TX-013021,ACC-00601,ACC-01503,71762.42,2026-09-05 11:55:00,0,normal_high_value,NONE
TX-001469,ACC-00525,ACC-00728,7589.71,2026-09-08 13:15:08,0,normal,NONE
TX-001417,ACC-01243,ACC-00657,7244.33,2026-09-01 23:55:59,0,normal,NONE
TX-000471,ACC-00678,ACC-01147,7686.12,2026-09-08 15:51:25,0,normal,NONE
TX-002359,ACC-01480,ACC-01076,3071.93,2026-09-02 08:22:57,0,normal,NONE
TX-002723,ACC-01074,ACC-00702,5811.0,2026-09-08 20:53:28,0,normal,NONE
TX-012770,ACC-01818,ACC-00664,78193.97,2026-09-04 14:27:00,0,normal_high_value,NONE
TX-011299,ACC-00381,ACC-00563,1952.35,2026-09-09 20:59:21,0,normal,NONE
TX-011234,ACC-01688,ACC-01204,16160.18,2026-09-07 17:25:53,0,normal,NONE
TX-007411,ACC-00303,ACC-00919,9311.95,2026-09-06 17:24:15,0,normal,NONE
TX-004526,ACC-00372,ACC-01315,7456.73,2026-09-07 17:36:29,0,normal,NONE
TX-004611,ACC-00756,ACC-00927,1124.59,2026-09-04 15:42:09,0,normal,NONE
TX-005350,ACC-00961,ACC-01143,12496.56,2026-09-06 22:12:15,0,normal,NONE
TX-010680,ACC-01500,ACC-01248,13741.57,2026-09-03 19:03:48,0,normal,NONE
TX-010240,ACC-01597,ACC-01852,3696.09,2026-09-08 10:03:02,0,normal,NONE
TX-003870,ACC-01270,ACC-01734,10219.22,2026-09-02 21:19:02,0,normal,NONE
TX-012710,ACC-01223,ACC-01490,80068.47,2026-09-05 12:08:00,0,normal_high_value,NONE
TX-011408,ACC-01762,ACC-00658,6340.4,2026-09-05 21:47:10,0,normal,NONE
TX-005741,ACC-01462,ACC-01572,677.18,2026-09-05 18:13:21,0,normal,NONE
TX-011988,ACC-01108,ACC-00537,9340.13,2026-09-01 21:00:18,0,normal,NONE
TX-009333,ACC-00750,ACC-01030,1360.08,2026-09-07 15:55:03,0,normal,NONE
TX-013051,ACC-01344,ACC-00320,82782.52,2026-09-07 23:10:00,0,normal_high_value,NONE
TX-004675,ACC-00232,ACC-00138,17792.14,2026-09-03 08:52:53,0,normal,NONE
TX-001056,ACC-00381,ACC-00870,10890.23,2026-09-08 15:45:32,0,normal,NONE
TX-002282,ACC-01838,ACC-00778,275.9,2026-09-02 18:14:19,0,normal,NONE
TX-010918,ACC-01119,ACC-01287,1604.25,2026-09-02 17:04:03,0,normal,NONE
TX-012818,ACC-01752,ACC-01573,68741.86,2026-09-02 15:44:00,0,normal_high_value,NONE
TX-001925,ACC-01647,ACC-01508,6055.48,2026-09-08 19:34:16,0,normal,NONE
TX-004908,ACC-01063,ACC-00395,387.19,2026-09-09 11:28:44,0,normal,NONE
TX-009962,ACC-01647,ACC-00326,14974.0,2026-09-06 20:22:24,0,normal,NONE
TX-011967,ACC-01101,ACC-01780,1578.71,2026-09-07 15:01:42,0,normal,NONE
TX-001076,ACC-01899,ACC-01633,8089.79,2026-09-06 09:06:58,0,normal,NONE
TX-001116,ACC-00998,ACC-00166,134.17,2026-09-03 10:45:41,0,normal,NONE
TX-003937,ACC-01586,ACC-00038,6264.75,2026-09-02 11:02:11,0,normal,NONE
TX-003534,ACC-01365,ACC-01626,15155.82,2026-09-07 16:34:55,0,normal,NONE
TX-012301,ACC-00059,ACC-00425,70719.07,2026-09-05 12:02:00,0,normal_high_value,NONE
TX-000461,ACC-01620,ACC-01984,6484.34,2026-09-09 10:06:49,0,normal,NONE
TX-003033,ACC-01074,ACC-01382,9612.98,2026-09-02 14:12:12,0,normal,NONE
TX-004208,ACC-00758,ACC-00824,9620.39,2026-09-01 10:30:42,0,normal,NONE
TX-011798,ACC-00529,ACC-00051,15419.57,2026-09-05 17:57:06,0,normal,NONE
TX-008328,ACC-00491,ACC-00663,10521.86,2026-09-05 09:43:18,0,normal,NONE
TX-001453,ACC-00956,ACC-01015,6519.26,2026-09-01 15:03:17,0,normal,NONE
TX-002150,ACC-01605,ACC-00475,17803.79,2026-09-02 12:09:10,0,normal,NONE
TX-000320,ACC-00316,ACC-00351,11864.02,2026-09-06 09:52:55,0,normal,NONE
TX-008719,ACC-00351,ACC-01159,11536.96,2026-09-03 22:09:52,0,normal,NONE
TX-005909,ACC-01143,ACC-00410,8689.73,2026-09-01 09:46:51,0,normal,NONE
TX-001923,ACC-00507,ACC-00968,1986.76,2026-09-01 17:53:14,0,normal,NONE
TX-012451,ACC-00584,ACC-00053,42931.65,2026-09-06 11:21:00,0,normal_high_value,NONE
TX-011763,ACC-00963,ACC-00275,1627.19,2026-09-02 18:04:56,0,normal,NONE
TX-006506,ACC-01968,ACC-00467,9251.41,2026-09-02 22:28:39,0,normal,NONE
TX-010692,ACC-00062,ACC-01720,13572.13,2026-09-04 22:22:06,0,normal,NONE
TX-005862,ACC-00480,ACC-00642,12141.36,2026-09-07 14:35:14,0,normal,NONE
TX-012500,ACC-01540,ACC-00839,24494.95,2026-09-06 15:50:00,0,normal_high_value,NONE
TX-002130,ACC-01158,ACC-01227,7329.49,2026-09-01 16:44:13,0,normal,NONE
TX-005550,ACC-00606,ACC-00197,2159.89,2026-09-01 18:52:01,0,normal,NONE
TX-011754,ACC-01757,ACC-01702,9049.89,2026-09-05 09:47:51,0,normal,NONE
TX-009657,ACC-01754,ACC-01735,8583.05,2026-09-07 23:48:57,0,normal,NONE
TX-010881,ACC-01536,ACC-01991,17414.95,2026-09-09 13:57:01,0,normal,NONE
TX-002510,ACC-00668,ACC-01363,7191.92,2026-09-09 14:15:13,0,normal,NONE
TX-001053,ACC-00295,ACC-01478,15930.3,2026-09-07 12:05:08,0,normal,NONE
TX-012034,FRAUD-02-SRC-09,FRAUD-02-COLLECTOR,11155.65,2026-09-06 17:16:00,1,funneling,NET-02
TX-012284,ACC-00399,ACC-00491,45874.55,2026-09-08 10:49:00,0,normal_high_value,NONE
TX-004068,ACC-00884,ACC-01010,11420.17,2026-09-04 14:56:15,0,normal,NONE
TX-005025,ACC-00595,ACC-01480,4755.78,2026-09-04 18:41:42,0,normal,NONE
TX-001457,ACC-00129,ACC-01283,11262.8,2026-09-01 23:27:51,0,normal,NONE
TX-009298,ACC-00282,ACC-00370,4147.88,2026-09-08 12:02:28,0,normal,NONE
TX-000362,ACC-01804,ACC-01799,8573.08,2026-09-04 17:20:18,0,normal,NONE
TX-008068,ACC-01208,ACC-01997,12646.11,2026-09-08 13:18:00,0,normal,NONE
TX-007026,ACC-00566,ACC-00215,3807.81,2026-09-09 18:36:24,0,normal,NONE
TX-013073,ACC-00136,ACC-00214,43951.94,2026-09-02 13:52:00,0,normal_high_value,NONE
TX-003146,ACC-01620,ACC-01488,15536.35,2026-09-09 14:11:02,0,normal,NONE
TX-012825,ACC-01494,ACC-01785,77721.6,2026-09-05 15:05:00,0,normal_high_value,NONE
TX-012090,FRAUD-04-SRC-15,FRAUD-04-COLLECTOR,7288.89,2026-09-04 12:28:00,1,funneling,NET-04
TX-008369,ACC-00893,ACC-00534,5462.81,2026-09-01 10:55:38,0,normal,NONE
TX-009218,ACC-01817,ACC-01785,5299.73,2026-09-08 16:37:54,0,normal,NONE
TX-005373,ACC-01244,ACC-01152,11878.36,2026-09-09 19:42:41,0,normal,NONE
TX-009157,ACC-01775,ACC-00849,6180.84,2026-09-01 14:45:18,0,normal,NONE
TX-008527,ACC-01229,ACC-00055,6315.6,2026-09-09 23:23:13,0,normal,NONE
TX-000541,ACC-00746,ACC-00785,16565.67,2026-09-03 09:35:51,0,normal,NONE
TX-004236,ACC-01875,ACC-01681,9800.91,2026-09-07 16:40:44,0,normal,NONE
TX-011221,ACC-01853,ACC-01888,6597.8,2026-09-05 14:24:51,0,normal,NONE
TX-007665,ACC-01668,ACC-00923,17759.28,2026-09-01 19:30:35,0,normal,NONE
TX-011954,ACC-01659,ACC-01543,15866.22,2026-09-05 11:23:53,0,normal,NONE
TX-000755,ACC-01030,ACC-00218,5231.26,2026-09-05 10:18:48,0,normal,NONE
TX-009518,ACC-00195,ACC-01037,10671.6,2026-09-04 11:39:34,0,normal,NONE
TX-002004,ACC-01482,ACC-00086,1891.02,2026-09-08 15:41:22,0,normal,NONE
TX-002543,ACC-00363,ACC-00765,1187.97,2026-09-04 10:55:04,0,normal,NONE
TX-006966,ACC-01510,ACC-00723,8836.17,2026-09-06 20:39:46,0,normal,NONE
TX-013180,ACC-00602,ACC-01280,27053.42,2026-09-02 19:26:00,0,normal_high_value,NONE
TX-005219,ACC-01346,ACC-00614,1871.55,2026-09-07 15:02:14,0,normal,NONE
TX-008564,ACC-00013,ACC-00588,14732.31,2026-09-05 19:02:21,0,normal,NONE
TX-004272,ACC-00248,ACC-01472,9873.47,2026-09-07 19:40:22,0,normal,NONE
TX-000101,ACC-01722,ACC-00958,16553.36,2026-09-09 08:58:25,0,normal,NONE
TX-005387,ACC-00721,ACC-00861,5103.27,2026-09-08 15:46:46,0,normal,NONE
TX-004767,ACC-01112,ACC-01660,17248.27,2026-09-07 15:27:34,0,normal,NONE
TX-004881,ACC-01785,ACC-01627,515.97,2026-09-09 18:06:11,0,normal,NONE
TX-008145,ACC-00639,ACC-00011,1363.99,2026-09-05 20:39:24,0,normal,NONE
TX-000602,ACC-00152,ACC-00701,3078.49,2026-09-07 13:46:04,0,normal,NONE
TX-008427,ACC-00053,ACC-01032,11899.44,2026-09-08 09:46:06,0,normal,NONE
TX-011810,ACC-01509,ACC-00666,12867.36,2026-09-01 19:50:35,0,normal,NONE
TX-005513,ACC-00033,ACC-01461,13140.64,2026-09-07 15:29:10,0,normal,NONE
TX-002432,ACC-00540,ACC-00884,6676.71,2026-09-04 18:34:22,0,normal,NONE
TX-001045,ACC-01797,ACC-00649,5409.24,2026-09-05 21:45:58,0,normal,NONE
TX-010265,ACC-00326,ACC-01754,7801.68,2026-09-08 14:25:32,0,normal,NONE
TX-001558,ACC-01621,ACC-01889,15311.36,2026-09-03 16:06:38,0,normal,NONE
TX-005010,ACC-01392,ACC-00864,1616.22,2026-09-01 22:56:14,0,normal,NONE
TX-001488,ACC-00134,ACC-00243,2616.89,2026-09-03 14:12:34,0,normal,NONE
TX-009290,ACC-00652,ACC-01771,328.8,2026-09-09 15:57:01,0,normal,NONE
TX-012185,FRAUD-08-SRC-10,FRAUD-08-COLLECTOR,12669.78,2026-09-07 09:18:00,1,funneling,NET-08
TX-007503,ACC-01875,ACC-00425,9991.32,2026-09-09 15:12:12,0,normal,NONE
TX-002116,ACC-01034,ACC-01479,12668.74,2026-09-07 08:00:47,0,normal,NONE
TX-009319,ACC-00278,ACC-00172,16394.64,2026-09-03 19:31:39,0,normal,NONE
TX-000619,ACC-00259,ACC-00088,7632.28,2026-09-07 14:52:40,0,normal,NONE
TX-006126,ACC-01944,ACC-01428,16486.19,2026-09-07 16:17:56,0,normal,NONE
TX-009480,ACC-01605,ACC-01682,5029.33,2026-09-03 18:27:10,0,normal,NONE
TX-008094,ACC-01796,ACC-01542,2846.94,2026-09-06 22:46:13,0,normal,NONE
TX-003397,ACC-00209,ACC-01822,4219.61,2026-09-02 11:29:49,0,normal,NONE
TX-001601,ACC-00481,ACC-00979,8743.79,2026-09-02 08:03:17,0,normal,NONE
TX-010309,ACC-00449,ACC-00823,14669.52,2026-09-06 12:07:40,0,normal,NONE
TX-009270,ACC-01653,ACC-01309,1654.04,2026-09-04 15:15:58,0,normal,NONE
TX-001616,ACC-00914,ACC-01956,2099.9,2026-09-09 15:15:13,0,normal,NONE
TX-001753,ACC-01111,ACC-01508,14732.23,2026-09-02 14:08:30,0,normal,NONE
TX-007214,ACC-01364,ACC-00025,6595.16,2026-09-02 15:33:02,0,normal,NONE
TX-007047,ACC-01713,ACC-00027,3781.67,2026-09-01 20:28:31,0,normal,NONE
TX-002084,ACC-01011,ACC-00539,1581.81,2026-09-03 16:46:42,0,normal,NONE
TX-007699,ACC-01470,ACC-01760,4805.46,2026-09-05 17:01:56,0,normal,NONE
TX-010326,ACC-01840,ACC-00438,4869.54,2026-09-05 14:01:18,0,normal,NONE
TX-010559,ACC-00248,ACC-01840,9611.27,2026-09-02 18:45:20,0,normal,NONE
TX-008447,ACC-00205,ACC-00274,8025.09,2026-09-07 11:00:36,0,normal,NONE
TX-008108,ACC-01703,ACC-00526,12185.4,2026-09-03 20:07:13,0,normal,NONE
TX-005148,ACC-00006,ACC-00914,10109.99,2026-09-01 23:53:21,0,normal,NONE
TX-009897,ACC-01432,ACC-00246,17232.38,2026-09-08 23:58:50,0,normal,NONE
TX-000676,ACC-00041,ACC-00099,12421.7,2026-09-07 22:24:07,0,normal,NONE
TX-002546,ACC-00217,ACC-01255,2213.17,2026-09-03 14:58:47,0,normal,NONE
TX-011640,ACC-01656,ACC-01595,1359.55,2026-09-03 17:12:16,0,normal,NONE
TX-012450,ACC-01860,ACC-00048,40616.93,2026-09-05 23:38:00,0,normal_high_value,NONE
TX-004000,ACC-01422,ACC-00686,14047.49,2026-09-04 16:00:22,0,normal,NONE
TX-012585,ACC-01009,ACC-00218,58149.14,2026-09-03 20:21:00,0,normal_high_value,NONE
TX-005097,ACC-01350,ACC-01964,963.35,2026-09-03 12:53:37,0,normal,NONE
TX-000176,ACC-00494,ACC-01020,16432.67,2026-09-03 15:29:40,0,normal,NONE
TX-008241,ACC-01156,ACC-00400,12418.06,2026-09-09 10:12:28,0,normal,NONE
TX-003610,ACC-00372,ACC-00919,13533.88,2026-09-03 14:12:08,0,normal,NONE
TX-010382,ACC-00539,ACC-01985,14628.18,2026-09-02 12:51:48,0,normal,NONE
TX-003788,ACC-00952,ACC-01969,13487.06,2026-09-06 14:08:43,0,normal,NONE
TX-005585,ACC-01017,ACC-01203,5136.52,2026-09-05 16:20:29,0,normal,NONE
TX-009384,ACC-01430,ACC-00480,8574.87,2026-09-02 21:51:36,0,normal,NONE
TX-002226,ACC-00732,ACC-01499,678.29,2026-09-07 15:11:05,0,normal,NONE
TX-003050,ACC-01737,ACC-01056,3206.35,2026-09-06 21:01:21,0,normal,NONE
TX-011935,ACC-00537,ACC-00982,5177.39,2026-09-01 08:08:34,0,normal,NONE
TX-001127,ACC-00238,ACC-00146,16113.52,2026-09-08 18:26:12,0,normal,NONE
TX-007511,ACC-00861,ACC-01733,3316.63,2026-09-07 19:03:18,0,normal,NONE
TX-012612,ACC-01925,ACC-01987,70640.06,2026-09-05 23:07:00,0,normal_high_value,NONE
TX-007106,ACC-01284,ACC-01007,9831.49,2026-09-05 18:30:55,0,normal,NONE
TX-002442,ACC-00926,ACC-00635,9700.35,2026-09-05 18:14:36,0,normal,NONE
TX-001323,ACC-01642,ACC-01319,5107.51,2026-09-01 10:35:38,0,normal,NONE
TX-001604,ACC-00970,ACC-01551,6079.8,2026-09-07 18:23:43,0,normal,NONE
TX-004211,ACC-01552,ACC-01566,11736.44,2026-09-05 08:19:15,0,normal,NONE
TX-010320,ACC-01692,ACC-00221,106.31,2026-09-07 15:35:10,0,normal,NONE
TX-011410,ACC-00829,ACC-00793,659.7,2026-09-08 17:50:58,0,normal,NONE
TX-004066,ACC-00484,ACC-01451,14739.12,2026-09-06 11:37:11,0,normal,NONE
TX-001295,ACC-01462,ACC-00417,3445.98,2026-09-05 17:47:31,0,normal,NONE
TX-005008,ACC-01225,ACC-00774,13454.81,2026-09-04 15:06:34,0,normal,NONE
TX-012387,ACC-00858,ACC-01892,44522.87,2026-09-06 21:56:00,0,normal_high_value,NONE
TX-011946,ACC-01494,ACC-01756,3449.72,2026-09-09 08:03:24,0,normal,NONE
TX-005529,ACC-01304,ACC-00904,4146.91,2026-09-07 19:48:58,0,normal,NONE
TX-004072,ACC-01065,ACC-00684,11464.99,2026-09-06 14:53:47,0,normal,NONE
TX-001508,ACC-00614,ACC-00578,14805.11,2026-09-07 20:52:37,0,normal,NONE
TX-001560,ACC-01560,ACC-01811,12383.5,2026-09-08 10:21:01,0,normal,NONE
TX-008065,ACC-00570,ACC-00335,17466.88,2026-09-07 23:03:35,0,normal,NONE
TX-005385,ACC-00004,ACC-01483,11496.97,2026-09-09 11:43:42,0,normal,NONE
TX-005644,ACC-00446,ACC-00928,9911.02,2026-09-05 23:31:35,0,normal,NONE
TX-010789,ACC-00719,ACC-01821,16900.68,2026-09-01 20:28:31,0,normal,NONE
TX-010916,ACC-01298,ACC-01093,7893.86,2026-09-03 21:08:46,0,normal,NONE
TX-001837,ACC-01921,ACC-01895,16307.77,2026-09-02 10:51:53,0,normal,NONE
TX-009566,ACC-00872,ACC-01111,17481.56,2026-09-09 17:09:01,0,normal,NONE
TX-008388,ACC-00326,ACC-01803,7002.85,2026-09-01 18:43:23,0,normal,NONE
TX-001355,ACC-01328,ACC-00855,16006.75,2026-09-02 23:39:41,0,normal,NONE
TX-011744,ACC-01131,ACC-01687,16804.74,2026-09-03 21:46:35,0,normal,NONE
TX-007056,ACC-00887,ACC-00976,16078.92,2026-09-04 19:04:20,0,normal,NONE
TX-011683,ACC-01428,ACC-00004,10027.51,2026-09-04 10:43:37,0,normal,NONE
TX-004845,ACC-01760,ACC-01392,2622.65,2026-09-03 15:06:15,0,normal,NONE
TX-004724,ACC-00890,ACC-00717,13898.42,2026-09-07 22:26:18,0,normal,NONE
TX-011968,ACC-00218,ACC-01218,14674.16,2026-09-02 11:22:17,0,normal,NONE
TX-004033,ACC-00858,ACC-01533,8923.01,2026-09-06 21:54:55,0,normal,NONE
TX-001236,ACC-00074,ACC-00068,3200.11,2026-09-05 13:31:27,0,normal,NONE
TX-006836,ACC-01281,ACC-01574,5418.58,2026-09-04 11:57:23,0,normal,NONE
TX-006659,ACC-00937,ACC-01918,4568.07,2026-09-08 14:20:04,0,normal,NONE
TX-010179,ACC-01682,ACC-01838,4465.29,2026-09-03 11:22:42,0,normal,NONE
TX-011797,ACC-01782,ACC-00717,13470.33,2026-09-05 17:26:10,0,normal,NONE
TX-011000,ACC-00534,ACC-00897,3420.65,2026-09-04 23:03:10,0,normal,NONE
TX-002252,ACC-00828,ACC-01014,13627.77,2026-09-05 22:10:59,0,normal,NONE
TX-001026,ACC-00060,ACC-00965,16261.2,2026-09-01 11:24:03,0,normal,NONE
TX-012315,ACC-00714,ACC-00520,31464.23,2026-09-04 19:40:00,0,normal_high_value,NONE
TX-011950,ACC-01450,ACC-01496,9553.59,2026-09-03 17:17:43,0,normal,NONE
TX-006693,ACC-01450,ACC-00105,14984.19,2026-09-02 19:03:59,0,normal,NONE
TX-006348,ACC-01006,ACC-00230,10400.41,2026-09-07 14:13:23,0,normal,NONE
TX-005512,ACC-01903,ACC-01249,957.31,2026-09-06 11:44:09,0,normal,NONE
TX-003398,ACC-01040,ACC-01928,6994.45,2026-09-01 12:21:51,0,normal,NONE
TX-000314,ACC-01687,ACC-01178,1346.04,2026-09-06 10:28:29,0,normal,NONE
TX-000637,ACC-01035,ACC-00813,11444.67,2026-09-02 08:15:23,0,normal,NONE
TX-011432,ACC-00261,ACC-01823,5178.65,2026-09-01 17:35:48,0,normal,NONE
TX-009415,ACC-00090,ACC-01887,15016.65,2026-09-05 21:14:02,0,normal,NONE
TX-008448,ACC-01088,ACC-01844,1723.65,2026-09-08 21:57:27,0,normal,NONE
TX-010987,ACC-01065,ACC-01673,7465.61,2026-09-09 22:11:03,0,normal,NONE
TX-005437,ACC-00079,ACC-01029,6513.63,2026-09-01 16:50:03,0,normal,NONE
TX-005837,ACC-00243,ACC-00209,5538.34,2026-09-01 14:56:24,0,normal,NONE
TX-009217,ACC-00276,ACC-01840,8877.12,2026-09-04 18:46:06,0,normal,NONE
TX-002971,ACC-00850,ACC-00230,9904.33,2026-09-09 08:15:44,0,normal,NONE
TX-008761,ACC-00534,ACC-00640,4800.18,2026-09-01 16:14:50,0,normal,NONE
TX-007104,ACC-01352,ACC-00688,3602.54,2026-09-02 20:57:52,0,normal,NONE
TX-003886,ACC-00796,ACC-00502,750.54,2026-09-01 16:43:14,0,normal,NONE
TX-012730,ACC-00026,ACC-01491,73544.95,2026-09-02 12:22:00,0,normal_high_value,NONE
TX-012030,FRAUD-02-SRC-05,FRAUD-02-COLLECTOR,13579.06,2026-09-06 17:08:00,1,funneling,NET-02
TX-004772,ACC-00814,ACC-00176,17093.85,2026-09-06 13:11:35,0,normal,NONE
TX-011960,ACC-00650,ACC-00075,3113.72,2026-09-02 16:50:59,0,normal,NONE
TX-009481,ACC-01478,ACC-01861,8720.69,2026-09-07 16:12:43,0,normal,NONE
TX-007040,ACC-00783,ACC-00497,9186.19,2026-09-01 23:07:22,0,normal,NONE
TX-006063,ACC-00168,ACC-00569,16597.12,2026-09-06 12:37:50,0,normal,NONE
TX-011842,ACC-01463,ACC-01879,2449.74,2026-09-06 18:18:55,0,normal,NONE
TX-007181,ACC-00866,ACC-00640,17442.46,2026-09-01 22:49:38,0,normal,NONE
TX-010356,ACC-01130,ACC-01850,14854.96,2026-09-08 14:50:37,0,normal,NONE
TX-001841,ACC-00932,ACC-01130,6871.82,2026-09-04 23:07:22,0,normal,NONE
TX-012081,FRAUD-04-SRC-06,FRAUD-04-COLLECTOR,3139.7,2026-09-04 12:10:00,1,funneling,NET-04
TX-008622,ACC-00818,ACC-00490,12429.81,2026-09-02 09:52:27,0,normal,NONE
TX-003674,ACC-01260,ACC-00915,2778.57,2026-09-07 16:36:44,0,normal,NONE
TX-006326,ACC-01356,ACC-01677,2898.87,2026-09-01 12:59:53,0,normal,NONE
TX-011469,ACC-00073,ACC-00333,216.19,2026-09-03 20:42:34,0,normal,NONE
TX-004699,ACC-01060,ACC-00866,2048.55,2026-09-08 20:28:22,0,normal,NONE
TX-013218,ACC-01720,ACC-00051,61828.36,2026-09-06 14:55:00,0,normal_high_value,NONE
TX-003321,ACC-01395,ACC-00282,4583.2,2026-09-04 09:51:05,0,normal,NONE
TX-005193,ACC-01380,ACC-01477,4125.33,2026-09-06 21:53:23,0,normal,NONE
TX-002273,ACC-00911,ACC-00678,14176.98,2026-09-05 16:38:02,0,normal,NONE
TX-012444,ACC-00993,ACC-01867,21181.07,2026-09-06 15:32:00,0,normal_high_value,NONE
TX-004255,ACC-01788,ACC-00835,3252.84,2026-09-06 20:59:00,0,normal,NONE
TX-004774,ACC-01190,ACC-01196,4368.24,2026-09-06 11:08:20,0,normal,NONE
TX-008926,ACC-01675,ACC-01614,7444.49,2026-09-05 10:58:44,0,normal,NONE
TX-004710,ACC-00787,ACC-00881,10673.63,2026-09-04 16:20:04,0,normal,NONE
TX-000848,ACC-00615,ACC-00514,10127.25,2026-09-01 20:06:44,0,normal,NONE
TX-005953,ACC-01053,ACC-00732,11060.4,2026-09-05 10:30:27,0,normal,NONE
TX-007326,ACC-00808,ACC-00805,15975.26,2026-09-07 23:53:42,0,normal,NONE
TX-008378,ACC-00709,ACC-01376,16809.19,2026-09-05 21:45:22,0,normal,NONE
TX-006957,ACC-00175,ACC-01171,7658.94,2026-09-04 09:22:10,0,normal,NONE
TX-005861,ACC-00627,ACC-00945,10447.65,2026-09-05 18:37:11,0,normal,NONE
TX-004598,ACC-00137,ACC-01491,891.51,2026-09-06 21:29:15,0,normal,NONE
TX-001418,ACC-00048,ACC-00697,7877.57,2026-09-07 08:55:33,0,normal,NONE
TX-006299,ACC-00759,ACC-00559,9544.46,2026-09-06 10:55:55,0,normal,NONE
TX-003849,ACC-01523,ACC-01044,8517.6,2026-09-02 20:31:09,0,normal,NONE
TX-000605,ACC-00890,ACC-00322,982.93,2026-09-06 14:12:26,0,normal,NONE
TX-011407,ACC-00934,ACC-01442,6625.46,2026-09-05 15:23:15,0,normal,NONE
TX-007114,ACC-00456,ACC-01346,3601.62,2026-09-02 23:48:05,0,normal,NONE
TX-002079,ACC-00424,ACC-01131,15101.44,2026-09-03 08:38:57,0,normal,NONE
TX-012351,ACC-00295,ACC-01876,35362.55,2026-09-02 08:23:00,0,normal_high_value,NONE
TX-002312,ACC-00049,ACC-00660,7706.42,2026-09-07 18:35:35,0,normal,NONE
TX-007855,ACC-00027,ACC-00759,12488.56,2026-09-09 19:04:20,0,normal,NONE
TX-004344,ACC-00245,ACC-00104,15112.6,2026-09-01 12:26:05,0,normal,NONE
TX-007633,ACC-01565,ACC-01474,10367.87,2026-09-04 11:15:30,0,normal,NONE
TX-001983,ACC-00235,ACC-00077,15245.5,2026-09-02 22:48:23,0,normal,NONE
TX-006930,ACC-01673,ACC-00807,11829.47,2026-09-05 17:27:16,0,normal,NONE
TX-004467,ACC-00534,ACC-01427,14074.38,2026-09-08 22:37:52,0,normal,NONE
TX-000200,ACC-01947,ACC-00484,15400.99,2026-09-02 19:34:57,0,normal,NONE
TX-000486,ACC-00563,ACC-00461,9686.2,2026-09-03 22:36:47,0,normal,NONE
TX-003271,ACC-00101,ACC-00051,10702.23,2026-09-05 12:19:33,0,normal,NONE
TX-004725,ACC-00084,ACC-01244,10977.01,2026-09-07 15:12:18,0,normal,NONE
TX-002824,ACC-01779,ACC-01951,13194.85,2026-09-05 09:31:37,0,normal,NONE
TX-004552,ACC-00385,ACC-01240,1310.02,2026-09-09 10:02:58,0,normal,NONE
TX-005337,ACC-01104,ACC-01306,4377.58,2026-09-06 21:43:26,0,normal,NONE
TX-003246,ACC-00140,ACC-00871,416.55,2026-09-02 10:19:04,0,normal,NONE
TX-004454,ACC-01860,ACC-00739,7828.37,2026-09-05 12:55:51,0,normal,NONE
TX-009031,ACC-01776,ACC-00068,3021.89,2026-09-07 22:59:56,0,normal,NONE
TX-008210,ACC-00569,ACC-00051,15296.92,2026-09-02 17:15:32,0,normal,NONE
TX-003750,ACC-00750,ACC-01308,3882.53,2026-09-03 17:28:55,0,normal,NONE
TX-002203,ACC-00706,ACC-00205,8485.0,2026-09-07 14:58:30,0,normal,NONE
TX-011348,ACC-01360,ACC-01917,2148.43,2026-09-07 12:07:38,0,normal,NONE
TX-012566,ACC-00954,ACC-01709,46438.59,2026-09-01 21:04:00,0,normal_high_value,NONE
TX-002795,ACC-00597,ACC-01261,15066.56,2026-09-02 17:08:04,0,normal,NONE
TX-010873,ACC-01075,ACC-00018,12147.97,2026-09-08 10:29:04,0,normal,NONE
TX-010886,ACC-00266,ACC-01208,14995.54,2026-09-03 12:56:01,0,normal,NONE
TX-009146,ACC-00348,ACC-01693,14403.97,2026-09-04 16:51:26,0,normal,NONE
TX-000525,ACC-00354,ACC-01563,8488.84,2026-09-02 08:37:04,0,normal,NONE
TX-009292,ACC-00487,ACC-01924,10735.22,2026-09-04 21:44:38,0,normal,NONE
TX-000948,ACC-00204,ACC-01852,5691.9,2026-09-09 10:11:12,0,normal,NONE
TX-010229,ACC-01465,ACC-00631,9171.31,2026-09-06 08:03:28,0,normal,NONE
TX-010499,ACC-00945,ACC-01060,11594.77,2026-09-06 22:17:46,0,normal,NONE
TX-001281,ACC-00562,ACC-01775,1460.1,2026-09-08 23:47:26,0,normal,NONE
TX-000123,ACC-01006,ACC-00918,14276.93,2026-09-02 17:14:25,0,normal,NONE
TX-004367,ACC-01387,ACC-00039,15991.12,2026-09-09 09:08:42,0,normal,NONE
TX-010771,ACC-01936,ACC-00162,13273.68,2026-09-05 20:13:49,0,normal,NONE
TX-012560,ACC-01427,ACC-00304,79612.16,2026-09-04 11:40:00,0,normal_high_value,NONE
TX-002303,ACC-01028,ACC-00626,5773.89,2026-09-09 23:06:43,0,normal,NONE
TX-011948,ACC-01682,ACC-00473,10095.37,2026-09-06 18:23:02,0,normal,NONE
TX-010805,ACC-01626,ACC-00112,2272.41,2026-09-06 21:15:34,0,normal,NONE
TX-001006,ACC-01323,ACC-00279,8677.29,2026-09-08 18:29:50,0,normal,NONE
TX-003461,ACC-01816,ACC-00097,7340.7,2026-09-07 14:00:43,0,normal,NONE
TX-005465,ACC-01163,ACC-00224,8651.21,2026-09-01 14:46:14,0,normal,NONE
TX-012999,ACC-00356,ACC-01463,55580.81,2026-09-07 23:00:00,0,normal_high_value,NONE
TX-011898,ACC-00595,ACC-00276,352.8,2026-09-02 10:33:26,0,normal,NONE
TX-003056,ACC-01289,ACC-00716,5915.47,2026-09-03 10:25:43,0,normal,NONE
TX-003567,ACC-00103,ACC-00003,2542.24,2026-09-09 22:25:19,0,normal,NONE
TX-009870,ACC-01939,ACC-00927,16021.74,2026-09-01 11:25:12,0,normal,NONE
TX-002133,ACC-00872,ACC-01433,1413.53,2026-09-03 08:10:33,0,normal,NONE
TX-007515,ACC-00873,ACC-01970,11549.21,2026-09-04 18:02:26,0,normal,NONE
TX-006621,ACC-01509,ACC-01021,14426.8,2026-09-07 09:01:31,0,normal,NONE
TX-006052,ACC-00139,ACC-01842,8397.62,2026-09-09 13:35:01,0,normal,NONE
TX-000230,ACC-01222,ACC-00174,15902.49,2026-09-03 13:48:39,0,normal,NONE
TX-007521,ACC-01563,ACC-00802,10037.61,2026-09-03 11:18:02,0,normal,NONE
TX-004002,ACC-00857,ACC-01521,1526.87,2026-09-06 22:27:16,0,normal,NONE
TX-012107,FRAUD-05-SRC-07,FRAUD-05-COLLECTOR,13123.69,2026-09-06 16:12:00,1,funneling,NET-05
TX-009293,ACC-01265,ACC-01943,8996.51,2026-09-05 15:39:13,0,normal,NONE
TX-008063,ACC-00597,ACC-00632,15485.23,2026-09-07 21:55:46,0,normal,NONE
TX-003008,ACC-01357,ACC-01234,16343.32,2026-09-04 12:42:57,0,normal,NONE
TX-008314,ACC-00794,ACC-01601,15337.98,2026-09-09 23:08:15,0,normal,NONE
TX-004588,ACC-01810,ACC-01288,2337.49,2026-09-01 13:05:41,0,normal,NONE
TX-004222,ACC-00646,ACC-00135,16615.63,2026-09-01 23:26:20,0,normal,NONE
TX-004306,ACC-00673,ACC-01726,4851.75,2026-09-06 12:57:24,0,normal,NONE
TX-008991,ACC-01177,ACC-01283,9984.91,2026-09-07 22:44:08,0,normal,NONE
TX-005944,ACC-01052,ACC-01005,3925.26,2026-09-01 12:47:54,0,normal,NONE
TX-002751,ACC-00424,ACC-00151,10804.37,2026-09-06 17:07:38,0,normal,NONE
TX-007713,ACC-01756,ACC-00917,5747.69,2026-09-02 08:40:23,0,normal,NONE
TX-006162,ACC-01979,ACC-00425,16367.9,2026-09-04 23:26:59,0,normal,NONE
TX-004377,ACC-00861,ACC-00326,4419.57,2026-09-04 13:57:27,0,normal,NONE
TX-002945,ACC-00125,ACC-00549,14439.85,2026-09-02 20:16:53,0,normal,NONE
TX-005710,ACC-00865,ACC-01473,14194.06,2026-09-06 21:07:58,0,normal,NONE
TX-002719,ACC-01375,ACC-00632,7844.78,2026-09-07 22:13:14,0,normal,NONE
TX-003363,ACC-01455,ACC-01177,344.75,2026-09-01 10:40:25,0,normal,NONE
TX-009903,ACC-00555,ACC-00406,445.02,2026-09-07 12:52:01,0,normal,NONE
TX-006837,ACC-00153,ACC-00331,11240.25,2026-09-02 21:17:48,0,normal,NONE
TX-007364,ACC-01385,ACC-00738,5790.84,2026-09-08 12:57:33,0,normal,NONE
TX-012908,ACC-01051,ACC-01333,37705.71,2026-09-07 17:11:00,0,normal_high_value,NONE
TX-005231,ACC-01904,ACC-01550,471.01,2026-09-09 22:23:50,0,normal,NONE
TX-007720,ACC-00664,ACC-00271,6676.24,2026-09-04 23:16:58,0,normal,NONE
TX-004162,ACC-00308,ACC-01083,2997.57,2026-09-07 13:41:55,0,normal,NONE
TX-011294,ACC-00127,ACC-01235,353.17,2026-09-06 10:25:42,0,normal,NONE
TX-010200,ACC-00504,ACC-01321,14746.93,2026-09-06 16:53:25,0,normal,NONE
TX-011219,ACC-01037,ACC-01242,7101.53,2026-09-06 21:55:42,0,normal,NONE
TX-012372,ACC-01212,ACC-01692,29107.62,2026-09-05 10:55:00,0,normal_high_value,NONE
TX-005323,ACC-01775,ACC-01386,11663.66,2026-09-03 09:48:51,0,normal,NONE
TX-010952,ACC-01290,ACC-00343,821.64,2026-09-05 09:46:29,0,normal,NONE
TX-011630,ACC-00177,ACC-00224,11633.12,2026-09-01 14:08:35,0,normal,NONE
TX-011727,ACC-00199,ACC-00666,15226.65,2026-09-06 18:11:53,0,normal,NONE
TX-013045,ACC-00200,ACC-00113,36298.48,2026-09-06 15:01:00,0,normal_high_value,NONE
TX-004868,ACC-00941,ACC-01392,6276.78,2026-09-02 12:15:50,0,normal,NONE
TX-008355,ACC-01232,ACC-00347,15780.45,2026-09-04 10:50:57,0,normal,NONE
TX-001018,ACC-00075,ACC-00941,6988.84,2026-09-09 11:00:19,0,normal,NONE
TX-009965,ACC-01935,ACC-00230,17481.06,2026-09-02 12:02:59,0,normal,NONE
TX-010671,ACC-00510,ACC-01333,2800.92,2026-09-05 18:59:36,0,normal,NONE
TX-009259,ACC-00994,ACC-01556,14637.68,2026-09-01 10:12:43,0,normal,NONE
TX-001929,ACC-00452,ACC-01351,17893.69,2026-09-06 23:01:15,0,normal,NONE
TX-000351,ACC-01777,ACC-01477,12259.81,2026-09-05 23:12:15,0,normal,NONE
TX-013099,ACC-01630,ACC-00086,24346.19,2026-09-06 16:43:00,0,normal_high_value,NONE
TX-012380,ACC-01088,ACC-01694,72601.6,2026-09-07 10:51:00,0,normal_high_value,NONE
TX-009964,ACC-00799,ACC-00860,8246.76,2026-09-06 22:49:50,0,normal,NONE
TX-008023,ACC-01340,ACC-00762,6172.12,2026-09-07 17:29:23,0,normal,NONE
TX-002501,ACC-00073,ACC-01155,9829.57,2026-09-01 23:59:36,0,normal,NONE
TX-007293,ACC-01606,ACC-00033,13651.0,2026-09-05 22:21:57,0,normal,NONE
TX-008521,ACC-00838,ACC-00444,5991.74,2026-09-04 17:37:10,0,normal,NONE
TX-000565,ACC-01647,ACC-01626,2533.48,2026-09-01 09:53:49,0,normal,NONE
TX-001583,ACC-01888,ACC-00255,6939.17,2026-09-03 14:48:27,0,normal,NONE
TX-002176,ACC-01881,ACC-00186,3301.37,2026-09-02 13:20:37,0,normal,NONE
TX-008769,ACC-00922,ACC-00563,6353.94,2026-09-02 09:11:14,0,normal,NONE
TX-013225,ACC-01440,ACC-00372,82096.73,2026-09-02 12:24:00,0,normal_high_value,NONE
TX-003934,ACC-00879,ACC-00479,5534.88,2026-09-06 17:32:55,0,normal,NONE
TX-002708,ACC-00642,ACC-00245,2532.3,2026-09-02 19:48:51,0,normal,NONE
TX-013084,ACC-01953,ACC-00407,27663.91,2026-09-02 10:19:00,0,normal_high_value,NONE
TX-005212,ACC-00228,ACC-00379,7983.63,2026-09-09 14:58:24,0,normal,NONE
TX-006963,ACC-01398,ACC-01335,325.29,2026-09-09 19:42:22,0,normal,NONE
TX-003536,ACC-00538,ACC-00269,2629.77,2026-09-04 12:09:10,0,normal,NONE
TX-006537,ACC-00503,ACC-00070,5524.02,2026-09-05 09:03:27,0,normal,NONE
TX-008533,ACC-00332,ACC-01052,5046.54,2026-09-09 17:34:47,0,normal,NONE
TX-002398,ACC-01795,ACC-01454,12452.04,2026-09-08 17:14:33,0,normal,NONE
TX-003740,ACC-00713,ACC-00447,1847.26,2026-09-01 08:47:15,0,normal,NONE
TX-012358,ACC-00755,ACC-00145,28330.79,2026-09-08 22:29:00,0,normal_high_value,NONE
TX-000822,ACC-01973,ACC-00399,8196.57,2026-09-07 08:16:11,0,normal,NONE
TX-002064,ACC-00259,ACC-01781,632.68,2026-09-07 08:44:10,0,normal,NONE
TX-008945,ACC-00640,ACC-01281,6054.18,2026-09-08 11:15:06,0,normal,NONE
TX-000082,ACC-01047,ACC-00970,14291.36,2026-09-03 10:18:32,0,normal,NONE
TX-005420,ACC-00996,ACC-01301,11063.52,2026-09-09 20:51:12,0,normal,NONE
TX-010650,ACC-01688,ACC-00539,5892.33,2026-09-04 10:48:56,0,normal,NONE
TX-012267,ACC-01564,ACC-01209,37067.84,2026-09-08 10:52:00,0,normal_high_value,NONE
TX-002698,ACC-00869,ACC-01372,11870.82,2026-09-03 17:12:43,0,normal,NONE
TX-000832,ACC-00481,ACC-01507,4372.18,2026-09-05 14:14:12,0,normal,NONE
TX-004575,ACC-00371,ACC-00359,10018.07,2026-09-05 08:34:17,0,normal,NONE
TX-003827,ACC-00231,ACC-01930,17128.22,2026-09-04 21:01:11,0,normal,NONE
TX-007885,ACC-00060,ACC-00731,3708.76,2026-09-08 14:33:03,0,normal,NONE
TX-009064,ACC-00261,ACC-00381,8720.59,2026-09-05 12:24:31,0,normal,NONE
TX-002834,ACC-00986,ACC-01369,11066.3,2026-09-02 19:50:05,0,normal,NONE
TX-008766,ACC-00845,ACC-00729,12984.13,2026-09-03 10:45:33,0,normal,NONE
TX-012314,ACC-01378,ACC-00924,22143.35,2026-09-05 18:49:00,0,normal_high_value,NONE
TX-007736,ACC-01713,ACC-01407,8483.84,2026-09-03 18:38:11,0,normal,NONE
TX-011709,ACC-01283,ACC-00153,7939.01,2026-09-06 19:56:53,0,normal,NONE
TX-005652,ACC-01929,ACC-00869,618.29,2026-09-07 20:34:32,0,normal,NONE
TX-000049,ACC-01196,ACC-01158,9419.63,2026-09-05 14:42:45,0,normal,NONE
TX-007989,ACC-00221,ACC-01775,12225.95,2026-09-09 15:32:58,0,normal,NONE
TX-008732,ACC-00444,ACC-01552,7427.56,2026-09-09 21:14:56,0,normal,NONE
TX-010008,ACC-00156,ACC-01424,15669.27,2026-09-09 16:25:28,0,normal,NONE
TX-010123,ACC-01859,ACC-00564,16469.68,2026-09-07 16:49:49,0,normal,NONE
TX-005759,ACC-01180,ACC-01048,540.27,2026-09-02 15:46:32,0,normal,NONE
TX-009954,ACC-01449,ACC-01991,10500.65,2026-09-07 08:42:17,0,normal,NONE
TX-004096,ACC-00422,ACC-01777,15951.34,2026-09-07 11:00:41,0,normal,NONE
TX-002690,ACC-01151,ACC-00174,12686.45,2026-09-03 09:23:17,0,normal,NONE
TX-010310,ACC-01912,ACC-00963,3248.13,2026-09-05 08:21:48,0,normal,NONE
TX-005569,ACC-01123,ACC-00458,349.42,2026-09-05 18:29:26,0,normal,NONE
TX-004846,ACC-00523,ACC-00272,8495.42,2026-09-06 22:24:29,0,normal,NONE
TX-005211,ACC-00500,ACC-00407,4387.95,2026-09-05 09:57:06,0,normal,NONE
TX-007657,ACC-01942,ACC-00441,8751.9,2026-09-04 08:26:06,0,normal,NONE
TX-002374,ACC-01343,ACC-01574,9270.55,2026-09-06 18:57:11,0,normal,NONE
TX-008523,ACC-00552,ACC-01262,5842.01,2026-09-02 09:39:09,0,normal,NONE
TX-002759,ACC-00603,ACC-00727,14783.27,2026-09-09 23:02:59,0,normal,NONE
TX-008511,ACC-01114,ACC-00053,12050.91,2026-09-02 08:00:44,0,normal,NONE
TX-007969,ACC-01213,ACC-00147,51.73,2026-09-06 23:36:36,0,normal,NONE
TX-012691,ACC-00683,ACC-01240,81246.66,2026-09-04 21:49:00,0,normal_high_value,NONE
TX-007091,ACC-00500,ACC-00034,15337.7,2026-09-05 20:02:06,0,normal,NONE
TX-003881,ACC-00832,ACC-01635,67.65,2026-09-02 20:36:48,0,normal,NONE
TX-010592,ACC-00027,ACC-00048,594.62,2026-09-08 15:56:07,0,normal,NONE
TX-011137,ACC-01731,ACC-00003,7133.01,2026-09-03 20:37:48,0,normal,NONE
TX-005821,ACC-01334,ACC-00351,4396.44,2026-09-06 08:53:36,0,normal,NONE
TX-004935,ACC-01226,ACC-00535,6456.97,2026-09-02 14:46:49,0,normal,NONE
TX-012159,FRAUD-07-SRC-09,FRAUD-07-COLLECTOR,10600.24,2026-09-07 16:16:00,1,funneling,NET-07
TX-008777,ACC-01484,ACC-01947,11859.52,2026-09-06 10:50:57,0,normal,NONE
TX-010689,ACC-01754,ACC-01882,3655.68,2026-09-03 14:14:07,0,normal,NONE
TX-005236,ACC-01881,ACC-00520,6805.32,2026-09-04 19:07:01,0,normal,NONE
TX-003946,ACC-01208,ACC-01685,8410.09,2026-09-09 21:02:49,0,normal,NONE
TX-010457,ACC-00813,ACC-01660,17444.41,2026-09-09 18:56:52,0,normal,NONE
TX-002165,ACC-00931,ACC-01005,3144.4,2026-09-09 11:02:23,0,normal,NONE
TX-002887,ACC-01961,ACC-01813,1946.0,2026-09-05 16:51:15,0,normal,NONE
TX-010632,ACC-01601,ACC-00877,8460.06,2026-09-08 12:15:39,0,normal,NONE
TX-012493,ACC-01719,ACC-00156,27947.24,2026-09-03 22:49:00,0,normal_high_value,NONE
TX-000517,ACC-00437,ACC-01287,13473.87,2026-09-07 22:55:13,0,normal,NONE
TX-011236,ACC-01792,ACC-00762,11750.1,2026-09-06 16:12:51,0,normal,NONE
TX-009418,ACC-01941,ACC-01623,12768.87,2026-09-07 17:54:39,0,normal,NONE
TX-000173,ACC-00614,ACC-01851,540.47,2026-09-06 09:18:22,0,normal,NONE
TX-000640,ACC-00102,ACC-00334,15371.71,2026-09-04 15:41:14,0,normal,NONE
TX-011909,ACC-01623,ACC-00916,3347.24,2026-09-05 22:38:59,0,normal,NONE
TX-007621,ACC-01852,ACC-01313,14525.1,2026-09-01 19:22:44,0,normal,NONE
TX-005066,ACC-00458,ACC-00080,3432.77,2026-09-05 17:00:28,0,normal,NONE
TX-001144,ACC-00284,ACC-01791,12662.37,2026-09-03 19:40:29,0,normal,NONE
TX-010131,ACC-01929,ACC-01358,12338.33,2026-09-04 15:30:27,0,normal,NONE
TX-009416,ACC-01430,ACC-01185,16462.75,2026-09-07 20:55:28,0,normal,NONE
TX-012644,ACC-01771,ACC-00507,64917.09,2026-09-04 17:47:00,0,normal_high_value,NONE
TX-001833,ACC-01329,ACC-00934,7464.69,2026-09-06 19:53:34,0,normal,NONE
TX-008590,ACC-00592,ACC-00712,5760.2,2026-09-08 10:58:06,0,normal,NONE
TX-007483,ACC-00294,ACC-01674,17004.94,2026-09-03 10:13:34,0,normal,NONE
TX-003687,ACC-01809,ACC-01293,17343.28,2026-09-07 13:25:29,0,normal,NONE
TX-010044,ACC-01828,ACC-00147,12186.31,2026-09-04 12:40:39,0,normal,NONE
TX-011979,ACC-01445,ACC-00039,1762.63,2026-09-01 19:36:28,0,normal,NONE
TX-004538,ACC-01151,ACC-01702,15872.97,2026-09-07 11:25:58,0,normal,NONE
TX-008983,ACC-01316,ACC-01299,11528.73,2026-09-09 11:20:26,0,normal,NONE
TX-008539,ACC-01976,ACC-01562,11843.58,2026-09-06 22:20:43,0,normal,NONE
TX-000835,ACC-01109,ACC-01962,779.89,2026-09-08 19:39:20,0,normal,NONE
TX-002487,ACC-01814,ACC-01811,3654.23,2026-09-02 23:12:08,0,normal,NONE
TX-009905,ACC-01259,ACC-01283,2238.03,2026-09-09 22:09:03,0,normal,NONE
TX-006949,ACC-00862,ACC-01914,13437.91,2026-09-07 16:26:40,0,normal,NONE
TX-008015,ACC-00469,ACC-01364,11458.27,2026-09-09 18:00:41,0,normal,NONE
TX-010909,ACC-00135,ACC-00767,7916.32,2026-09-02 10:00:18,0,normal,NONE
TX-011676,ACC-01223,ACC-01797,5604.05,2026-09-09 11:52:40,0,normal,NONE
TX-011489,ACC-00358,ACC-00192,8723.48,2026-09-03 23:16:49,0,normal,NONE
TX-005468,ACC-01474,ACC-00791,12923.04,2026-09-08 22:15:06,0,normal,NONE
TX-006619,ACC-00388,ACC-00257,10597.76,2026-09-06 21:46:59,0,normal,NONE
TX-000066,ACC-00051,ACC-00368,13263.43,2026-09-06 21:51:42,0,normal,NONE
TX-006320,ACC-01462,ACC-01673,4653.45,2026-09-05 09:24:22,0,normal,NONE
TX-005903,ACC-00120,ACC-00444,2267.63,2026-09-07 16:22:10,0,normal,NONE
TX-009002,ACC-01501,ACC-00003,7616.1,2026-09-06 09:25:57,0,normal,NONE
TX-002025,ACC-00784,ACC-00788,8003.47,2026-09-04 14:24:11,0,normal,NONE
TX-010361,ACC-01848,ACC-00711,14109.06,2026-09-02 11:08:17,0,normal,NONE
TX-000355,ACC-01113,ACC-00778,16125.77,2026-09-07 19:49:51,0,normal,NONE
TX-005361,ACC-00146,ACC-00162,10695.29,2026-09-03 19:52:23,0,normal,NONE
TX-007174,ACC-01086,ACC-00599,1816.57,2026-09-06 18:56:23,0,normal,NONE
TX-011390,ACC-01435,ACC-00661,1354.05,2026-09-03 22:05:39,0,normal,NONE
TX-004763,ACC-01198,ACC-00256,13450.99,2026-09-03 21:38:14,0,normal,NONE
TX-012543,ACC-01164,ACC-01733,21042.31,2026-09-04 14:48:00,0,normal_high_value,NONE
TX-010733,ACC-01374,ACC-00621,2815.75,2026-09-06 13:54:29,0,normal,NONE
TX-007268,ACC-01410,ACC-00335,2516.64,2026-09-07 15:05:51,0,normal,NONE
TX-007614,ACC-00879,ACC-00253,7654.64,2026-09-08 11:16:05,0,normal,NONE
TX-008406,ACC-00390,ACC-01258,3036.09,2026-09-03 17:40:50,0,normal,NONE
TX-004569,ACC-01043,ACC-01328,17203.86,2026-09-07 13:16:02,0,normal,NONE
TX-003128,ACC-01135,ACC-00494,13137.42,2026-09-07 09:35:55,0,normal,NONE
TX-005684,ACC-01381,ACC-00729,8006.87,2026-09-05 18:01:36,0,normal,NONE
TX-000310,ACC-01900,ACC-01435,11485.85,2026-09-06 15:07:12,0,normal,NONE
TX-009391,ACC-00694,ACC-01611,4401.26,2026-09-08 09:00:31,0,normal,NONE
TX-007035,ACC-01073,ACC-01183,16883.77,2026-09-02 14:49:53,0,normal,NONE
TX-012435,ACC-01021,ACC-01243,39737.43,2026-09-08 19:14:00,0,normal_high_value,NONE
TX-006943,ACC-01458,ACC-01888,12006.18,2026-09-04 12:48:35,0,normal,NONE
TX-004355,ACC-00873,ACC-00035,9235.81,2026-09-04 18:52:30,0,normal,NONE
TX-009125,ACC-01831,ACC-01686,15476.07,2026-09-04 19:34:44,0,normal,NONE
TX-010104,ACC-01904,ACC-01750,9302.97,2026-09-09 08:31:15,0,normal,NONE
TX-006992,ACC-00174,ACC-00837,15430.99,2026-09-08 21:53:22,0,normal,NONE
TX-003588,ACC-00355,ACC-00236,15490.37,2026-09-01 23:20:19,0,normal,NONE
TX-005678,ACC-00810,ACC-01519,10330.25,2026-09-08 20:34:07,0,normal,NONE
TX-002584,ACC-01593,ACC-00121,8537.97,2026-09-04 08:20:22,0,normal,NONE
TX-005829,ACC-00746,ACC-01063,5615.39,2026-09-07 16:33:27,0,normal,NONE
TX-002771,ACC-00523,ACC-01877,3806.88,2026-09-02 13:54:02,0,normal,NONE
TX-004813,ACC-00916,ACC-00466,16465.92,2026-09-08 12:54:37,0,normal,NONE
TX-009542,ACC-01444,ACC-01358,7495.87,2026-09-07 21:44:47,0,normal,NONE
TX-009020,ACC-01189,ACC-00309,17010.74,2026-09-09 15:23:59,0,normal,NONE
TX-005088,ACC-01941,ACC-01057,7201.82,2026-09-07 09:18:35,0,normal,NONE
TX-006955,ACC-00880,ACC-01851,10223.8,2026-09-05 20:37:31,0,normal,NONE
TX-005172,ACC-01508,ACC-01342,14172.03,2026-09-05 22:00:19,0,normal,NONE
TX-007901,ACC-00506,ACC-00395,4604.5,2026-09-06 20:58:44,0,normal,NONE
TX-003210,ACC-00809,ACC-01605,10917.84,2026-09-08 15:41:04,0,normal,NONE
TX-011393,ACC-00499,ACC-01849,3920.43,2026-09-05 22:36:47,0,normal,NONE
TX-003906,ACC-00355,ACC-00449,1015.76,2026-09-07 21:01:03,0,normal,NONE
TX-011524,ACC-00550,ACC-01753,208.46,2026-09-09 18:46:14,0,normal,NONE
TX-007601,ACC-01141,ACC-01173,12543.63,2026-09-05 08:47:39,0,normal,NONE
TX-010365,ACC-00857,ACC-00851,3100.39,2026-09-04 19:11:57,0,normal,NONE
TX-012745,ACC-00604,ACC-01662,51652.3,2026-09-09 13:02:00,0,normal_high_value,NONE
TX-010956,ACC-00904,ACC-01649,4363.87,2026-09-07 14:11:06,0,normal,NONE
TX-012734,ACC-00844,ACC-00536,47284.85,2026-09-09 08:49:00,0,normal_high_value,NONE
TX-002380,ACC-00374,ACC-00815,14764.08,2026-09-09 14:09:53,0,normal,NONE
TX-009230,ACC-00209,ACC-01267,11786.25,2026-09-05 09:01:54,0,normal,NONE
TX-007609,ACC-01637,ACC-00413,1620.76,2026-09-02 12:42:52,0,normal,NONE
TX-004170,ACC-01846,ACC-01808,4776.84,2026-09-05 14:20:51,0,normal,NONE
TX-007177,ACC-00827,ACC-01989,8902.46,2026-09-08 11:27:48,0,normal,NONE
TX-012998,ACC-00743,ACC-00981,39268.45,2026-09-02 13:58:00,0,normal_high_value,NONE
TX-003429,ACC-01828,ACC-00864,15103.97,2026-09-01 19:15:00,0,normal,NONE
TX-004422,ACC-01560,ACC-00475,14752.86,2026-09-07 21:19:52,0,normal,NONE
TX-001102,ACC-00287,ACC-00074,3491.81,2026-09-04 23:24:04,0,normal,NONE
TX-009235,ACC-00074,ACC-01707,8384.55,2026-09-08 13:20:21,0,normal,NONE
TX-006209,ACC-00917,ACC-00304,15330.44,2026-09-04 23:38:30,0,normal,NONE
TX-012638,ACC-00458,ACC-01544,30037.45,2026-09-03 16:13:00,0,normal_high_value,NONE
TX-003251,ACC-01597,ACC-01700,12611.96,2026-09-03 19:58:17,0,normal,NONE
TX-004410,ACC-01569,ACC-00350,15120.76,2026-09-04 11:20:21,0,normal,NONE
TX-004141,ACC-01189,ACC-01191,3208.06,2026-09-09 10:43:36,0,normal,NONE
TX-003558,ACC-00338,ACC-00874,8840.08,2026-09-08 15:05:51,0,normal,NONE
TX-000710,ACC-01976,ACC-01639,5269.86,2026-09-09 19:44:06,0,normal,NONE
TX-000119,ACC-01369,ACC-00777,6068.41,2026-09-08 18:11:31,0,normal,NONE
TX-002023,ACC-00070,ACC-00554,5017.85,2026-09-07 17:52:05,0,normal,NONE
TX-004599,ACC-00479,ACC-00927,13615.51,2026-09-06 22:57:02,0,normal,NONE
TX-009620,ACC-01289,ACC-00942,11801.26,2026-09-04 20:39:30,0,normal,NONE
TX-009774,ACC-01223,ACC-00654,16629.83,2026-09-05 19:56:57,0,normal,NONE
TX-012234,FRAUD-10-SRC-09,FRAUD-10-COLLECTOR,13834.84,2026-09-03 12:16:00,1,funneling,NET-10
TX-012484,ACC-01690,ACC-00157,64075.88,2026-09-03 10:08:00,0,normal_high_value,NONE
TX-012760,ACC-00797,ACC-00922,82471.11,2026-09-07 16:45:00,0,normal_high_value,NONE
TX-009510,ACC-01736,ACC-01506,3781.14,2026-09-07 16:31:17,0,normal,NONE
TX-005228,ACC-00359,ACC-00242,17293.84,2026-09-04 10:38:15,0,normal,NONE
TX-011207,ACC-01380,ACC-01147,1317.39,2026-09-08 18:24:44,0,normal,NONE
TX-004682,ACC-01228,ACC-00273,452.0,2026-09-06 21:17:36,0,normal,NONE
TX-005004,ACC-01851,ACC-01451,8825.27,2026-09-06 20:48:30,0,normal,NONE
TX-010653,ACC-01036,ACC-01668,5774.13,2026-09-08 23:34:59,0,normal,NONE
TX-006416,ACC-00869,ACC-00904,14401.15,2026-09-08 23:24:01,0,normal,NONE
TX-004274,ACC-00322,ACC-01776,3038.37,2026-09-06 12:07:31,0,normal,NONE
TX-005471,ACC-01663,ACC-01148,14811.84,2026-09-09 20:54:21,0,normal,NONE
TX-010119,ACC-00880,ACC-01596,716.37,2026-09-08 14:07:27,0,normal,NONE
TX-000088,ACC-01647,ACC-01962,12532.49,2026-09-08 09:35:15,0,normal,NONE
TX-008654,ACC-00571,ACC-00232,6356.41,2026-09-04 18:35:52,0,normal,NONE
TX-003383,ACC-01486,ACC-01585,1291.6,2026-09-05 18:02:09,0,normal,NONE
TX-008773,ACC-00898,ACC-00696,4024.58,2026-09-08 17:28:25,0,normal,NONE
TX-008740,ACC-00135,ACC-00804,886.14,2026-09-01 13:38:40,0,normal,NONE
TX-000404,ACC-01152,ACC-00846,17420.8,2026-09-09 12:24:15,0,normal,NONE
TX-012896,ACC-01165,ACC-00620,22832.8,2026-09-08 23:52:00,0,normal_high_value,NONE
TX-003351,ACC-01932,ACC-00179,2405.96,2026-09-06 22:54:40,0,normal,NONE
TX-011029,ACC-01662,ACC-00138,5386.57,2026-09-08 23:47:11,0,normal,NONE
TX-012156,FRAUD-07-SRC-06,FRAUD-07-COLLECTOR,3401.99,2026-09-07 16:10:00,1,funneling,NET-07
TX-009341,ACC-01548,ACC-01442,12109.8,2026-09-08 20:14:51,0,normal,NONE
TX-002242,ACC-00349,ACC-01379,7033.3,2026-09-07 09:42:54,0,normal,NONE
TX-009446,ACC-01320,ACC-01185,15392.16,2026-09-05 15:00:02,0,normal,NONE
TX-006188,ACC-01863,ACC-01968,6251.69,2026-09-09 17:45:28,0,normal,NONE
TX-008690,ACC-01165,ACC-01231,3759.86,2026-09-07 17:03:56,0,normal,NONE
TX-001028,ACC-01675,ACC-00406,12837.92,2026-09-09 10:59:48,0,normal,NONE
TX-012858,ACC-00689,ACC-01951,43194.97,2026-09-03 09:12:00,0,normal_high_value,NONE
TX-011768,ACC-00612,ACC-01526,14174.43,2026-09-05 15:29:57,0,normal,NONE
TX-005518,ACC-01987,ACC-01878,14343.87,2026-09-04 19:31:54,0,normal,NONE
TX-002437,ACC-01714,ACC-00109,8295.09,2026-09-08 23:37:27,0,normal,NONE
TX-006958,ACC-01014,ACC-01285,936.09,2026-09-04 20:36:56,0,normal,NONE
TX-008949,ACC-00869,ACC-00620,14994.43,2026-09-03 10:18:15,0,normal,NONE
TX-005299,ACC-01112,ACC-01909,16900.54,2026-09-04 14:00:36,0,normal,NONE
TX-001279,ACC-00524,ACC-00617,1642.7,2026-09-04 17:13:55,0,normal,NONE
TX-002043,ACC-01470,ACC-00467,1113.42,2026-09-05 16:01:43,0,normal,NONE
TX-009998,ACC-00045,ACC-00208,4348.86,2026-09-09 17:13:35,0,normal,NONE
TX-005158,ACC-01700,ACC-01193,4796.05,2026-09-01 23:25:44,0,normal,NONE
TX-001426,ACC-00835,ACC-01298,4222.65,2026-09-01 16:35:37,0,normal,NONE
TX-005028,ACC-00533,ACC-00956,539.68,2026-09-02 10:03:47,0,normal,NONE
TX-005282,ACC-00511,ACC-01819,1371.39,2026-09-08 09:57:57,0,normal,NONE
TX-008087,ACC-01815,ACC-00886,5879.61,2026-09-07 13:35:00,0,normal,NONE
TX-001503,ACC-00169,ACC-00604,15170.01,2026-09-09 10:50:17,0,normal,NONE
TX-012906,ACC-01327,ACC-01200,69051.9,2026-09-03 23:38:00,0,normal_high_value,NONE
TX-011350,ACC-00864,ACC-01190,13833.06,2026-09-04 10:26:35,0,normal,NONE
TX-010854,ACC-01026,ACC-00574,14554.1,2026-09-09 23:25:39,0,normal,NONE
TX-006443,ACC-00719,ACC-00603,1750.89,2026-09-07 14:42:44,0,normal,NONE
TX-011369,ACC-00737,ACC-01503,3938.95,2026-09-03 16:01:55,0,normal,NONE
TX-000679,ACC-01436,ACC-00281,7550.49,2026-09-02 11:18:07,0,normal,NONE
TX-009215,ACC-00358,ACC-00226,3336.28,2026-09-04 08:11:37,0,normal,NONE
TX-005266,ACC-01609,ACC-00175,1012.03,2026-09-08 15:22:07,0,normal,NONE
TX-006831,ACC-00400,ACC-00747,8279.47,2026-09-05 16:17:23,0,normal,NONE
TX-008238,ACC-01652,ACC-01466,3338.81,2026-09-09 13:27:04,0,normal,NONE
TX-005054,ACC-01653,ACC-01270,1060.79,2026-09-09 17:45:56,0,normal,NONE
TX-007895,ACC-01115,ACC-01377,4807.34,2026-09-06 08:27:34,0,normal,NONE
TX-006952,ACC-00685,ACC-00851,17715.12,2026-09-03 12:16:58,0,normal,NONE
TX-001071,ACC-01683,ACC-00316,15080.3,2026-09-07 20:15:42,0,normal,NONE
TX-013187,ACC-00719,ACC-01258,80758.08,2026-09-01 19:58:00,0,normal_high_value,NONE
TX-002481,ACC-00848,ACC-00773,5020.0,2026-09-04 23:16:38,0,normal,NONE
TX-012683,ACC-00030,ACC-01671,59800.92,2026-09-03 22:23:00,0,normal_high_value,NONE
TX-003393,ACC-01899,ACC-00567,12690.29,2026-09-07 19:28:39,0,normal,NONE
TX-001100,ACC-01982,ACC-00787,11900.0,2026-09-05 20:57:06,0,normal,NONE
TX-005485,ACC-01746,ACC-01329,1004.59,2026-09-01 13:24:03,0,normal,NONE
TX-011519,ACC-00157,ACC-01574,3915.85,2026-09-01 11:30:55,0,normal,NONE
TX-010273,ACC-00767,ACC-00244,10390.09,2026-09-06 18:58:00,0,normal,NONE
TX-000419,ACC-01501,ACC-01629,6352.13,2026-09-03 23:11:58,0,normal,NONE
TX-008365,ACC-01308,ACC-00836,6647.46,2026-09-03 14:16:40,0,normal,NONE
TX-006202,ACC-00591,ACC-00834,12818.98,2026-09-01 15:58:21,0,normal,NONE
TX-001948,ACC-01287,ACC-00945,9834.04,2026-09-07 21:06:08,0,normal,NONE
TX-003337,ACC-00828,ACC-01876,3299.18,2026-09-06 16:21:47,0,normal,NONE
TX-002300,ACC-01996,ACC-01044,8479.7,2026-09-03 13:04:48,0,normal,NONE
TX-009289,ACC-01441,ACC-01818,9218.9,2026-09-09 20:19:24,0,normal,NONE
TX-008002,ACC-01839,ACC-01335,980.26,2026-09-07 14:06:39,0,normal,NONE
TX-012955,ACC-01161,ACC-01633,59231.53,2026-09-04 23:27:00,0,normal_high_value,NONE
TX-000209,ACC-00976,ACC-00919,14008.75,2026-09-09 11:28:32,0,normal,NONE
TX-010304,ACC-00470,ACC-01431,2452.86,2026-09-08 21:40:31,0,normal,NONE
TX-003683,ACC-01094,ACC-01429,7790.88,2026-09-08 21:59:15,0,normal,NONE
TX-007269,ACC-00357,ACC-00963,6141.4,2026-09-05 11:34:13,0,normal,NONE
TX-006476,ACC-00458,ACC-01259,8227.36,2026-09-03 09:17:32,0,normal,NONE
TX-012873,ACC-00855,ACC-00787,32109.66,2026-09-04 09:00:00,0,normal_high_value,NONE
TX-000529,ACC-00162,ACC-01048,16578.23,2026-09-03 18:25:37,0,normal,NONE
TX-005330,ACC-00473,ACC-00109,10725.88,2026-09-02 16:59:53,0,normal,NONE
TX-000780,ACC-00088,ACC-01370,3737.8,2026-09-06 20:30:58,0,normal,NONE
TX-000723,ACC-01998,ACC-01963,3217.07,2026-09-09 18:45:07,0,normal,NONE
TX-005836,ACC-01440,ACC-00777,16051.55,2026-09-02 21:34:24,0,normal,NONE
TX-008402,ACC-00110,ACC-01628,10444.19,2026-09-01 12:02:31,0,normal,NONE
TX-001861,ACC-00431,ACC-01408,7569.93,2026-09-06 22:51:10,0,normal,NONE
TX-011238,ACC-00047,ACC-01368,7063.91,2026-09-09 16:06:52,0,normal,NONE
TX-012671,ACC-01559,ACC-01587,23852.34,2026-09-04 16:05:00,0,normal_high_value,NONE
TX-011223,ACC-00456,ACC-01943,6813.78,2026-09-05 17:37:12,0,normal,NONE
TX-012018,FRAUD-01-NEXTHOP,FRAUD-01-OUT-01,12566.36,2026-09-05 13:48:00,1,fan_out,NET-01
TX-001993,ACC-00771,ACC-01790,1294.2,2026-09-02 12:50:33,0,normal,NONE
TX-002333,ACC-01179,ACC-00696,8183.77,2026-09-07 08:25:36,0,normal,NONE
TX-009685,ACC-01197,ACC-01329,17986.9,2026-09-05 20:55:06,0,normal,NONE
TX-008760,ACC-00821,ACC-00817,1536.93,2026-09-01 23:56:25,0,normal,NONE
TX-006915,ACC-00101,ACC-01101,11136.47,2026-09-03 14:44:15,0,normal,NONE
TX-003460,ACC-01471,ACC-00398,764.89,2026-09-03 10:26:21,0,normal,NONE
TX-005981,ACC-00024,ACC-00217,17847.5,2026-09-01 10:11:54,0,normal,NONE
TX-008764,ACC-00215,ACC-00039,6141.78,2026-09-01 13:46:24,0,normal,NONE
TX-009247,ACC-00023,ACC-00348,12815.3,2026-09-06 10:42:08,0,normal,NONE
TX-010417,ACC-01522,ACC-01201,1693.05,2026-09-03 20:45:03,0,normal,NONE
TX-008247,ACC-00331,ACC-01302,8783.13,2026-09-09 11:35:04,0,normal,NONE
TX-005493,ACC-00538,ACC-01084,2265.14,2026-09-08 15:40:26,0,normal,NONE
TX-007147,ACC-00106,ACC-00445,12002.58,2026-09-02 21:12:25,0,normal,NONE
TX-004519,ACC-01257,ACC-00868,14665.04,2026-09-09 08:35:57,0,normal,NONE
TX-010939,ACC-01283,ACC-00605,13026.72,2026-09-04 15:03:17,0,normal,NONE
TX-005139,ACC-00099,ACC-01289,6002.99,2026-09-04 20:59:44,0,normal,NONE
TX-007554,ACC-00489,ACC-00741,3294.5,2026-09-02 15:41:01,0,normal,NONE
TX-011036,ACC-01005,ACC-01546,3697.87,2026-09-06 21:14:39,0,normal,NONE
TX-000258,ACC-01194,ACC-01360,2562.88,2026-09-06 17:41:44,0,normal,NONE
TX-010085,ACC-00729,ACC-01123,6184.52,2026-09-03 10:39:27,0,normal,NONE
TX-012354,ACC-00503,ACC-00312,84678.36,2026-09-03 12:17:00,0,normal_high_value,NONE
TX-011414,ACC-00637,ACC-01954,9182.44,2026-09-07 18:27:00,0,normal,NONE
TX-010581,ACC-00247,ACC-01436,4809.98,2026-09-05 10:46:24,0,normal,NONE
TX-011401,ACC-01654,ACC-01289,14471.51,2026-09-05 08:48:00,0,normal,NONE
TX-003626,ACC-00737,ACC-01311,9758.4,2026-09-09 22:09:50,0,normal,NONE
TX-000703,ACC-01641,ACC-01174,8076.81,2026-09-08 22:20:07,0,normal,NONE
TX-003190,ACC-01058,ACC-00088,9807.82,2026-09-09 11:51:46,0,normal,NONE
TX-000504,ACC-01184,ACC-00268,10199.24,2026-09-08 18:57:43,0,normal,NONE
TX-011679,ACC-01160,ACC-01502,13091.15,2026-09-02 11:39:47,0,normal,NONE
TX-005442,ACC-01229,ACC-00551,14234.26,2026-09-08 16:01:14,0,normal,NONE
TX-002557,ACC-01012,ACC-00705,16250.43,2026-09-01 21:05:43,0,normal,NONE
TX-000849,ACC-00335,ACC-00123,3894.1,2026-09-05 23:53:40,0,normal,NONE
TX-002249,ACC-01505,ACC-00822,9910.26,2026-09-06 14:26:57,0,normal,NONE
TX-005617,ACC-01919,ACC-00526,6690.19,2026-09-06 18:37:21,0,normal,NONE
TX-000373,ACC-00509,ACC-00014,4708.92,2026-09-04 22:48:17,0,normal,NONE
TX-011728,ACC-01802,ACC-00533,11337.84,2026-09-03 22:35:51,0,normal,NONE
TX-005318,ACC-01893,ACC-01323,7827.69,2026-09-08 23:10:56,0,normal,NONE
TX-007302,ACC-00672,ACC-01609,10552.24,2026-09-02 11:45:35,0,normal,NONE
TX-005304,ACC-01089,ACC-00701,9013.01,2026-09-02 22:00:06,0,normal,NONE
TX-004053,ACC-01847,ACC-00918,6167.32,2026-09-02 12:11:25,0,normal,NONE
TX-003938,ACC-00187,ACC-00330,14676.89,2026-09-06 17:12:42,0,normal,NONE
TX-013108,ACC-00524,ACC-00495,73185.92,2026-09-02 17:22:00,0,normal_high_value,NONE
TX-006370,ACC-01758,ACC-00997,14035.8,2026-09-08 16:39:12,0,normal,NONE
TX-004077,ACC-01200,ACC-00803,3054.54,2026-09-03 13:11:55,0,normal,NONE
TX-000998,ACC-01017,ACC-01065,13130.74,2026-09-08 23:51:11,0,normal,NONE
TX-004333,ACC-01992,ACC-01088,12663.52,2026-09-05 23:19:11,0,normal,NONE
TX-006492,ACC-01839,ACC-01495,2454.93,2026-09-02 09:47:02,0,normal,NONE
TX-001177,ACC-01962,ACC-00179,17565.59,2026-09-07 14:31:20,0,normal,NONE
TX-012836,ACC-01538,ACC-01169,30343.68,2026-09-05 09:05:00,0,normal_high_value,NONE
TX-000552,ACC-00488,ACC-00860,8866.68,2026-09-01 12:45:17,0,normal,NONE
TX-004841,ACC-01647,ACC-00205,17058.62,2026-09-04 16:50:14,0,normal,NONE
TX-004373,ACC-01091,ACC-00895,8295.76,2026-09-06 11:42:19,0,normal,NONE
TX-003498,ACC-01890,ACC-00491,263.56,2026-09-05 12:15:23,0,normal,NONE
TX-008684,ACC-01510,ACC-00062,8294.45,2026-09-02 09:46:04,0,normal,NONE
TX-005884,ACC-01148,ACC-01818,2195.57,2026-09-03 18:15:11,0,normal,NONE
TX-006658,ACC-00805,ACC-00214,6197.98,2026-09-05 14:26:38,0,normal,NONE
TX-011022,ACC-01228,ACC-01919,3550.82,2026-09-04 18:55:24,0,normal,NONE
TX-011139,ACC-01392,ACC-01319,2406.86,2026-09-09 08:11:58,0,normal,NONE
TX-005177,ACC-00764,ACC-01463,13803.17,2026-09-01 11:29:01,0,normal,NONE
TX-005830,ACC-01512,ACC-00983,16988.27,2026-09-05 11:25:14,0,normal,NONE
TX-011702,ACC-00069,ACC-00373,6582.27,2026-09-09 17:22:35,0,normal,NONE
TX-009080,ACC-00832,ACC-00126,13336.7,2026-09-03 14:24:17,0,normal,NONE
TX-010672,ACC-01405,ACC-00338,9040.55,2026-09-03 08:59:51,0,normal,NONE
TX-010149,ACC-01783,ACC-00998,11906.67,2026-09-02 09:27:23,0,normal,NONE
TX-009402,ACC-00914,ACC-00299,1971.69,2026-09-08 08:55:50,0,normal,NONE
TX-000694,ACC-01596,ACC-00735,11012.22,2026-09-03 23:58:31,0,normal,NONE
TX-002534,ACC-00394,ACC-01052,5058.82,2026-09-09 08:31:20,0,normal,NONE
TX-005012,ACC-00945,ACC-00946,15952.83,2026-09-03 21:56:08,0,normal,NONE
TX-003444,ACC-01031,ACC-00895,3821.62,2026-09-06 18:35:35,0,normal,NONE
TX-000983,ACC-01496,ACC-01575,17298.17,2026-09-05 13:07:57,0,normal,NONE
TX-011134,ACC-01753,ACC-01682,17109.99,2026-09-01 20:36:03,0,normal,NONE
TX-012473,ACC-01763,ACC-00060,32709.97,2026-09-09 13:38:00,0,normal_high_value,NONE
TX-004223,ACC-00157,ACC-01593,13631.86,2026-09-02 23:40:02,0,normal,NONE
TX-000092,ACC-00507,ACC-01721,11485.15,2026-09-09 23:40:15,0,normal,NONE
TX-005653,ACC-00022,ACC-01628,3638.74,2026-09-07 20:19:30,0,normal,NONE
TX-002267,ACC-01696,ACC-01487,1094.96,2026-09-07 09:23:25,0,normal,NONE
TX-009490,ACC-00585,ACC-01683,10302.0,2026-09-04 11:49:57,0,normal,NONE
TX-009449,ACC-01288,ACC-00387,9973.89,2026-09-09 13:24:55,0,normal,NONE
TX-008403,ACC-00700,ACC-01815,17667.57,2026-09-03 09:16:25,0,normal,NONE
TX-008450,ACC-01909,ACC-00857,8722.22,2026-09-08 11:04:00,0,normal,NONE
TX-000262,ACC-00700,ACC-01941,13795.49,2026-09-04 15:08:09,0,normal,NONE
TX-003338,ACC-01205,ACC-00777,7886.88,2026-09-02 18:01:57,0,normal,NONE
TX-005498,ACC-00847,ACC-00537,13767.1,2026-09-07 15:27:32,0,normal,NONE
TX-012495,ACC-00958,ACC-01643,22908.29,2026-09-01 23:15:00,0,normal_high_value,NONE
TX-007164,ACC-00065,ACC-00971,15401.66,2026-09-03 11:57:43,0,normal,NONE
TX-008086,ACC-00197,ACC-01513,3697.2,2026-09-06 23:50:36,0,normal,NONE
TX-000446,ACC-00848,ACC-00795,14029.46,2026-09-09 15:36:33,0,normal,NONE
TX-005112,ACC-00895,ACC-01840,9188.96,2026-09-06 21:34:46,0,normal,NONE
TX-003556,ACC-01927,ACC-00414,10296.89,2026-09-07 20:29:34,0,normal,NONE
TX-002195,ACC-00615,ACC-00083,17474.37,2026-09-04 11:26:27,0,normal,NONE
TX-012009,FRAUD-01-SRC-09,FRAUD-01-COLLECTOR,6521.93,2026-09-05 13:16:00,1,funneling,NET-01
TX-011325,ACC-01602,ACC-00675,14425.05,2026-09-04 10:43:04,0,normal,NONE
TX-007916,ACC-01465,ACC-01875,7229.5,2026-09-01 11:21:28,0,normal,NONE
TX-011962,ACC-00173,ACC-01229,14815.52,2026-09-06 15:43:09,0,normal,NONE
TX-002868,ACC-01020,ACC-00003,17601.13,2026-09-07 14:47:16,0,normal,NONE
TX-002527,ACC-00781,ACC-00969,6841.07,2026-09-03 08:37:44,0,normal,NONE
TX-008799,ACC-00682,ACC-00685,30.55,2026-09-06 14:47:20,0,normal,NONE
TX-010977,ACC-00144,ACC-00238,11579.2,2026-09-01 23:22:23,0,normal,NONE
TX-009037,ACC-00361,ACC-01765,3366.72,2026-09-07 23:38:04,0,normal,NONE
TX-001169,ACC-00919,ACC-01106,17558.87,2026-09-09 17:07:58,0,normal,NONE
TX-004145,ACC-00631,ACC-01251,4738.21,2026-09-07 17:10:01,0,normal,NONE
TX-005150,ACC-00768,ACC-00759,1252.02,2026-09-05 17:06:50,0,normal,NONE
TX-000085,ACC-01252,ACC-01741,13837.44,2026-09-08 21:56:40,0,normal,NONE
TX-003150,ACC-01306,ACC-01096,7110.34,2026-09-01 09:12:01,0,normal,NONE
TX-007788,ACC-01172,ACC-01933,5917.04,2026-09-07 09:53:09,0,normal,NONE
TX-000881,ACC-01621,ACC-00065,5957.87,2026-09-03 09:17:49,0,normal,NONE
TX-009388,ACC-01218,ACC-01412,8325.85,2026-09-02 14:08:23,0,normal,NONE
TX-013070,ACC-01765,ACC-01587,25081.18,2026-09-08 23:07:00,0,normal_high_value,NONE
TX-007822,ACC-00402,ACC-00866,17168.17,2026-09-08 16:50:44,0,normal,NONE
TX-001468,ACC-00026,ACC-01219,12845.12,2026-09-04 12:40:32,0,normal,NONE
TX-009683,ACC-00627,ACC-01085,8505.21,2026-09-06 20:24:09,0,normal,NONE
TX-005642,ACC-01815,ACC-01701,17115.53,2026-09-08 12:44:40,0,normal,NONE
TX-011065,ACC-00608,ACC-00344,8007.43,2026-09-06 16:03:43,0,normal,NONE
TX-000453,ACC-01941,ACC-01424,3631.31,2026-09-06 13:25:20,0,normal,NONE
TX-004327,ACC-01588,ACC-01787,7868.6,2026-09-04 12:08:47,0,normal,NONE
TX-004045,ACC-00604,ACC-01741,4448.29,2026-09-03 21:08:00,0,normal,NONE
TX-010244,ACC-00325,ACC-01326,329.11,2026-09-01 11:24:54,0,normal,NONE
TX-004138,ACC-01567,ACC-00160,9820.27,2026-09-07 22:01:26,0,normal,NONE
TX-003040,ACC-00917,ACC-00153,16047.38,2026-09-09 17:19:16,0,normal,NONE
TX-007360,ACC-00457,ACC-01634,4254.96,2026-09-03 22:33:39,0,normal,NONE
TX-012503,ACC-00467,ACC-01968,49191.91,2026-09-03 17:59:00,0,normal_high_value,NONE
TX-005826,ACC-00482,ACC-00878,8931.05,2026-09-09 14:35:45,0,normal,NONE
TX-007294,ACC-01410,ACC-01282,12461.16,2026-09-09 15:23:42,0,normal,NONE
TX-000580,ACC-01672,ACC-01621,16512.33,2026-09-01 15:36:54,0,normal,NONE
TX-005237,ACC-01795,ACC-00334,13224.6,2026-09-05 09:58:51,0,normal,NONE
TX-009286,ACC-01202,ACC-00004,16944.93,2026-09-07 18:06:55,0,normal,NONE
TX-009742,ACC-01936,ACC-00612,17887.28,2026-09-06 23:14:12,0,normal,NONE
TX-012293,ACC-00627,ACC-00541,35947.75,2026-09-06 15:17:00,0,normal_high_value,NONE
TX-005588,ACC-00278,ACC-00790,11531.69,2026-09-06 17:41:14,0,normal,NONE
TX-011561,ACC-01087,ACC-01920,9686.63,2026-09-03 14:37:28,0,normal,NONE
TX-002468,ACC-01005,ACC-00049,8852.48,2026-09-06 23:39:24,0,normal,NONE
TX-004158,ACC-00410,ACC-01925,8088.85,2026-09-01 11:30:03,0,normal,NONE
TX-007059,ACC-00415,ACC-01033,13239.48,2026-09-02 15:16:27,0,normal,NONE
TX-000414,ACC-00656,ACC-01873,3672.23,2026-09-06 21:02:36,0,normal,NONE
TX-000403,ACC-00462,ACC-00616,15438.59,2026-09-03 22:58:03,0,normal,NONE
TX-004429,ACC-00186,ACC-00770,15384.57,2026-09-06 10:35:22,0,normal,NONE
TX-002085,ACC-00239,ACC-01984,6379.91,2026-09-02 15:46:04,0,normal,NONE
TX-003058,ACC-01407,ACC-00543,7300.73,2026-09-03 10:33:41,0,normal,NONE
TX-011893,ACC-00528,ACC-00042,13742.19,2026-09-07 11:52:43,0,normal,NONE
TX-000165,ACC-01623,ACC-01681,11743.3,2026-09-03 23:02:08,0,normal,NONE
TX-011816,ACC-00139,ACC-01581,7877.77,2026-09-09 18:16:29,0,normal,NONE
TX-004303,ACC-01264,ACC-00387,4118.6,2026-09-03 16:18:08,0,normal,NONE
TX-008604,ACC-00106,ACC-01298,15907.55,2026-09-03 15:21:18,0,normal,NONE
TX-009899,ACC-00959,ACC-00799,17645.36,2026-09-09 13:15:25,0,normal,NONE
TX-003318,ACC-01506,ACC-00791,14474.21,2026-09-07 12:56:56,0,normal,NONE
TX-010615,ACC-01153,ACC-00143,9744.56,2026-09-09 11:09:18,0,normal,NONE
TX-003935,ACC-01770,ACC-01030,14517.12,2026-09-02 16:37:51,0,normal,NONE
TX-001848,ACC-00806,ACC-01697,947.43,2026-09-07 12:40:24,0,normal,NONE
TX-010451,ACC-00693,ACC-00455,4559.64,2026-09-04 21:46:16,0,normal,NONE
TX-001335,ACC-00098,ACC-01129,1396.05,2026-09-01 11:32:27,0,normal,NONE
TX-010820,ACC-00036,ACC-00939,6429.25,2026-09-04 19:06:12,0,normal,NONE
TX-011490,ACC-01844,ACC-01293,2691.07,2026-09-05 09:42:47,0,normal,NONE
TX-000754,ACC-01267,ACC-00130,13612.17,2026-09-01 10:22:59,0,normal,NONE
TX-003065,ACC-01241,ACC-00692,15233.52,2026-09-09 10:41:05,0,normal,NONE
TX-010242,ACC-01953,ACC-01852,14000.43,2026-09-04 16:48:30,0,normal,NONE
TX-000707,ACC-00112,ACC-01673,4028.07,2026-09-08 18:35:49,0,normal,NONE
TX-003492,ACC-01908,ACC-01492,10711.76,2026-09-09 20:51:04,0,normal,NONE
TX-004574,ACC-01624,ACC-01351,2920.85,2026-09-04 12:35:09,0,normal,NONE
TX-010280,ACC-00513,ACC-01197,17399.5,2026-09-07 11:22:11,0,normal,NONE
TX-005581,ACC-01807,ACC-01064,12185.74,2026-09-03 19:46:41,0,normal,NONE
TX-010550,ACC-00922,ACC-01468,4433.16,2026-09-08 12:03:05,0,normal,NONE
TX-003152,ACC-01752,ACC-01627,10337.86,2026-09-02 22:04:22,0,normal,NONE
TX-012396,ACC-01148,ACC-00999,76120.43,2026-09-09 10:23:00,0,normal_high_value,NONE
TX-003800,ACC-01958,ACC-00598,8117.52,2026-09-04 10:41:21,0,normal,NONE
TX-004023,ACC-01138,ACC-00011,9727.96,2026-09-01 20:48:59,0,normal,NONE
TX-007913,ACC-01711,ACC-00228,8952.11,2026-09-09 13:28:14,0,normal,NONE
TX-001075,ACC-01446,ACC-00799,8553.12,2026-09-03 21:00:18,0,normal,NONE
TX-008855,ACC-00017,ACC-01752,4027.81,2026-09-06 15:15:44,0,normal,NONE
TX-010943,ACC-01097,ACC-01359,620.59,2026-09-05 10:36:41,0,normal,NONE
TX-003439,ACC-01424,ACC-01221,2286.96,2026-09-08 11:05:51,0,normal,NONE
TX-007947,ACC-01179,ACC-01324,5532.77,2026-09-07 18:08:58,0,normal,NONE
TX-011839,ACC-01984,ACC-01583,6088.37,2026-09-05 08:12:31,0,normal,NONE
TX-008803,ACC-01697,ACC-00191,14960.93,2026-09-04 12:39:20,0,normal,NONE
TX-002430,ACC-01129,ACC-01164,3476.46,2026-09-03 20:40:36,0,normal,NONE
TX-000247,ACC-00648,ACC-00310,7926.94,2026-09-08 22:40:19,0,normal,NONE
TX-003816,ACC-00533,ACC-01424,13615.96,2026-09-01 13:11:32,0,normal,NONE
TX-006714,ACC-00581,ACC-00825,6666.78,2026-09-07 11:30:10,0,normal,NONE
TX-003633,ACC-01522,ACC-01258,918.94,2026-09-02 22:54:03,0,normal,NONE
TX-008827,ACC-01194,ACC-01270,12411.23,2026-09-08 15:35:20,0,normal,NONE
TX-002263,ACC-01716,ACC-00679,15700.1,2026-09-03 15:29:46,0,normal,NONE
TX-002247,ACC-01887,ACC-01101,2387.92,2026-09-02 11:25:13,0,normal,NONE
TX-000836,ACC-01009,ACC-01840,17736.8,2026-09-05 23:11:48,0,normal,NONE
TX-005065,ACC-01808,ACC-01314,6427.33,2026-09-04 09:04:20,0,normal,NONE
TX-000433,ACC-01742,ACC-00645,301.53,2026-09-04 12:48:52,0,normal,NONE
TX-011918,ACC-01036,ACC-00938,8142.61,2026-09-06 16:46:32,0,normal,NONE
TX-001174,ACC-00240,ACC-00631,465.82,2026-09-04 22:22:05,0,normal,NONE
TX-006699,ACC-01228,ACC-00497,10221.12,2026-09-06 18:29:42,0,normal,NONE
TX-006801,ACC-00822,ACC-00645,1174.6,2026-09-08 16:54:30,0,normal,NONE
TX-004657,ACC-01539,ACC-00791,11052.44,2026-09-07 16:33:28,0,normal,NONE
TX-005290,ACC-00040,ACC-00664,1432.88,2026-09-01 13:33:31,0,normal,NONE
TX-003758,ACC-00357,ACC-00983,9788.62,2026-09-04 08:18:52,0,normal,NONE
TX-008888,ACC-01065,ACC-00028,1951.32,2026-09-02 18:57:52,0,normal,NONE
TX-000251,ACC-01136,ACC-01955,14256.88,2026-09-01 22:58:51,0,normal,NONE
TX-006028,ACC-01683,ACC-01401,5330.44,2026-09-03 10:57:23,0,normal,NONE
TX-012965,ACC-01451,ACC-00048,48058.65,2026-09-07 09:46:00,0,normal_high_value,NONE
TX-006347,ACC-00779,ACC-01827,4590.03,2026-09-02 12:24:51,0,normal,NONE
TX-006261,ACC-01335,ACC-01679,11996.2,2026-09-06 22:32:24,0,normal,NONE
TX-006308,ACC-00755,ACC-01434,5461.74,2026-09-08 09:00:36,0,normal,NONE
TX-003408,ACC-01730,ACC-00265,8357.25,2026-09-09 09:59:22,0,normal,NONE
TX-002730,ACC-00714,ACC-00469,4858.81,2026-09-05 23:10:10,0,normal,NONE
TX-013118,ACC-01752,ACC-01711,73870.17,2026-09-02 22:26:00,0,normal_high_value,NONE
TX-010150,ACC-00395,ACC-00823,815.11,2026-09-05 23:05:11,0,normal,NONE
TX-000434,ACC-01460,ACC-01682,7181.36,2026-09-02 17:10:36,0,normal,NONE
TX-010567,ACC-00294,ACC-01858,9404.47,2026-09-09 20:13:55,0,normal,NONE
TX-010030,ACC-01264,ACC-01369,10079.68,2026-09-06 10:25:22,0,normal,NONE
TX-012046,FRAUD-02-NEXTHOP,FRAUD-02-OUT-04,12654.07,2026-09-06 17:51:00,1,fan_out,NET-02
TX-009328,ACC-00122,ACC-00240,11983.36,2026-09-03 15:06:24,0,normal,NONE
TX-012874,ACC-00391,ACC-01777,51059.13,2026-09-07 14:29:00,0,normal_high_value,NONE
TX-009386,ACC-01898,ACC-00097,1536.35,2026-09-01 20:40:38,0,normal,NONE
TX-010919,ACC-01480,ACC-00060,9497.39,2026-09-03 19:58:37,0,normal,NONE
TX-012181,FRAUD-08-SRC-06,FRAUD-08-COLLECTOR,7720.09,2026-09-07 09:10:00,1,funneling,NET-08
TX-005630,ACC-01492,ACC-00152,9931.17,2026-09-04 15:48:43,0,normal,NONE
TX-004003,ACC-01591,ACC-00019,5670.59,2026-09-06 21:28:03,0,normal,NONE
TX-004754,ACC-00104,ACC-01274,13317.92,2026-09-01 16:45:14,0,normal,NONE
TX-001333,ACC-00163,ACC-01858,14431.77,2026-09-05 12:08:43,0,normal,NONE
TX-009464,ACC-01303,ACC-01212,11007.35,2026-09-02 11:48:53,0,normal,NONE
TX-010191,ACC-01733,ACC-01176,15193.58,2026-09-03 22:55:28,0,normal,NONE
TX-006483,ACC-01306,ACC-00667,4306.9,2026-09-07 12:02:23,0,normal,NONE
TX-001444,ACC-01394,ACC-01888,12771.38,2026-09-04 10:52:39,0,normal,NONE
TX-003682,ACC-01262,ACC-00351,11886.53,2026-09-01 09:28:25,0,normal,NONE
TX-009404,ACC-00074,ACC-01991,2843.74,2026-09-05 13:57:45,0,normal,NONE
TX-004311,ACC-01010,ACC-00921,8424.56,2026-09-04 14:04:26,0,normal,NONE
TX-004900,ACC-00794,ACC-01215,9199.04,2026-09-08 08:13:24,0,normal,NONE
TX-010807,ACC-00694,ACC-01040,6767.08,2026-09-05 10:38:36,0,normal,NONE
TX-007448,ACC-01514,ACC-01426,15344.35,2026-09-09 09:58:43,0,normal,NONE
TX-009852,ACC-00236,ACC-00663,4162.9,2026-09-04 08:00:12,0,normal,NONE
TX-010456,ACC-01823,ACC-01764,6259.14,2026-09-06 15:10:06,0,normal,NONE
TX-010500,ACC-00396,ACC-00840,12496.71,2026-09-03 18:17:11,0,normal,NONE
TX-002570,ACC-01941,ACC-01745,2893.58,2026-09-01 19:06:04,0,normal,NONE
TX-009479,ACC-01371,ACC-01052,12261.79,2026-09-02 09:58:22,0,normal,NONE
TX-004278,ACC-00316,ACC-01552,7600.36,2026-09-07 08:08:12,0,normal,NONE
TX-003667,ACC-00643,ACC-01067,5904.71,2026-09-07 20:18:55,0,normal,NONE
TX-007075,ACC-01544,ACC-01428,37.56,2026-09-07 13:22:15,0,normal,NONE
TX-013122,ACC-00114,ACC-01850,51120.09,2026-09-09 23:04:00,0,normal_high_value,NONE
TX-002447,ACC-00061,ACC-01330,16720.29,2026-09-02 18:05:06,0,normal,NONE
TX-006082,ACC-00332,ACC-01751,17864.61,2026-09-03 11:55:11,0,normal,NONE
TX-005803,ACC-01666,ACC-01776,562.5,2026-09-04 14:50:10,0,normal,NONE
TX-003658,ACC-01103,ACC-01558,15326.97,2026-09-01 16:36:34,0,normal,NONE
TX-010687,ACC-01105,ACC-00453,5342.41,2026-09-09 20:16:36,0,normal,NONE
TX-003173,ACC-01916,ACC-00736,9903.52,2026-09-09 19:24:19,0,normal,NONE
TX-001224,ACC-01071,ACC-01349,12183.81,2026-09-02 12:25:25,0,normal,NONE
TX-010876,ACC-00848,ACC-00692,5458.57,2026-09-07 18:27:24,0,normal,NONE
TX-004167,ACC-00352,ACC-01639,8511.02,2026-09-07 12:00:35,0,normal,NONE
TX-000545,ACC-01057,ACC-00095,17174.35,2026-09-02 22:55:18,0,normal,NONE
TX-001205,ACC-00624,ACC-00059,13405.39,2026-09-02 15:08:54,0,normal,NONE
TX-006464,ACC-00577,ACC-01164,10926.35,2026-09-08 08:13:42,0,normal,NONE
TX-008169,ACC-00946,ACC-00970,11419.28,2026-09-01 16:25:06,0,normal,NONE
TX-012067,FRAUD-03-RELAY,FRAUD-03-NEXTHOP,114189.88,2026-09-02 09:42:00,1,next_hop,NET-03
TX-002638,ACC-01572,ACC-00599,2674.44,2026-09-08 21:23:27,0,normal,NONE
TX-012830,ACC-00939,ACC-01426,56529.69,2026-09-09 16:12:00,0,normal_high_value,NONE
TX-008823,ACC-01342,ACC-00960,6943.92,2026-09-03 22:03:17,0,normal,NONE
TX-013192,ACC-01315,ACC-00839,75076.08,2026-09-03 16:49:00,0,normal_high_value,NONE
TX-008978,ACC-01960,ACC-00107,5172.93,2026-09-09 20:50:47,0,normal,NONE
TX-011551,ACC-00873,ACC-00345,2155.63,2026-09-01 19:12:11,0,normal,NONE
TX-000878,ACC-00381,ACC-01992,1858.88,2026-09-05 12:45:28,0,normal,NONE
TX-010742,ACC-01022,ACC-00921,11218.32,2026-09-02 13:16:03,0,normal,NONE
TX-000197,ACC-01374,ACC-01945,13381.66,2026-09-09 21:37:47,0,normal,NONE
TX-012912,ACC-01492,ACC-01254,32623.98,2026-09-09 20:30:00,0,normal_high_value,NONE
TX-003384,ACC-00721,ACC-01587,10115.42,2026-09-07 15:43:11,0,normal,NONE
TX-004380,ACC-01058,ACC-00430,1793.85,2026-09-08 14:44:00,0,normal,NONE
TX-009133,ACC-01068,ACC-01261,6077.2,2026-09-03 16:34:26,0,normal,NONE
TX-009488,ACC-00213,ACC-01401,16799.51,2026-09-03 18:54:47,0,normal,NONE
TX-002998,ACC-00340,ACC-00826,13616.81,2026-09-07 20:55:49,0,normal,NONE
TX-003909,ACC-01163,ACC-01506,17823.89,2026-09-07 10:22:05,0,normal,NONE
TX-002572,ACC-01932,ACC-01013,14469.12,2026-09-07 23:00:19,0,normal,NONE
TX-011032,ACC-00282,ACC-00943,7190.1,2026-09-05 15:36:26,0,normal,NONE
TX-011430,ACC-01267,ACC-01169,6143.48,2026-09-06 16:06:18,0,normal,NONE
TX-012416,ACC-01029,ACC-00225,25674.46,2026-09-01 14:07:00,0,normal_high_value,NONE
TX-012694,ACC-00933,ACC-00007,33937.64,2026-09-03 21:02:00,0,normal_high_value,NONE
TX-005722,ACC-01046,ACC-00679,9254.52,2026-09-07 15:22:27,0,normal,NONE
TX-004970,ACC-00742,ACC-01663,5197.7,2026-09-05 15:46:35,0,normal,NONE
TX-004712,ACC-01792,ACC-01061,6683.69,2026-09-05 21:06:15,0,normal,NONE
TX-004164,ACC-01353,ACC-01743,365.95,2026-09-03 18:36:11,0,normal,NONE
TX-006074,ACC-01881,ACC-00450,9279.14,2026-09-08 17:37:55,0,normal,NONE
TX-010827,ACC-01887,ACC-00612,4663.18,2026-09-05 20:31:51,0,normal,NONE
TX-012695,ACC-01522,ACC-00027,77901.43,2026-09-09 17:54:00,0,normal_high_value,NONE
TX-002683,ACC-00261,ACC-01757,9187.42,2026-09-02 23:32:04,0,normal,NONE
TX-010222,ACC-00072,ACC-00391,16540.75,2026-09-07 11:55:59,0,normal,NONE
TX-002509,ACC-00944,ACC-01503,8152.57,2026-09-07 22:23:21,0,normal,NONE
TX-006349,ACC-00490,ACC-01390,695.54,2026-09-02 15:48:35,0,normal,NONE
TX-001511,ACC-01203,ACC-01610,9956.02,2026-09-08 22:21:50,0,normal,NONE
TX-004315,ACC-00348,ACC-01278,9071.55,2026-09-05 12:40:18,0,normal,NONE
TX-009103,ACC-01886,ACC-01060,17394.98,2026-09-02 15:26:29,0,normal,NONE
TX-005357,ACC-01876,ACC-00149,7207.71,2026-09-03 15:52:08,0,normal,NONE
TX-005973,ACC-01194,ACC-00251,11834.18,2026-09-02 21:05:11,0,normal,NONE
TX-001245,ACC-00348,ACC-00041,9700.73,2026-09-01 22:42:55,0,normal,NONE
TX-006536,ACC-01595,ACC-01864,4937.04,2026-09-07 16:50:37,0,normal,NONE
TX-007485,ACC-00019,ACC-01179,12012.9,2026-09-05 12:55:40,0,normal,NONE
TX-011674,ACC-01330,ACC-01302,15103.06,2026-09-09 21:32:57,0,normal,NONE
TX-004122,ACC-01807,ACC-01422,1586.56,2026-09-06 09:03:09,0,normal,NONE
TX-004996,ACC-01766,ACC-01398,15469.59,2026-09-09 18:55:45,0,normal,NONE
TX-009598,ACC-00135,ACC-01179,10641.36,2026-09-04 10:31:24,0,normal,NONE
TX-012951,ACC-01678,ACC-00545,31114.2,2026-09-06 10:05:00,0,normal_high_value,NONE
TX-009312,ACC-00911,ACC-00262,11265.51,2026-09-05 09:53:59,0,normal,NONE
TX-011587,ACC-00072,ACC-01881,10654.88,2026-09-05 16:13:11,0,normal,NONE
TX-005263,ACC-01572,ACC-01766,7982.61,2026-09-08 22:28:38,0,normal,NONE
TX-000255,ACC-01249,ACC-00326,6562.89,2026-09-05 20:26:49,0,normal,NONE
TX-010380,ACC-00425,ACC-00272,2914.47,2026-09-07 09:29:00,0,normal,NONE
TX-004512,ACC-00842,ACC-01124,5926.85,2026-09-07 15:42:36,0,normal,NONE
TX-008172,ACC-00021,ACC-00292,15990.97,2026-09-05 23:05:56,0,normal,NONE
TX-005160,ACC-00950,ACC-00956,2267.31,2026-09-01 09:07:07,0,normal,NONE
TX-010934,ACC-01831,ACC-01041,16899.11,2026-09-09 14:10:32,0,normal,NONE
TX-000760,ACC-01940,ACC-00175,5498.35,2026-09-06 14:26:57,0,normal,NONE
TX-005482,ACC-01735,ACC-01790,4169.36,2026-09-04 16:42:08,0,normal,NONE
TX-000655,ACC-00688,ACC-01341,1625.61,2026-09-06 15:47:55,0,normal,NONE
TX-005298,ACC-01478,ACC-00816,1016.13,2026-09-09 18:18:47,0,normal,NONE
TX-005813,ACC-01782,ACC-00946,428.32,2026-09-06 16:25:58,0,normal,NONE
TX-005289,ACC-00399,ACC-01557,3305.87,2026-09-09 08:30:00,0,normal,NONE
TX-002893,ACC-00967,ACC-01280,3548.91,2026-09-04 18:02:54,0,normal,NONE
TX-003402,ACC-00002,ACC-01829,1506.82,2026-09-03 13:28:57,0,normal,NONE
TX-005637,ACC-01109,ACC-01097,16006.71,2026-09-03 12:03:25,0,normal,NONE
TX-001421,ACC-01390,ACC-00347,1079.27,2026-09-06 13:01:45,0,normal,NONE
TX-003045,ACC-01024,ACC-01367,9250.77,2026-09-03 10:00:53,0,normal,NONE
TX-002831,ACC-01124,ACC-01309,1253.24,2026-09-03 11:54:59,0,normal,NONE
TX-008958,ACC-00232,ACC-01866,1925.16,2026-09-05 23:20:03,0,normal,NONE
TX-000329,ACC-00328,ACC-01667,5907.3,2026-09-06 14:48:10,0,normal,NONE
TX-008998,ACC-00771,ACC-00698,2831.8,2026-09-01 11:46:17,0,normal,NONE
TX-000254,ACC-00354,ACC-00081,4474.43,2026-09-08 22:33:33,0,normal,NONE
TX-011938,ACC-00583,ACC-00395,12178.03,2026-09-09 09:50:07,0,normal,NONE
TX-005324,ACC-00464,ACC-00554,16707.16,2026-09-01 17:08:18,0,normal,NONE
TX-007146,ACC-00272,ACC-01413,16526.2,2026-09-07 17:35:59,0,normal,NONE
TX-004378,ACC-00064,ACC-01510,11577.99,2026-09-09 20:45:39,0,normal,NONE
TX-006023,ACC-01652,ACC-00914,17232.52,2026-09-02 11:48:24,0,normal,NONE
TX-005093,ACC-01973,ACC-01409,4687.34,2026-09-01 11:57:24,0,normal,NONE
TX-005378,ACC-00995,ACC-01703,9251.73,2026-09-09 11:34:38,0,normal,NONE
TX-003020,ACC-01746,ACC-01053,7827.78,2026-09-07 20:04:03,0,normal,NONE
TX-003030,ACC-00706,ACC-00040,10007.25,2026-09-02 23:46:40,0,normal,NONE
TX-002637,ACC-01310,ACC-00711,7337.89,2026-09-07 19:29:22,0,normal,NONE
TX-008421,ACC-00608,ACC-00304,10020.83,2026-09-04 11:25:31,0,normal,NONE
TX-007920,ACC-01152,ACC-01615,7605.96,2026-09-08 13:39:11,0,normal,NONE
TX-003019,ACC-01706,ACC-01965,2973.13,2026-09-04 08:00:42,0,normal,NONE
TX-002946,ACC-01083,ACC-00255,16025.89,2026-09-09 08:16:40,0,normal,NONE
TX-003660,ACC-00172,ACC-00363,15312.06,2026-09-02 13:50:04,0,normal,NONE
TX-009372,ACC-00444,ACC-00900,16197.42,2026-09-01 08:46:09,0,normal,NONE
TX-008389,ACC-01575,ACC-01453,6631.08,2026-09-06 20:52:09,0,normal,NONE
TX-007206,ACC-00044,ACC-00801,12492.81,2026-09-02 18:45:50,0,normal,NONE
TX-002664,ACC-00241,ACC-01430,9310.92,2026-09-03 22:18:54,0,normal,NONE
TX-005379,ACC-00425,ACC-00079,5073.24,2026-09-07 11:24:15,0,normal,NONE
TX-006677,ACC-01389,ACC-00723,675.72,2026-09-03 17:12:46,0,normal,NONE
TX-001363,ACC-01141,ACC-00097,17986.72,2026-09-06 16:22:43,0,normal,NONE
TX-006698,ACC-01883,ACC-00230,12402.03,2026-09-02 12:28:22,0,normal,NONE
TX-005534,ACC-00669,ACC-00136,2843.04,2026-09-06 19:21:05,0,normal,NONE
TX-003482,ACC-01484,ACC-00638,16335.77,2026-09-02 20:16:14,0,normal,NONE
TX-012762,ACC-00129,ACC-00818,44364.27,2026-09-03 20:20:00,0,normal_high_value,NONE
TX-009708,ACC-01147,ACC-01302,906.84,2026-09-08 22:39:58,0,normal,NONE
TX-007290,ACC-01917,ACC-01896,5089.89,2026-09-05 21:02:14,0,normal,NONE
TX-011227,ACC-01912,ACC-00718,7193.1,2026-09-02 21:58:00,0,normal,NONE
TX-005113,ACC-00611,ACC-01396,16959.35,2026-09-07 23:58:26,0,normal,NONE
TX-005941,ACC-00527,ACC-01260,6075.97,2026-09-05 08:12:35,0,normal,NONE
TX-006436,ACC-00013,ACC-01482,10063.44,2026-09-05 17:42:36,0,normal,NONE
TX-011534,ACC-00048,ACC-00413,17376.61,2026-09-06 12:41:33,0,normal,NONE
TX-008966,ACC-00230,ACC-01237,17928.3,2026-09-06 10:50:07,0,normal,NONE
TX-002881,ACC-00713,ACC-00621,11603.62,2026-09-08 14:44:55,0,normal,NONE
TX-005840,ACC-01864,ACC-00529,3174.59,2026-09-07 15:24:32,0,normal,NONE
TX-003382,ACC-01649,ACC-00637,14600.64,2026-09-02 14:57:49,0,normal,NONE
TX-011086,ACC-00364,ACC-01045,9017.24,2026-09-06 17:28:02,0,normal,NONE
TX-001303,ACC-01242,ACC-01924,12080.83,2026-09-01 08:16:32,0,normal,NONE
TX-007380,ACC-00055,ACC-01279,8618.05,2026-09-07 13:38:04,0,normal,NONE
TX-004958,ACC-00156,ACC-01367,16234.69,2026-09-02 08:41:12,0,normal,NONE
TX-004837,ACC-01705,ACC-00884,4344.17,2026-09-04 18:04:27,0,normal,NONE
TX-007208,ACC-00487,ACC-00528,550.62,2026-09-08 15:05:55,0,normal,NONE
TX-012160,FRAUD-07-SRC-10,FRAUD-07-COLLECTOR,13694.58,2026-09-07 16:18:00,1,funneling,NET-07
TX-005721,ACC-00853,ACC-00159,5754.72,2026-09-05 19:39:55,0,normal,NONE
TX-006336,ACC-01975,ACC-01006,8103.77,2026-09-06 19:24:44,0,normal,NONE
TX-008493,ACC-00588,ACC-01692,17163.44,2026-09-09 11:24:55,0,normal,NONE
TX-000943,ACC-01276,ACC-01495,17861.59,2026-09-01 20:37:57,0,normal,NONE
TX-010803,ACC-00097,ACC-00385,4085.16,2026-09-09 23:40:13,0,normal,NONE
TX-003236,ACC-01381,ACC-01831,14556.47,2026-09-09 15:21:46,0,normal,NONE
TX-003258,ACC-00298,ACC-00199,4901.54,2026-09-08 16:26:33,0,normal,NONE
TX-011994,ACC-00610,ACC-01676,3766.72,2026-09-03 21:38:29,0,normal,NONE
TX-010576,ACC-00469,ACC-00031,13263.04,2026-09-09 09:33:31,0,normal,NONE
TX-000177,ACC-00521,ACC-00942,4610.77,2026-09-01 22:57:18,0,normal,NONE
TX-000436,ACC-01515,ACC-00287,14233.16,2026-09-02 19:03:06,0,normal,NONE
TX-011558,ACC-00612,ACC-00278,8038.09,2026-09-02 10:27:58,0,normal,NONE
TX-000309,ACC-01127,ACC-01111,5240.71,2026-09-05 13:45:45,0,normal,NONE
TX-001566,ACC-00651,ACC-01319,14169.74,2026-09-01 21:41:52,0,normal,NONE
TX-003965,ACC-00907,ACC-01398,12293.85,2026-09-02 21:39:44,0,normal,NONE
TX-002136,ACC-01791,ACC-01121,7538.29,2026-09-01 17:07:27,0,normal,NONE
TX-011548,ACC-01101,ACC-00237,16241.61,2026-09-08 20:52:03,0,normal,NONE
TX-011627,ACC-01175,ACC-00731,10352.77,2026-09-06 13:58:17,0,normal,NONE
TX-008105,ACC-01532,ACC-00745,15213.78,2026-09-08 20:17:51,0,normal,NONE
TX-004978,ACC-01561,ACC-01213,14371.09,2026-09-06 16:08:35,0,normal,NONE
TX-010941,ACC-00167,ACC-01026,2146.9,2026-09-09 19:15:21,0,normal,NONE
TX-010839,ACC-01753,ACC-01561,10552.9,2026-09-05 18:42:50,0,normal,NONE
TX-000596,ACC-01303,ACC-01814,17336.17,2026-09-06 22:00:16,0,normal,NONE
TX-010992,ACC-01899,ACC-00104,2995.64,2026-09-04 11:01:32,0,normal,NONE
TX-004626,ACC-01724,ACC-00698,6790.78,2026-09-05 23:04:32,0,normal,NONE
TX-005333,ACC-00374,ACC-00812,5607.09,2026-09-02 16:31:55,0,normal,NONE
TX-008927,ACC-01732,ACC-01305,1105.05,2026-09-02 10:10:45,0,normal,NONE
TX-007625,ACC-01067,ACC-01478,11290.55,2026-09-07 10:08:37,0,normal,NONE
TX-011011,ACC-01635,ACC-00473,7490.26,2026-09-04 19:48:14,0,normal,NONE
TX-002624,ACC-00856,ACC-01339,422.65,2026-09-01 11:19:09,0,normal,NONE
TX-011603,ACC-00596,ACC-00102,14290.24,2026-09-05 19:52:10,0,normal,NONE
TX-004573,ACC-00346,ACC-00394,9037.01,2026-09-02 11:22:55,0,normal,NONE
TX-010042,ACC-01581,ACC-00834,5961.66,2026-09-09 20:54:20,0,normal,NONE
TX-012128,FRAUD-06-SRC-03,FRAUD-06-COLLECTOR,13221.08,2026-09-03 13:04:00,1,funneling,NET-06
TX-000232,ACC-00906,ACC-00849,4931.54,2026-09-09 11:22:27,0,normal,NONE
TX-000180,ACC-00408,ACC-00788,15362.97,2026-09-02 15:24:36,0,normal,NONE
TX-000738,ACC-01127,ACC-00734,1330.4,2026-09-06 15:11:33,0,normal,NONE
TX-012736,ACC-01522,ACC-01146,44188.74,2026-09-02 22:52:00,0,normal_high_value,NONE
TX-006859,ACC-00542,ACC-01531,12642.25,2026-09-09 17:09:23,0,normal,NONE
TX-009699,ACC-00511,ACC-00016,11025.05,2026-09-09 15:06:16,0,normal,NONE
TX-003866,ACC-01139,ACC-00877,14245.12,2026-09-09 21:08:13,0,normal,NONE
TX-005866,ACC-01276,ACC-00582,11459.92,2026-09-06 22:25:04,0,normal,NONE
TX-006058,ACC-00265,ACC-00114,11271.32,2026-09-06 14:04:43,0,normal,NONE
TX-007329,ACC-01025,ACC-01345,14577.83,2026-09-01 14:09:22,0,normal,NONE
TX-000110,ACC-01186,ACC-00053,16721.39,2026-09-07 20:45:12,0,normal,NONE
TX-005706,ACC-01878,ACC-00007,12448.78,2026-09-07 13:44:29,0,normal,NONE
TX-006868,ACC-00059,ACC-00697,5672.76,2026-09-08 23:42:52,0,normal,NONE
TX-001322,ACC-01504,ACC-01858,17234.1,2026-09-03 14:55:03,0,normal,NONE
TX-005936,ACC-00856,ACC-00965,1703.29,2026-09-05 21:15:09,0,normal,NONE
TX-001996,ACC-00733,ACC-00140,15706.52,2026-09-03 17:04:34,0,normal,NONE
TX-007501,ACC-00066,ACC-00392,1380.05,2026-09-02 14:55:06,0,normal,NONE
TX-008500,ACC-00973,ACC-00151,2455.62,2026-09-08 23:44:06,0,normal,NONE
TX-013250,ACC-01171,ACC-00042,83777.11,2026-09-09 19:40:00,0,normal_high_value,NONE
TX-012831,ACC-00158,ACC-00007,50674.36,2026-09-02 16:33:00,0,normal_high_value,NONE
TX-000801,ACC-01648,ACC-01519,16343.3,2026-09-02 21:08:16,0,normal,NONE
TX-010026,ACC-00904,ACC-00736,8583.07,2026-09-05 21:50:22,0,normal,NONE
TX-002087,ACC-01051,ACC-01377,13991.28,2026-09-06 09:27:06,0,normal,NONE
TX-005502,ACC-01615,ACC-01843,9615.21,2026-09-07 22:58:06,0,normal,NONE
TX-008431,ACC-00945,ACC-01784,13113.58,2026-09-05 23:59:38,0,normal,NONE
TX-000070,ACC-00396,ACC-00817,5922.15,2026-09-02 16:22:41,0,normal,NONE
TX-005368,ACC-01331,ACC-00270,17652.3,2026-09-07 15:01:53,0,normal,NONE
TX-005683,ACC-01633,ACC-00692,9069.62,2026-09-03 17:47:02,0,normal,NONE
TX-008268,ACC-00983,ACC-01898,4000.15,2026-09-03 22:29:26,0,normal,NONE
TX-008971,ACC-01044,ACC-01102,12989.18,2026-09-05 20:47:37,0,normal,NONE
TX-005171,ACC-00241,ACC-01591,3497.63,2026-09-03 15:13:47,0,normal,NONE
TX-001681,ACC-00179,ACC-01941,5515.79,2026-09-06 10:40:05,0,normal,NONE
TX-000378,ACC-00314,ACC-00932,13464.27,2026-09-06 21:44:35,0,normal,NONE
TX-001470,ACC-01633,ACC-00091,1107.63,2026-09-05 21:32:41,0,normal,NONE
TX-005962,ACC-01216,ACC-01083,16604.09,2026-09-09 15:28:17,0,normal,NONE
TX-002604,ACC-01321,ACC-01400,10047.17,2026-09-01 15:30:02,0,normal,NONE
TX-004182,ACC-01841,ACC-01045,9851.18,2026-09-02 19:55:45,0,normal,NONE
TX-007773,ACC-00757,ACC-00811,7983.71,2026-09-04 10:52:14,0,normal,NONE
TX-007436,ACC-01108,ACC-01868,5776.42,2026-09-06 22:09:13,0,normal,NONE
TX-010285,ACC-01283,ACC-00236,90.34,2026-09-05 12:12:40,0,normal,NONE
TX-012530,ACC-00239,ACC-00497,77541.02,2026-09-08 22:04:00,0,normal_high_value,NONE
TX-004506,ACC-01366,ACC-00478,6098.39,2026-09-09 21:08:48,0,normal,NONE
TX-012606,ACC-00323,ACC-00936,68084.86,2026-09-01 16:04:00,0,normal_high_value,NONE
TX-004231,ACC-00006,ACC-00104,5145.31,2026-09-04 08:45:19,0,normal,NONE
TX-003092,ACC-00232,ACC-01872,8672.29,2026-09-08 13:03:12,0,normal,NONE
TX-002727,ACC-01916,ACC-01154,4408.43,2026-09-02 22:45:51,0,normal,NONE
TX-000478,ACC-01446,ACC-01640,5368.06,2026-09-02 12:20:07,0,normal,NONE
TX-001330,ACC-01661,ACC-00755,11057.34,2026-09-07 21:05:02,0,normal,NONE
TX-002284,ACC-00941,ACC-01167,16430.39,2026-09-01 15:47:12,0,normal,NONE
TX-003733,ACC-00705,ACC-01252,10760.47,2026-09-08 12:20:59,0,normal,NONE
TX-012780,ACC-01432,ACC-01150,81712.78,2026-09-07 13:08:00,0,normal_high_value,NONE
TX-005874,ACC-00935,ACC-01947,12803.34,2026-09-02 10:21:33,0,normal,NONE
TX-007586,ACC-00527,ACC-00666,3406.08,2026-09-04 11:27:48,0,normal,NONE
TX-000752,ACC-00467,ACC-01866,4670.49,2026-09-07 22:40:25,0,normal,NONE
TX-012463,ACC-01608,ACC-00282,73855.09,2026-09-08 19:31:00,0,normal_high_value,NONE
TX-007204,ACC-00989,ACC-00259,6051.63,2026-09-01 17:24:51,0,normal,NONE
TX-011235,ACC-00764,ACC-01629,14085.42,2026-09-03 11:30:18,0,normal,NONE
TX-000874,ACC-00865,ACC-01281,4327.32,2026-09-05 17:41:47,0,normal,NONE
TX-010998,ACC-00296,ACC-00607,13678.27,2026-09-07 12:56:04,0,normal,NONE
TX-011920,ACC-00008,ACC-02000,17114.72,2026-09-08 18:29:26,0,normal,NONE
TX-008627,ACC-01877,ACC-01991,13689.38,2026-09-05 08:45:49,0,normal,NONE
TX-004565,ACC-00177,ACC-00934,2826.0,2026-09-07 12:48:41,0,normal,NONE
TX-001546,ACC-01464,ACC-00071,16070.52,2026-09-09 14:28:44,0,normal,NONE
TX-000740,ACC-00454,ACC-01810,3856.1,2026-09-06 18:23:18,0,normal,NONE
TX-011344,ACC-00694,ACC-00514,8999.54,2026-09-08 23:21:15,0,normal,NONE
TX-002684,ACC-01160,ACC-00338,4462.28,2026-09-07 19:14:52,0,normal,NONE
TX-010157,ACC-00985,ACC-00642,9057.87,2026-09-05 15:23:35,0,normal,NONE
TX-009786,ACC-00261,ACC-00742,2729.42,2026-09-05 14:02:39,0,normal,NONE
TX-005122,ACC-00686,ACC-00459,4842.61,2026-09-07 19:50:20,0,normal,NONE
TX-008807,ACC-00124,ACC-01562,6975.08,2026-09-05 20:01:05,0,normal,NONE
TX-003519,ACC-00617,ACC-00465,17418.52,2026-09-02 14:48:25,0,normal,NONE
TX-006291,ACC-00680,ACC-00693,2713.24,2026-09-08 12:57:03,0,normal,NONE
TX-002355,ACC-01660,ACC-01370,3285.43,2026-09-02 13:01:31,0,normal,NONE
TX-011183,ACC-00592,ACC-00300,12478.82,2026-09-07 18:24:09,0,normal,NONE
TX-010286,ACC-00708,ACC-01391,4680.87,2026-09-02 14:03:46,0,normal,NONE
TX-000774,ACC-01130,ACC-00534,9791.58,2026-09-09 23:41:49,0,normal,NONE
TX-011915,ACC-00689,ACC-01879,17295.23,2026-09-09 21:05:13,0,normal,NONE
TX-011672,ACC-01526,ACC-01029,12380.23,2026-09-08 16:22:50,0,normal,NONE
TX-005201,ACC-01120,ACC-01163,14512.4,2026-09-03 18:51:39,0,normal,NONE
TX-010476,ACC-01181,ACC-01556,6299.84,2026-09-02 18:44:25,0,normal,NONE
TX-000642,ACC-01981,ACC-01572,12285.95,2026-09-08 12:41:11,0,normal,NONE
TX-012401,ACC-01952,ACC-00101,77994.3,2026-09-05 23:45:00,0,normal_high_value,NONE
TX-006978,ACC-00806,ACC-00469,7073.25,2026-09-05 23:11:32,0,normal,NONE
TX-007250,ACC-01766,ACC-01186,2692.47,2026-09-04 15:05:46,0,normal,NONE
TX-003204,ACC-01207,ACC-00052,13596.63,2026-09-02 09:28:37,0,normal,NONE
TX-004310,ACC-00317,ACC-00378,13926.75,2026-09-07 12:58:08,0,normal,NONE
TX-005205,ACC-00200,ACC-01633,13908.93,2026-09-09 18:05:13,0,normal,NONE
TX-006250,ACC-00296,ACC-00402,11078.6,2026-09-01 12:40:24,0,normal,NONE
TX-000866,ACC-01105,ACC-00363,10643.14,2026-09-08 21:33:40,0,normal,NONE
TX-005517,ACC-01208,ACC-01163,17125.95,2026-09-08 15:46:29,0,normal,NONE
TX-009807,ACC-00282,ACC-00930,17407.05,2026-09-09 23:27:40,0,normal,NONE
TX-012680,ACC-01149,ACC-01940,26902.99,2026-09-03 18:36:00,0,normal_high_value,NONE
TX-008465,ACC-01550,ACC-01400,14697.42,2026-09-01 21:11:35,0,normal,NONE
TX-013101,ACC-01460,ACC-01692,49222.78,2026-09-03 15:09:00,0,normal_high_value,NONE
TX-009252,ACC-01049,ACC-01424,12986.25,2026-09-02 15:46:34,0,normal,NONE
TX-008319,ACC-01474,ACC-01951,2404.15,2026-09-07 23:13:29,0,normal,NONE
TX-010623,ACC-01617,ACC-01051,6060.88,2026-09-05 09:23:59,0,normal,NONE
TX-000963,ACC-00473,ACC-01408,489.0,2026-09-02 23:08:32,0,normal,NONE
TX-009669,ACC-00716,ACC-01512,11874.17,2026-09-07 19:45:04,0,normal,NONE
TX-009825,ACC-00093,ACC-01910,3704.23,2026-09-01 12:29:21,0,normal,NONE
TX-011305,ACC-01794,ACC-01211,8842.64,2026-09-07 16:52:34,0,normal,NONE
TX-009272,ACC-00097,ACC-00168,11314.51,2026-09-06 12:39:59,0,normal,NONE
TX-011442,ACC-01077,ACC-00486,4990.57,2026-09-01 13:29:23,0,normal,NONE
TX-003310,ACC-01831,ACC-00470,5971.81,2026-09-04 17:00:02,0,normal,NONE
TX-002167,ACC-00270,ACC-00170,7563.92,2026-09-02 09:28:40,0,normal,NONE
TX-000364,ACC-01481,ACC-01742,16861.32,2026-09-03 21:56:53,0,normal,NONE
TX-010135,ACC-00161,ACC-00087,12575.68,2026-09-01 09:01:56,0,normal,NONE
TX-003724,ACC-01983,ACC-01947,6446.71,2026-09-05 11:35:16,0,normal,NONE
TX-002826,ACC-01896,ACC-00797,10102.37,2026-09-06 13:34:41,0,normal,NONE
TX-007229,ACC-01279,ACC-01009,7627.53,2026-09-03 11:12:17,0,normal,NONE
TX-003598,ACC-00739,ACC-01132,5384.24,2026-09-05 18:25:24,0,normal,NONE
TX-004727,ACC-01688,ACC-01720,5082.25,2026-09-03 20:43:45,0,normal,NONE
TX-000547,ACC-00411,ACC-00598,10157.25,2026-09-05 15:29:23,0,normal,NONE
TX-002941,ACC-00750,ACC-00636,14791.98,2026-09-07 09:35:45,0,normal,NONE
TX-000472,ACC-01290,ACC-00378,3371.24,2026-09-07 20:01:47,0,normal,NONE
TX-001642,ACC-01724,ACC-00345,16669.22,2026-09-02 19:30:11,0,normal,NONE
TX-009931,ACC-00690,ACC-00879,4115.95,2026-09-02 20:31:52,0,normal,NONE
TX-003339,ACC-01412,ACC-00095,7857.69,2026-09-07 21:17:05,0,normal,NONE
TX-011573,ACC-01305,ACC-00734,12346.14,2026-09-09 20:33:23,0,normal,NONE
TX-001173,ACC-00231,ACC-01499,8632.08,2026-09-01 12:43:35,0,normal,NONE
TX-008722,ACC-00137,ACC-00024,8887.18,2026-09-09 12:16:03,0,normal,NONE
TX-005274,ACC-00288,ACC-01227,5513.26,2026-09-03 18:15:30,0,normal,NONE
TX-006086,ACC-00536,ACC-01451,14232.18,2026-09-04 14:54:00,0,normal,NONE
TX-009381,ACC-01967,ACC-00188,8219.98,2026-09-04 09:48:15,0,normal,NONE
TX-010312,ACC-01676,ACC-01904,2001.77,2026-09-05 15:34:29,0,normal,NONE
TX-011381,ACC-01526,ACC-01867,1374.31,2026-09-05 09:18:41,0,normal,NONE
TX-007999,ACC-01643,ACC-00042,14150.41,2026-09-03 23:33:27,0,normal,NONE
TX-011564,ACC-00345,ACC-01830,13400.89,2026-09-03 16:18:15,0,normal,NONE
TX-006419,ACC-01990,ACC-01105,12620.38,2026-09-08 23:55:08,0,normal,NONE
TX-006597,ACC-00413,ACC-01758,10340.42,2026-09-05 11:27:50,0,normal,NONE
TX-011334,ACC-01982,ACC-01574,10573.86,2026-09-02 14:58:33,0,normal,NONE
TX-001411,ACC-00810,ACC-00695,9747.08,2026-09-08 16:41:05,0,normal,NONE
TX-011956,ACC-00589,ACC-00231,4053.8,2026-09-03 19:03:04,0,normal,NONE
TX-012915,ACC-01527,ACC-00766,85252.34,2026-09-02 14:26:00,0,normal_high_value,NONE
TX-006553,ACC-01502,ACC-01039,15767.72,2026-09-03 22:46:12,0,normal,NONE
TX-009855,ACC-00484,ACC-00144,16615.0,2026-09-06 10:38:26,0,normal,NONE
TX-002695,ACC-00550,ACC-01914,4897.1,2026-09-05 15:20:59,0,normal,NONE
TX-000816,ACC-00414,ACC-01742,11830.78,2026-09-09 17:12:02,0,normal,NONE
TX-002132,ACC-00483,ACC-00660,8315.47,2026-09-08 10:58:06,0,normal,NONE
TX-001798,ACC-01282,ACC-00192,17151.67,2026-09-04 14:51:43,0,normal,NONE
TX-004576,ACC-00965,ACC-00670,15596.58,2026-09-09 14:22:38,0,normal,NONE
TX-005191,ACC-01581,ACC-01490,10228.62,2026-09-08 10:44:17,0,normal,NONE
TX-003123,ACC-01091,ACC-00339,13809.49,2026-09-07 10:42:29,0,normal,NONE
TX-005854,ACC-01527,ACC-01969,8540.02,2026-09-08 09:00:44,0,normal,NONE
TX-005366,ACC-01019,ACC-01758,13620.98,2026-09-06 23:07:57,0,normal,NONE
TX-007797,ACC-00615,ACC-01151,10054.19,2026-09-02 20:03:23,0,normal,NONE
TX-004276,ACC-01986,ACC-01663,7362.83,2026-09-07 12:19:34,0,normal,NONE
TX-012262,ACC-00008,ACC-00814,34067.26,2026-09-05 19:12:00,0,normal_high_value,NONE
TX-003090,ACC-00589,ACC-01690,4725.49,2026-09-01 14:19:40,0,normal,NONE
TX-012752,ACC-00090,ACC-01653,79528.01,2026-09-03 09:12:00,0,normal_high_value,NONE
TX-011229,ACC-01011,ACC-01740,7711.97,2026-09-01 10:30:59,0,normal,NONE
TX-013230,ACC-01637,ACC-00477,70525.57,2026-09-04 17:34:00,0,normal_high_value,NONE
TX-008484,ACC-00822,ACC-01057,14373.02,2026-09-02 21:37:11,0,normal,NONE
TX-005254,ACC-00106,ACC-00932,10706.44,2026-09-06 17:51:30,0,normal,NONE
TX-000238,ACC-00087,ACC-00894,356.97,2026-09-02 18:36:27,0,normal,NONE
TX-001533,ACC-01502,ACC-00885,8251.75,2026-09-03 11:25:44,0,normal,NONE
TX-012477,ACC-00883,ACC-00646,64964.19,2026-09-09 10:44:00,0,normal_high_value,NONE
TX-006746,ACC-01393,ACC-00494,4574.61,2026-09-05 21:26:25,0,normal,NONE
TX-003411,ACC-01961,ACC-01388,11204.29,2026-09-05 08:13:44,0,normal,NONE
TX-002832,ACC-00007,ACC-01953,4327.13,2026-09-05 13:07:48,0,normal,NONE
TX-012072,FRAUD-03-NEXTHOP,FRAUD-03-OUT-05,14421.44,2026-09-02 09:52:00,1,fan_out,NET-03
TX-001536,ACC-00843,ACC-01561,9959.77,2026-09-06 10:48:06,0,normal,NONE
TX-003880,ACC-01068,ACC-01171,13830.76,2026-09-02 11:16:07,0,normal,NONE
TX-005303,ACC-00470,ACC-00276,7236.02,2026-09-02 16:47:42,0,normal,NONE
TX-010745,ACC-00418,ACC-00447,13169.23,2026-09-04 17:58:30,0,normal,NONE
TX-006851,ACC-01871,ACC-00634,10936.3,2026-09-03 10:33:58,0,normal,NONE
TX-001300,ACC-00273,ACC-01785,5831.96,2026-09-07 14:45:24,0,normal,NONE
TX-006274,ACC-00382,ACC-01750,8829.63,2026-09-01 16:08:13,0,normal,NONE
TX-005500,ACC-00890,ACC-00561,288.81,2026-09-04 12:14:50,0,normal,NONE
TX-006533,ACC-01808,ACC-01827,11355.53,2026-09-08 14:23:16,0,normal,NONE
TX-013155,ACC-01558,ACC-00396,31633.62,2026-09-08 20:18:00,0,normal_high_value,NONE
TX-010611,ACC-00859,ACC-00268,14349.85,2026-09-09 17:18:14,0,normal,NONE
TX-001481,ACC-00062,ACC-01137,2091.1,2026-09-05 22:12:40,0,normal,NONE
TX-002794,ACC-01838,ACC-00801,14838.95,2026-09-08 11:17:37,0,normal,NONE
TX-001602,ACC-01540,ACC-01957,149.94,2026-09-01 11:13:33,0,normal,NONE
TX-012960,ACC-00281,ACC-00995,67257.56,2026-09-05 15:18:00,0,normal_high_value,NONE
TX-005092,ACC-00048,ACC-00527,15673.83,2026-09-09 18:27:25,0,normal,NONE
TX-002330,ACC-01734,ACC-01744,1597.39,2026-09-08 14:48:04,0,normal,NONE
TX-012059,FRAUD-03-SRC-09,FRAUD-03-COLLECTOR,8543.41,2026-09-02 09:16:00,1,funneling,NET-03
TX-007769,ACC-00509,ACC-00935,1031.0,2026-09-03 21:23:28,0,normal,NONE
TX-008137,ACC-01092,ACC-00651,11006.38,2026-09-03 08:26:13,0,normal,NONE
TX-007225,ACC-01560,ACC-01949,10581.07,2026-09-08 19:04:55,0,normal,NONE
TX-003662,ACC-01782,ACC-00892,9791.05,2026-09-09 23:25:19,0,normal,NONE
TX-009966,ACC-01013,ACC-00037,1900.11,2026-09-01 18:40:33,0,normal,NONE
TX-000556,ACC-00485,ACC-00598,4712.62,2026-09-06 20:44:53,0,normal,NONE
TX-004826,ACC-01387,ACC-00717,6287.14,2026-09-06 10:16:40,0,normal,NONE
TX-001164,ACC-00465,ACC-00992,6706.8,2026-09-05 09:09:22,0,normal,NONE
TX-005681,ACC-00096,ACC-01639,6549.8,2026-09-05 20:33:32,0,normal,NONE
TX-011312,ACC-00410,ACC-00697,4046.8,2026-09-09 17:28:55,0,normal,NONE
TX-004716,ACC-00961,ACC-00934,16558.97,2026-09-02 11:56:48,0,normal,NONE
TX-000398,ACC-00593,ACC-00480,14687.84,2026-09-06 18:15:19,0,normal,NONE
TX-010293,ACC-00010,ACC-01753,11685.4,2026-09-08 09:00:14,0,normal,NONE
TX-002507,ACC-00841,ACC-01456,15838.89,2026-09-04 20:08:53,0,normal,NONE
TX-013172,ACC-01994,ACC-00477,25898.29,2026-09-02 16:10:00,0,normal_high_value,NONE
TX-007506,ACC-00277,ACC-01102,1068.61,2026-09-02 15:32:33,0,normal,NONE
TX-009253,ACC-01507,ACC-00970,16032.98,2026-09-09 23:55:00,0,normal,NONE
TX-008050,ACC-00327,ACC-01857,9634.08,2026-09-05 20:19:38,0,normal,NONE
TX-011607,ACC-00725,ACC-01913,17077.29,2026-09-06 23:39:17,0,normal,NONE
TX-009040,ACC-00159,ACC-00831,10751.44,2026-09-03 12:08:56,0,normal,NONE
TX-000724,ACC-01559,ACC-00722,10129.8,2026-09-07 17:56:54,0,normal,NONE
TX-000301,ACC-01389,ACC-01601,7898.35,2026-09-03 10:15:49,0,normal,NONE
TX-011125,ACC-01721,ACC-00114,17860.03,2026-09-07 19:59:20,0,normal,NONE
TX-012483,ACC-00034,ACC-00984,34871.68,2026-09-09 09:59:00,0,normal_high_value,NONE
TX-004295,ACC-00389,ACC-01742,14716.49,2026-09-08 14:50:43,0,normal,NONE
TX-006871,ACC-00448,ACC-01240,4921.25,2026-09-09 11:20:00,0,normal,NONE
TX-004186,ACC-00151,ACC-00265,6723.54,2026-09-05 23:58:54,0,normal,NONE
TX-007640,ACC-01307,ACC-00570,17723.23,2026-09-08 15:34:07,0,normal,NONE
TX-006546,ACC-00814,ACC-01951,2466.65,2026-09-02 23:18:12,0,normal,NONE
TX-013029,ACC-00286,ACC-01073,68979.41,2026-09-05 14:56:00,0,normal_high_value,NONE
TX-003143,ACC-00439,ACC-01005,12748.38,2026-09-06 12:37:35,0,normal,NONE
TX-011292,ACC-01370,ACC-00975,12222.39,2026-09-06 10:46:07,0,normal,NONE
TX-012711,ACC-01874,ACC-00440,46855.89,2026-09-04 13:30:00,0,normal_high_value,NONE
TX-007077,ACC-00754,ACC-00570,1178.35,2026-09-09 13:20:34,0,normal,NONE
TX-003206,ACC-01342,ACC-00538,10548.45,2026-09-09 10:52:45,0,normal,NONE
TX-004956,ACC-00958,ACC-00080,5772.14,2026-09-03 17:53:20,0,normal,NONE
TX-004583,ACC-01917,ACC-01362,6481.73,2026-09-08 09:38:48,0,normal,NONE
TX-012006,FRAUD-01-SRC-06,FRAUD-01-COLLECTOR,11304.28,2026-09-05 13:10:00,1,funneling,NET-01
TX-012685,ACC-01026,ACC-01525,47741.77,2026-09-03 09:44:00,0,normal_high_value,NONE
TX-012787,ACC-00774,ACC-00412,40403.8,2026-09-03 08:17:00,0,normal_high_value,NONE
TX-012975,ACC-01757,ACC-00114,46287.56,2026-09-09 14:28:00,0,normal_high_value,NONE
TX-010413,ACC-00297,ACC-00335,3858.42,2026-09-05 16:40:36,0,normal,NONE
TX-001153,ACC-00764,ACC-00708,8154.34,2026-09-09 11:30:45,0,normal,NONE
TX-012737,ACC-01809,ACC-00869,66441.29,2026-09-07 11:09:00,0,normal_high_value,NONE
TX-001213,ACC-01752,ACC-01026,14058.82,2026-09-04 10:06:52,0,normal,NONE
TX-004504,ACC-01739,ACC-01192,12569.49,2026-09-03 17:56:28,0,normal,NONE
TX-010874,ACC-01127,ACC-00888,5808.56,2026-09-09 08:29:18,0,normal,NONE
TX-012856,ACC-00908,ACC-01130,83991.16,2026-09-07 20:20:00,0,normal_high_value,NONE
TX-005895,ACC-00556,ACC-01217,2798.82,2026-09-07 23:46:19,0,normal,NONE
TX-009653,ACC-01478,ACC-01881,10338.22,2026-09-08 22:09:09,0,normal,NONE
TX-005428,ACC-01238,ACC-01562,4488.68,2026-09-07 08:24:05,0,normal,NONE
TX-008345,ACC-00840,ACC-00266,5468.77,2026-09-09 21:19:01,0,normal,NONE
TX-012811,ACC-00865,ACC-01968,56929.13,2026-09-05 08:41:00,0,normal_high_value,NONE
TX-000666,ACC-01094,ACC-00409,13157.25,2026-09-01 18:48:53,0,normal,NONE
TX-011940,ACC-01097,ACC-01131,15600.06,2026-09-01 20:38:49,0,normal,NONE
TX-005995,ACC-00715,ACC-00790,2797.9,2026-09-08 16:34:00,0,normal,NONE
TX-000643,ACC-01232,ACC-01641,172.18,2026-09-05 17:45:45,0,normal,NONE
TX-012248,FRAUD-10-NEXTHOP,FRAUD-10-OUT-06,12608.49,2026-09-03 12:53:00,1,fan_out,NET-10
TX-003768,ACC-01220,ACC-01135,6138.31,2026-09-04 08:34:57,0,normal,NONE
TX-004273,ACC-01085,ACC-00433,5115.42,2026-09-05 18:25:25,0,normal,NONE
TX-006124,ACC-00072,ACC-01901,13616.25,2026-09-06 23:12:22,0,normal,NONE
TX-006632,ACC-01452,ACC-00529,12355.17,2026-09-03 10:40:10,0,normal,NONE
TX-000787,ACC-00742,ACC-01233,12917.1,2026-09-02 15:26:51,0,normal,NONE
TX-002858,ACC-01799,ACC-00861,1691.56,2026-09-06 16:47:03,0,normal,NONE
TX-006113,ACC-00460,ACC-01087,11913.42,2026-09-01 20:29:39,0,normal,NONE
TX-003203,ACC-00545,ACC-00826,7478.18,2026-09-02 17:21:40,0,normal,NONE
TX-008338,ACC-01180,ACC-01340,12108.8,2026-09-04 13:20:25,0,normal,NONE
TX-007593,ACC-00110,ACC-00229,10042.56,2026-09-09 15:00:17,0,normal,NONE
TX-004188,ACC-01239,ACC-01075,6977.39,2026-09-03 21:36:39,0,normal,NONE
TX-011700,ACC-01164,ACC-01366,11249.75,2026-09-09 18:49:59,0,normal,NONE
TX-010988,ACC-00429,ACC-01961,15596.06,2026-09-04 15:48:09,0,normal,NONE
TX-004825,ACC-01073,ACC-00745,8936.47,2026-09-09 14:35:45,0,normal,NONE
TX-006068,ACC-01725,ACC-01261,8423.91,2026-09-02 08:48:02,0,normal,NONE
TX-002906,ACC-00200,ACC-01285,10299.24,2026-09-05 14:11:52,0,normal,NONE
TX-004627,ACC-01516,ACC-00755,6383.07,2026-09-05 08:46:28,0,normal,NONE
TX-006818,ACC-01485,ACC-00696,12616.56,2026-09-01 13:44:57,0,normal,NONE
TX-000997,ACC-01737,ACC-00649,4688.69,2026-09-06 12:39:36,0,normal,NONE
TX-007439,ACC-00587,ACC-00176,6669.88,2026-09-08 17:37:15,0,normal,NONE
TX-009469,ACC-01498,ACC-01711,170.92,2026-09-03 19:47:22,0,normal,NONE
TX-006409,ACC-01474,ACC-00233,10084.24,2026-09-01 11:06:12,0,normal,NONE
TX-006251,ACC-01623,ACC-01626,10508.38,2026-09-01 20:17:49,0,normal,NONE
TX-007927,ACC-01325,ACC-01805,4566.86,2026-09-09 21:11:36,0,normal,NONE
TX-005524,ACC-01496,ACC-01742,2903.41,2026-09-04 08:50:00,0,normal,NONE
TX-006276,ACC-01640,ACC-01036,11088.54,2026-09-02 23:02:02,0,normal,NONE
TX-006976,ACC-01905,ACC-00336,9055.25,2026-09-02 22:31:50,0,normal,NONE
TX-000157,ACC-01705,ACC-00316,8980.79,2026-09-05 16:26:53,0,normal,NONE
TX-008721,ACC-01265,ACC-01059,4219.76,2026-09-07 22:29:32,0,normal,NONE
TX-003086,ACC-01779,ACC-01423,4016.42,2026-09-09 19:06:14,0,normal,NONE
TX-010609,ACC-00980,ACC-00154,624.17,2026-09-07 13:10:45,0,normal,NONE
TX-001553,ACC-00389,ACC-01280,3744.01,2026-09-09 20:27:07,0,normal,NONE
TX-008546,ACC-00082,ACC-00806,16135.02,2026-09-08 12:19:44,0,normal,NONE
TX-007338,ACC-01777,ACC-01561,707.73,2026-09-06 10:40:38,0,normal,NONE
TX-008588,ACC-00629,ACC-00224,3095.47,2026-09-04 16:20:37,0,normal,NONE
TX-003796,ACC-01552,ACC-00824,2534.7,2026-09-08 10:13:44,0,normal,NONE
TX-000496,ACC-00843,ACC-01882,1085.96,2026-09-05 12:44:55,0,normal,NONE
TX-010759,ACC-01494,ACC-00382,15882.14,2026-09-09 14:41:07,0,normal,NONE
TX-002322,ACC-01433,ACC-01457,13308.27,2026-09-06 22:47:56,0,normal,NONE
TX-007518,ACC-01453,ACC-01260,15919.26,2026-09-02 09:36:39,0,normal,NONE
TX-006602,ACC-01662,ACC-01920,7872.84,2026-09-03 21:18:05,0,normal,NONE
TX-000152,ACC-01112,ACC-00947,7450.19,2026-09-04 19:39:48,0,normal,NONE
TX-007365,ACC-00503,ACC-00211,13652.28,2026-09-02 19:46:43,0,normal,NONE
TX-010065,ACC-00613,ACC-00804,15290.77,2026-09-09 16:22:36,0,normal,NONE
TX-007792,ACC-00968,ACC-00717,167.97,2026-09-05 13:11:19,0,normal,NONE
TX-009056,ACC-01031,ACC-01275,5024.22,2026-09-06 16:10:31,0,normal,NONE
TX-001739,ACC-01939,ACC-01445,15914.08,2026-09-05 12:26:57,0,normal,NONE
TX-003002,ACC-01025,ACC-01818,5586.49,2026-09-04 13:56:12,0,normal,NONE
TX-011747,ACC-00420,ACC-01740,17336.96,2026-09-07 18:26:01,0,normal,NONE
TX-008461,ACC-01293,ACC-01511,4020.55,2026-09-04 09:41:19,0,normal,NONE
TX-008168,ACC-01985,ACC-00704,2177.32,2026-09-03 20:52:57,0,normal,NONE
TX-011930,ACC-00987,ACC-00586,15749.49,2026-09-06 21:44:56,0,normal,NONE
TX-012982,ACC-01100,ACC-01015,69128.69,2026-09-02 18:48:00,0,normal_high_value,NONE
TX-002884,ACC-00788,ACC-00449,17757.15,2026-09-09 12:07:17,0,normal,NONE
TX-003721,ACC-00485,ACC-00030,2705.8,2026-09-08 19:58:00,0,normal,NONE
TX-011668,ACC-00832,ACC-01119,9316.39,2026-09-04 15:37:51,0,normal,NONE
TX-011475,ACC-00978,ACC-01561,12720.92,2026-09-05 10:05:01,0,normal,NONE
TX-008021,ACC-01631,ACC-00020,17435.96,2026-09-06 09:45:17,0,normal,NONE
TX-005472,ACC-01987,ACC-01355,4399.95,2026-09-03 23:42:51,0,normal,NONE
TX-009149,ACC-01204,ACC-00294,14816.2,2026-09-02 14:39:01,0,normal,NONE
TX-008566,ACC-01236,ACC-01863,6040.84,2026-09-02 10:33:06,0,normal,NONE
TX-002277,ACC-01650,ACC-01424,2331.38,2026-09-05 20:16:40,0,normal,NONE
TX-004824,ACC-00779,ACC-01856,3313.55,2026-09-06 11:44:03,0,normal,NONE
TX-004705,ACC-00795,ACC-00820,11877.06,2026-09-02 22:57:49,0,normal,NONE
TX-004462,ACC-01602,ACC-01984,4894.13,2026-09-05 16:56:35,0,normal,NONE
TX-000344,ACC-01604,ACC-01991,13975.39,2026-09-04 09:37:30,0,normal,NONE
TX-010464,ACC-01504,ACC-00401,595.16,2026-09-03 14:47:27,0,normal,NONE
TX-004137,ACC-00121,ACC-00538,11669.45,2026-09-09 21:48:44,0,normal,NONE
TX-009549,ACC-01294,ACC-00101,15608.84,2026-09-04 14:24:28,0,normal,NONE
TX-008675,ACC-00138,ACC-00605,17794.03,2026-09-05 09:44:42,0,normal,NONE
TX-007516,ACC-00257,ACC-00134,1105.01,2026-09-05 09:04:20,0,normal,NONE
TX-002224,ACC-01571,ACC-01678,443.08,2026-09-05 13:18:22,0,normal,NONE
TX-004197,ACC-01837,ACC-00137,5226.88,2026-09-01 22:59:25,0,normal,NONE
TX-002585,ACC-01690,ACC-01272,8696.31,2026-09-03 16:20:31,0,normal,NONE
TX-006513,ACC-00973,ACC-00117,407.9,2026-09-05 15:57:48,0,normal,NONE
TX-009189,ACC-00217,ACC-01481,959.23,2026-09-08 12:32:48,0,normal,NONE
TX-005082,ACC-00272,ACC-01129,11298.8,2026-09-01 14:10:09,0,normal,NONE
TX-010729,ACC-00444,ACC-00447,664.66,2026-09-01 09:52:37,0,normal,NONE
TX-008109,ACC-01061,ACC-00117,8067.27,2026-09-09 20:02:58,0,normal,NONE
TX-012115,FRAUD-05-SRC-15,FRAUD-05-COLLECTOR,7211.26,2026-09-06 16:28:00,1,funneling,NET-05
TX-010870,ACC-01499,ACC-00045,4477.22,2026-09-09 20:07:40,0,normal,NONE
TX-004735,ACC-01730,ACC-00960,16377.04,2026-09-08 14:14:20,0,normal,NONE
TX-012270,ACC-00551,ACC-00690,75120.84,2026-09-09 08:21:00,0,normal_high_value,NONE
TX-001466,ACC-01629,ACC-00877,15841.29,2026-09-02 18:41:43,0,normal,NONE
TX-004594,ACC-00680,ACC-01132,5830.47,2026-09-06 23:50:23,0,normal,NONE
TX-002235,ACC-01864,ACC-00372,12214.18,2026-09-05 08:26:13,0,normal,NONE
TX-009159,ACC-00427,ACC-00085,2132.82,2026-09-01 20:42:49,0,normal,NONE
TX-003904,ACC-01611,ACC-01294,17542.46,2026-09-06 08:18:42,0,normal,NONE
TX-005841,ACC-01543,ACC-00524,16649.69,2026-09-04 23:28:05,0,normal,NONE
TX-000284,ACC-00963,ACC-00090,11449.36,2026-09-06 16:47:01,0,normal,NONE
TX-012277,ACC-01801,ACC-00183,88140.01,2026-09-04 14:48:00,0,normal_high_value,NONE
TX-006650,ACC-00349,ACC-01219,14887.11,2026-09-08 15:41:33,0,normal,NONE
TX-011361,ACC-00560,ACC-01974,3768.6,2026-09-06 11:15:12,0,normal,NONE
TX-006176,ACC-01731,ACC-01461,14850.78,2026-09-03 21:39:39,0,normal,NONE
TX-009100,ACC-00243,ACC-01381,10028.68,2026-09-02 10:27:47,0,normal,NONE
TX-008510,ACC-00848,ACC-00090,17776.11,2026-09-09 08:23:37,0,normal,NONE
TX-004152,ACC-01050,ACC-01521,13968.41,2026-09-04 09:44:09,0,normal,NONE
TX-009584,ACC-00446,ACC-00159,3697.94,2026-09-03 17:04:18,0,normal,NONE
TX-005939,ACC-00212,ACC-00667,6357.4,2026-09-07 15:58:43,0,normal,NONE
TX-012807,ACC-01733,ACC-00762,24652.16,2026-09-03 08:11:00,0,normal_high_value,NONE
TX-007723,ACC-01379,ACC-00840,3805.18,2026-09-06 16:11:00,0,normal,NONE
TX-009654,ACC-00330,ACC-00290,12563.46,2026-09-05 20:46:43,0,normal,NONE
TX-002122,ACC-01440,ACC-01093,9128.55,2026-09-07 08:31:46,0,normal,NONE
TX-012057,FRAUD-03-SRC-07,FRAUD-03-COLLECTOR,4151.74,2026-09-02 09:12:00,1,funneling,NET-03
TX-012298,ACC-00143,ACC-00369,33295.53,2026-09-04 20:31:00,0,normal_high_value,NONE
TX-005013,ACC-00795,ACC-00502,16978.75,2026-09-08 18:44:02,0,normal,NONE
TX-005860,ACC-00850,ACC-01981,16745.33,2026-09-02 22:13:17,0,normal,NONE
TX-011441,ACC-01124,ACC-00483,16378.97,2026-09-01 19:06:52,0,normal,NONE
TX-007835,ACC-00499,ACC-01765,6775.39,2026-09-08 14:59:09,0,normal,NONE
TX-003162,ACC-01478,ACC-00066,8047.91,2026-09-06 22:59:15,0,normal,NONE
TX-002631,ACC-00576,ACC-01454,5082.6,2026-09-08 14:51:17,0,normal,NONE
TX-010488,ACC-01855,ACC-01013,2135.69,2026-09-09 23:19:31,0,normal,NONE
TX-011279,ACC-01439,ACC-00336,3024.28,2026-09-03 09:34:24,0,normal,NONE
TX-009179,ACC-01471,ACC-00985,4092.11,2026-09-04 13:28:24,0,normal,NONE
TX-011889,ACC-00691,ACC-01617,554.41,2026-09-04 14:12:52,0,normal,NONE
TX-001204,ACC-00639,ACC-01416,6538.98,2026-09-08 18:11:45,0,normal,NONE
TX-012255,ACC-01387,ACC-00790,24025.53,2026-09-07 13:19:00,0,normal_high_value,NONE
TX-010754,ACC-00204,ACC-01905,12904.43,2026-09-06 19:51:06,0,normal,NONE
TX-000617,ACC-00809,ACC-01849,15373.84,2026-09-01 12:07:48,0,normal,NONE
TX-001927,ACC-00617,ACC-01455,6020.62,2026-09-09 23:07:17,0,normal,NONE
TX-003115,ACC-01270,ACC-01468,8841.52,2026-09-08 15:27:28,0,normal,NONE
TX-002642,ACC-01704,ACC-01526,2886.51,2026-09-03 14:52:44,0,normal,NONE
TX-007051,ACC-00849,ACC-00977,17065.5,2026-09-06 11:44:47,0,normal,NONE
TX-011880,ACC-01750,ACC-00721,3141.75,2026-09-06 08:38:42,0,normal,NONE
TX-002563,ACC-01631,ACC-01734,17014.93,2026-09-07 22:55:57,0,normal,NONE
TX-007218,ACC-00062,ACC-00903,220.2,2026-09-06 19:31:00,0,normal,NONE
TX-002729,ACC-00894,ACC-01484,8026.99,2026-09-07 10:27:16,0,normal,NONE
TX-006313,ACC-01886,ACC-01867,11304.0,2026-09-08 10:28:41,0,normal,NONE
TX-005729,ACC-00074,ACC-00673,2791.0,2026-09-04 10:42:14,0,normal,NONE
TX-008857,ACC-00329,ACC-00691,17064.02,2026-09-07 22:20:49,0,normal,NONE
TX-010508,ACC-00096,ACC-01125,3119.56,2026-09-01 14:32:46,0,normal,NONE
TX-010051,ACC-01960,ACC-01845,6745.55,2026-09-03 19:45:31,0,normal,NONE
TX-002127,ACC-01216,ACC-00512,1528.32,2026-09-07 23:33:46,0,normal,NONE
TX-010126,ACC-01921,ACC-00246,5019.39,2026-09-09 17:00:01,0,normal,NONE
TX-010913,ACC-01878,ACC-00772,13731.21,2026-09-07 17:18:57,0,normal,NONE
TX-008154,ACC-00811,ACC-00908,3670.2,2026-09-03 17:00:30,0,normal,NONE
TX-008445,ACC-00753,ACC-01029,392.15,2026-09-05 15:03:25,0,normal,NONE
TX-000806,ACC-00868,ACC-01157,6594.28,2026-09-05 20:48:13,0,normal,NONE
TX-004695,ACC-01722,ACC-01671,8125.44,2026-09-05 09:05:59,0,normal,NONE
TX-012169,FRAUD-07-NEXTHOP,FRAUD-07-OUT-02,10331.8,2026-09-07 16:49:00,1,fan_out,NET-07
TX-008215,ACC-01973,ACC-00542,17060.91,2026-09-08 09:12:43,0,normal,NONE
TX-007932,ACC-00009,ACC-01327,7190.22,2026-09-01 10:09:52,0,normal,NONE
TX-003141,ACC-00358,ACC-00902,1276.49,2026-09-01 18:15:42,0,normal,NONE
TX-004281,ACC-01392,ACC-01487,11433.85,2026-09-02 21:31:51,0,normal,NONE
TX-005339,ACC-01768,ACC-01219,377.43,2026-09-03 13:27:49,0,normal,NONE
TX-012537,ACC-01059,ACC-01162,21841.37,2026-09-03 19:47:00,0,normal_high_value,NONE
TX-000567,ACC-01921,ACC-01321,1531.03,2026-09-05 10:01:04,0,normal,NONE
TX-007034,ACC-01747,ACC-00882,672.2,2026-09-07 13:53:46,0,normal,NONE
TX-000548,ACC-01212,ACC-01991,8890.62,2026-09-04 15:09:00,0,normal,NONE
TX-000027,ACC-00494,ACC-01799,10221.08,2026-09-02 10:46:31,0,normal,NONE
TX-001068,ACC-00527,ACC-00030,13350.9,2026-09-03 12:42:28,0,normal,NONE
TX-003919,ACC-00259,ACC-01692,8270.07,2026-09-03 20:28:00,0,normal,NONE
TX-004487,ACC-01203,ACC-00268,3331.72,2026-09-03 09:23:24,0,normal,NONE
TX-007938,ACC-01506,ACC-01781,8846.65,2026-09-05 13:51:52,0,normal,NONE
TX-005399,ACC-00496,ACC-00038,12192.58,2026-09-02 20:31:44,0,normal,NONE
TX-012871,ACC-01869,ACC-01882,46363.01,2026-09-09 17:20:00,0,normal_high_value,NONE
TX-006189,ACC-00446,ACC-01875,9301.37,2026-09-08 23:38:28,0,normal,NONE
TX-007108,ACC-00115,ACC-01792,3215.04,2026-09-05 12:57:13,0,normal,NONE
TX-010433,ACC-00962,ACC-01915,16891.71,2026-09-07 13:43:29,0,normal,NONE
TX-001222,ACC-00596,ACC-01752,7714.75,2026-09-02 23:43:23,0,normal,NONE
TX-008483,ACC-00373,ACC-01741,13849.44,2026-09-05 20:54:39,0,normal,NONE
TX-002549,ACC-01085,ACC-00395,8579.27,2026-09-04 23:38:45,0,normal,NONE
TX-012549,ACC-00107,ACC-00447,77464.02,2026-09-02 18:47:00,0,normal_high_value,NONE
TX-000438,ACC-00061,ACC-01299,4934.42,2026-09-08 23:14:22,0,normal,NONE
TX-007707,ACC-00931,ACC-00252,7633.71,2026-09-09 22:19:28,0,normal,NONE
TX-011215,ACC-01311,ACC-01964,11759.99,2026-09-02 18:33:40,0,normal,NONE
TX-009600,ACC-00351,ACC-01325,7905.2,2026-09-07 13:47:17,0,normal,NONE
TX-001862,ACC-00369,ACC-00612,202.32,2026-09-03 09:07:21,0,normal,NONE
TX-002700,ACC-00948,ACC-01192,9371.63,2026-09-02 17:40:15,0,normal,NONE
TX-009241,ACC-00538,ACC-01615,15523.25,2026-09-04 20:54:38,0,normal,NONE
TX-008181,ACC-01289,ACC-00191,703.62,2026-09-01 13:16:20,0,normal,NONE
TX-002482,ACC-00022,ACC-01284,12471.57,2026-09-01 22:08:42,0,normal,NONE
TX-007049,ACC-00967,ACC-01357,16720.1,2026-09-07 18:21:48,0,normal,NONE
TX-011171,ACC-00543,ACC-01296,3586.65,2026-09-07 21:54:40,0,normal,NONE
TX-002707,ACC-00876,ACC-01287,17670.91,2026-09-02 23:27:24,0,normal,NONE
TX-007725,ACC-00021,ACC-01405,8098.73,2026-09-08 23:08:33,0,normal,NONE
TX-000327,ACC-00251,ACC-00548,8103.74,2026-09-03 11:03:18,0,normal,NONE
TX-005136,ACC-00669,ACC-00535,4920.73,2026-09-01 19:15:37,0,normal,NONE
TX-005326,ACC-01163,ACC-00588,190.52,2026-09-02 21:44:22,0,normal,NONE
TX-002500,ACC-01667,ACC-00794,13841.14,2026-09-02 15:48:40,0,normal,NONE
TX-001005,ACC-01708,ACC-00693,16602.59,2026-09-08 23:51:02,0,normal,NONE
TX-012149,FRAUD-06-NEXTHOP,FRAUD-06-OUT-07,13407.48,2026-09-03 13:54:00,1,fan_out,NET-06
TX-007473,ACC-00758,ACC-00380,7753.92,2026-09-05 19:43:42,0,normal,NONE
TX-010520,ACC-00248,ACC-00262,9262.11,2026-09-02 20:39:01,0,normal,NONE
TX-004012,ACC-00550,ACC-01715,9953.72,2026-09-09 15:02:23,0,normal,NONE
TX-011847,ACC-00204,ACC-01653,16130.92,2026-09-04 11:04:07,0,normal,NONE
TX-000535,ACC-00260,ACC-01536,14064.61,2026-09-05 11:49:57,0,normal,NONE
TX-003771,ACC-00349,ACC-01333,5320.67,2026-09-05 17:39:48,0,normal,NONE
TX-003961,ACC-00065,ACC-00031,3071.5,2026-09-05 17:12:51,0,normal,NONE
TX-011875,ACC-00178,ACC-01951,12673.04,2026-09-05 21:24:23,0,normal,NONE
TX-009977,ACC-00029,ACC-00575,152.29,2026-09-04 23:59:52,0,normal,NONE
TX-000586,ACC-00002,ACC-00680,16523.77,2026-09-04 12:21:45,0,normal,NONE
TX-010908,ACC-00441,ACC-01196,2368.01,2026-09-04 10:03:38,0,normal,NONE
TX-009211,ACC-00614,ACC-01411,7165.77,2026-09-01 20:14:32,0,normal,NONE
TX-007810,ACC-01847,ACC-00543,3974.94,2026-09-06 23:09:42,0,normal,NONE
TX-005800,ACC-00616,ACC-01995,16665.34,2026-09-02 23:05:00,0,normal,NONE
TX-010785,ACC-00111,ACC-00363,2396.25,2026-09-08 23:24:43,0,normal,NONE
TX-008961,ACC-00292,ACC-00264,17212.87,2026-09-06 15:15:41,0,normal,NONE
TX-000492,ACC-01511,ACC-01205,12410.62,2026-09-07 13:39:08,0,normal,NONE
TX-012182,FRAUD-08-SRC-07,FRAUD-08-COLLECTOR,12203.89,2026-09-07 09:12:00,1,funneling,NET-08
TX-009750,ACC-01731,ACC-01780,9323.93,2026-09-09 16:15:57,0,normal,NONE
TX-010118,ACC-01055,ACC-01088,11339.97,2026-09-09 19:29:45,0,normal,NONE
TX-008979,ACC-00940,ACC-00240,2169.13,2026-09-09 10:26:04,0,normal,NONE
TX-006979,ACC-00151,ACC-01332,4447.81,2026-09-07 18:37:32,0,normal,NONE
TX-006465,ACC-00263,ACC-01972,390.39,2026-09-04 17:42:31,0,normal,NONE
TX-008255,ACC-00153,ACC-00356,9568.92,2026-09-04 22:39:40,0,normal,NONE
TX-010394,ACC-01276,ACC-01271,8140.84,2026-09-03 10:04:04,0,normal,NONE
TX-003549,ACC-00515,ACC-01165,1327.53,2026-09-03 10:23:05,0,normal,NONE
TX-007526,ACC-00082,ACC-00988,150.75,2026-09-03 17:31:18,0,normal,NONE
TX-001917,ACC-01610,ACC-00417,6270.44,2026-09-05 17:46:00,0,normal,NONE
TX-003186,ACC-01660,ACC-00515,8322.19,2026-09-01 11:02:35,0,normal,NONE
TX-007924,ACC-00336,ACC-00898,12916.51,2026-09-04 21:42:34,0,normal,NONE
TX-001911,ACC-00559,ACC-00758,1778.67,2026-09-07 21:12:18,0,normal,NONE
TX-004035,ACC-01730,ACC-00352,10718.49,2026-09-03 13:49:04,0,normal,NONE
TX-007476,ACC-01675,ACC-00949,10047.53,2026-09-05 23:53:27,0,normal,NONE
TX-001134,ACC-00954,ACC-00940,7539.66,2026-09-06 15:56:18,0,normal,NONE
TX-008621,ACC-00347,ACC-00593,3286.63,2026-09-05 15:01:03,0,normal,NONE
TX-005081,ACC-01165,ACC-00472,2521.96,2026-09-06 23:08:48,0,normal,NONE
TX-002519,ACC-01911,ACC-01564,11029.6,2026-09-01 11:50:04,0,normal,NONE
TX-009516,ACC-01295,ACC-00444,9570.31,2026-09-09 11:37:13,0,normal,NONE
TX-001318,ACC-00158,ACC-00505,13833.2,2026-09-02 18:01:18,0,normal,NONE
TX-004369,ACC-01786,ACC-01657,15421.91,2026-09-04 10:22:58,0,normal,NONE
TX-000122,ACC-01475,ACC-00833,8804.63,2026-09-04 23:41:45,0,normal,NONE
TX-010142,ACC-01940,ACC-01413,3831.58,2026-09-09 15:47:46,0,normal,NONE
TX-002450,ACC-00364,ACC-01449,7757.89,2026-09-05 23:05:11,0,normal,NONE
TX-010547,ACC-01386,ACC-01847,809.62,2026-09-07 12:17:34,0,normal,NONE
TX-005663,ACC-00461,ACC-00870,17551.25,2026-09-06 22:38:24,0,normal,NONE
TX-006081,ACC-00724,ACC-00824,245.14,2026-09-08 20:45:08,0,normal,NONE
TX-007636,ACC-01939,ACC-01517,9979.0,2026-09-03 20:41:03,0,normal,NONE
TX-002602,ACC-00811,ACC-01423,2806.61,2026-09-02 14:28:10,0,normal,NONE
TX-006569,ACC-01550,ACC-00339,1237.47,2026-09-04 16:44:33,0,normal,NONE
TX-001523,ACC-01351,ACC-01074,1278.23,2026-09-01 19:33:00,0,normal,NONE
TX-003485,ACC-00747,ACC-01089,4260.59,2026-09-04 16:12:52,0,normal,NONE
TX-002174,ACC-01530,ACC-01725,15084.72,2026-09-01 17:17:35,0,normal,NONE
TX-003284,ACC-00980,ACC-01422,11826.46,2026-09-05 20:08:48,0,normal,NONE
TX-004555,ACC-01797,ACC-00099,1388.91,2026-09-04 10:58:21,0,normal,NONE
TX-003606,ACC-01965,ACC-00103,2770.77,2026-09-02 23:28:56,0,normal,NONE
TX-011420,ACC-00882,ACC-00338,10692.49,2026-09-05 13:01:06,0,normal,NONE
TX-006430,ACC-00980,ACC-01812,17708.7,2026-09-01 16:11:41,0,normal,NONE
TX-009914,ACC-00839,ACC-00178,12141.63,2026-09-04 21:51:11,0,normal,NONE
TX-008700,ACC-01485,ACC-00965,15232.33,2026-09-05 14:48:23,0,normal,NONE
TX-012021,FRAUD-01-NEXTHOP,FRAUD-01-OUT-04,12754.77,2026-09-05 13:51:00,1,fan_out,NET-01
TX-003769,ACC-00480,ACC-01706,16761.6,2026-09-06 13:06:45,0,normal,NONE
TX-005078,ACC-01297,ACC-01661,8996.0,2026-09-07 13:41:50,0,normal,NONE
TX-009071,ACC-00461,ACC-00409,10467.49,2026-09-07 08:47:21,0,normal,NONE
TX-004039,ACC-01961,ACC-00344,4419.32,2026-09-02 09:09:51,0,normal,NONE
TX-003503,ACC-00115,ACC-00928,10206.95,2026-09-04 22:14:06,0,normal,NONE
TX-001408,ACC-01601,ACC-00773,8564.59,2026-09-03 12:32:40,0,normal,NONE
TX-004632,ACC-01504,ACC-00590,15084.84,2026-09-08 08:50:47,0,normal,NONE
TX-007310,ACC-00810,ACC-00374,5768.87,2026-09-06 23:20:37,0,normal,NONE
TX-011505,ACC-00872,ACC-01634,17543.18,2026-09-09 21:24:02,0,normal,NONE
TX-004936,ACC-01137,ACC-00516,5743.74,2026-09-02 18:24:13,0,normal,NONE
TX-008397,ACC-01293,ACC-01318,10601.47,2026-09-09 17:25:48,0,normal,NONE
TX-013040,ACC-00691,ACC-00936,55716.04,2026-09-06 08:37:00,0,normal_high_value,NONE
TX-007404,ACC-01924,ACC-00871,4470.97,2026-09-08 22:14:37,0,normal,NONE
TX-002580,ACC-00511,ACC-01001,10148.1,2026-09-01 18:32:56,0,normal,NONE
TX-008270,ACC-01446,ACC-00492,7349.35,2026-09-01 21:23:49,0,normal,NONE
TX-003270,ACC-00533,ACC-00672,6715.54,2026-09-01 20:31:00,0,normal,NONE
TX-012663,ACC-01772,ACC-01861,88227.64,2026-09-06 14:07:00,0,normal_high_value,NONE
TX-001868,ACC-01451,ACC-01130,11741.6,2026-09-08 23:27:32,0,normal,NONE
TX-005551,ACC-01340,ACC-01249,17358.54,2026-09-07 21:06:46,0,normal,NONE
TX-007392,ACC-01010,ACC-01214,15671.1,2026-09-09 15:08:46,0,normal,NONE
TX-013133,ACC-00379,ACC-01355,65042.94,2026-09-01 23:57:00,0,normal_high_value,NONE
TX-007287,ACC-01813,ACC-01566,8875.86,2026-09-08 13:29:29,0,normal,NONE
TX-002522,ACC-01722,ACC-00136,6545.66,2026-09-06 22:30:21,0,normal,NONE
TX-010422,ACC-01594,ACC-00229,15050.64,2026-09-08 13:53:00,0,normal,NONE
TX-001821,ACC-01790,ACC-01459,8136.55,2026-09-07 14:42:57,0,normal,NONE
TX-007875,ACC-00602,ACC-00782,12628.3,2026-09-02 22:39:35,0,normal,NONE
TX-000052,ACC-00205,ACC-00151,9686.67,2026-09-09 16:08:59,0,normal,NONE
TX-003889,ACC-01238,ACC-01138,11630.8,2026-09-05 18:32:09,0,normal,NONE
TX-006638,ACC-01332,ACC-01425,6850.07,2026-09-01 17:20:26,0,normal,NONE
TX-005188,ACC-01254,ACC-00015,1357.9,2026-09-04 09:38:29,0,normal,NONE
TX-008883,ACC-00971,ACC-01220,13242.61,2026-09-02 20:53:56,0,normal,NONE
TX-003578,ACC-01877,ACC-01075,11181.35,2026-09-09 18:39:25,0,normal,NONE
TX-004566,ACC-00741,ACC-00830,6617.91,2026-09-05 20:55:00,0,normal,NONE
TX-008601,ACC-01960,ACC-01490,4115.18,2026-09-06 11:30:08,0,normal,NONE
TX-007921,ACC-01173,ACC-01244,1005.88,2026-09-08 13:08:45,0,normal,NONE
TX-010904,ACC-01559,ACC-00633,4828.99,2026-09-01 14:19:48,0,normal,NONE
TX-006392,ACC-00448,ACC-01381,3563.12,2026-09-07 19:46:51,0,normal,NONE
TX-011563,ACC-01928,ACC-01794,7937.25,2026-09-01 10:20:42,0,normal,NONE
TX-001859,ACC-00191,ACC-00159,8906.53,2026-09-06 14:25:06,0,normal,NONE
TX-003780,ACC-01558,ACC-01790,2894.57,2026-09-07 11:05:11,0,normal,NONE
TX-012633,ACC-00156,ACC-01719,75628.67,2026-09-06 15:12:00,0,normal_high_value,NONE
TX-004962,ACC-01168,ACC-00711,4222.42,2026-09-09 20:05:36,0,normal,NONE
TX-002810,ACC-00288,ACC-00492,9239.86,2026-09-08 16:58:12,0,normal,NONE
TX-012598,ACC-01485,ACC-00362,32509.63,2026-09-01 23:51:00,0,normal_high_value,NONE
TX-000499,ACC-00155,ACC-01298,14306.88,2026-09-02 20:32:47,0,normal,NONE
TX-011104,ACC-00813,ACC-00960,5680.92,2026-09-08 15:10:44,0,normal,NONE
TX-012227,FRAUD-10-SRC-02,FRAUD-10-COLLECTOR,13064.48,2026-09-03 12:02:00,1,funneling,NET-10
TX-005199,ACC-00341,ACC-00155,4764.1,2026-09-03 18:55:10,0,normal,NONE
TX-005073,ACC-00629,ACC-01402,1494.97,2026-09-02 08:26:06,0,normal,NONE
TX-000426,ACC-00198,ACC-01074,2697.18,2026-09-04 16:52:22,0,normal,NONE
TX-004285,ACC-01984,ACC-00542,13179.97,2026-09-06 14:06:43,0,normal,NONE
TX-009009,ACC-00246,ACC-01427,17339.1,2026-09-08 18:07:38,0,normal,NONE
TX-007678,ACC-00634,ACC-01064,4647.74,2026-09-01 08:02:56,0,normal,NONE
TX-000229,ACC-00930,ACC-00699,2850.22,2026-09-05 18:49:36,0,normal,NONE
TX-007320,ACC-00917,ACC-01393,8723.43,2026-09-08 14:16:57,0,normal,NONE
TX-008651,ACC-00795,ACC-00907,12162.81,2026-09-09 15:36:45,0,normal,NONE
TX-002742,ACC-00352,ACC-01570,4916.63,2026-09-01 09:25:08,0,normal,NONE
TX-005138,ACC-01908,ACC-01532,14848.02,2026-09-07 12:31:08,0,normal,NONE
TX-011589,ACC-01634,ACC-00893,15456.15,2026-09-07 17:09:36,0,normal,NONE
TX-006157,ACC-00381,ACC-01558,8422.81,2026-09-07 23:21:27,0,normal,NONE
TX-007708,ACC-00892,ACC-01653,8250.0,2026-09-07 20:48:03,0,normal,NONE
TX-008399,ACC-00700,ACC-01780,7563.6,2026-09-06 20:40:29,0,normal,NONE
TX-002922,ACC-01042,ACC-01758,10932.09,2026-09-02 15:34:35,0,normal,NONE
TX-006002,ACC-00665,ACC-00732,10515.22,2026-09-09 23:37:46,0,normal,NONE
TX-005719,ACC-00157,ACC-00430,9794.04,2026-09-01 23:34:54,0,normal,NONE
TX-009034,ACC-00814,ACC-01368,4848.03,2026-09-06 20:00:18,0,normal,NONE
TX-005584,ACC-00811,ACC-01427,4383.97,2026-09-01 08:30:15,0,normal,NONE
TX-011167,ACC-01606,ACC-01287,12704.43,2026-09-08 15:56:39,0,normal,NONE
TX-003654,ACC-00949,ACC-01369,12969.22,2026-09-03 21:11:52,0,normal,NONE
TX-008053,ACC-01603,ACC-00444,11898.71,2026-09-06 21:40:15,0,normal,NONE
TX-009148,ACC-00129,ACC-01023,916.7,2026-09-03 12:08:03,0,normal,NONE
TX-001129,ACC-00201,ACC-00486,13284.71,2026-09-04 20:57:14,0,normal,NONE
TX-011983,ACC-00895,ACC-01695,2102.63,2026-09-03 09:45:43,0,normal,NONE
TX-002332,ACC-01804,ACC-01514,2756.65,2026-09-06 10:11:41,0,normal,NONE
TX-002209,ACC-00004,ACC-01251,10793.08,2026-09-07 10:41:14,0,normal,NONE
TX-012682,ACC-01917,ACC-01077,41363.52,2026-09-04 14:20:00,0,normal_high_value,NONE
TX-011787,ACC-00059,ACC-00739,8213.99,2026-09-03 11:25:54,0,normal,NONE
TX-007418,ACC-01519,ACC-00803,6110.4,2026-09-08 12:27:33,0,normal,NONE
TX-003154,ACC-00306,ACC-01317,10397.85,2026-09-06 08:05:19,0,normal,NONE
TX-011808,ACC-00299,ACC-00311,6838.58,2026-09-07 20:59:28,0,normal,NONE
TX-010378,ACC-01783,ACC-01914,10572.94,2026-09-05 19:33:29,0,normal,NONE
TX-009441,ACC-00725,ACC-00499,10979.78,2026-09-03 10:07:22,0,normal,NONE
TX-012729,ACC-00800,ACC-01606,43622.95,2026-09-08 22:26:00,0,normal_high_value,NONE
TX-006241,ACC-00613,ACC-01050,12594.48,2026-09-03 17:11:47,0,normal,NONE
TX-004991,ACC-00035,ACC-01323,6045.52,2026-09-07 21:54:45,0,normal,NONE
TX-002375,ACC-00523,ACC-00699,14529.65,2026-09-08 22:42:06,0,normal,NONE
TX-006674,ACC-01299,ACC-00562,16184.68,2026-09-07 13:52:19,0,normal,NONE
TX-001633,ACC-00432,ACC-01737,13193.19,2026-09-04 09:59:55,0,normal,NONE
TX-008360,ACC-01698,ACC-00674,7857.29,2026-09-05 12:01:05,0,normal,NONE
TX-002299,ACC-00229,ACC-01550,17023.63,2026-09-08 08:20:57,0,normal,NONE
TX-008519,ACC-01718,ACC-01595,12227.79,2026-09-03 22:46:08,0,normal,NONE
TX-004253,ACC-01538,ACC-00131,5221.17,2026-09-02 18:46:15,0,normal,NONE
TX-006907,ACC-01881,ACC-00408,1587.17,2026-09-08 09:46:10,0,normal,NONE
TX-002722,ACC-00557,ACC-00421,15874.88,2026-09-08 21:50:56,0,normal,NONE
TX-010110,ACC-01042,ACC-00966,116.55,2026-09-01 08:02:34,0,normal,NONE
TX-010665,ACC-01684,ACC-00753,2281.61,2026-09-03 08:02:35,0,normal,NONE
TX-007961,ACC-01304,ACC-01566,7092.33,2026-09-05 23:09:50,0,normal,NONE
TX-010851,ACC-01385,ACC-01586,2344.86,2026-09-06 22:38:01,0,normal,NONE
TX-001737,ACC-01900,ACC-00273,4882.42,2026-09-01 15:52:13,0,normal,NONE
TX-011769,ACC-00912,ACC-00340,2898.64,2026-09-09 19:20:27,0,normal,NONE
TX-009821,ACC-01872,ACC-00138,1087.52,2026-09-07 19:55:54,0,normal,NONE
TX-005737,ACC-00897,ACC-01987,1458.28,2026-09-01 21:11:42,0,normal,NONE
TX-009027,ACC-01819,ACC-01811,5375.07,2026-09-07 10:47:24,0,normal,NONE
TX-009847,ACC-00700,ACC-01330,3853.78,2026-09-02 22:03:08,0,normal,NONE
TX-008547,ACC-00552,ACC-01600,7660.96,2026-09-06 23:44:31,0,normal,NONE
TX-009605,ACC-01501,ACC-01687,14981.59,2026-09-09 23:44:17,0,normal,NONE
TX-005095,ACC-01145,ACC-01008,9564.56,2026-09-09 22:46:56,0,normal,NONE
TX-002641,ACC-00704,ACC-01038,16531.01,2026-09-03 18:34:40,0,normal,NONE
TX-007440,ACC-00240,ACC-00832,6833.97,2026-09-09 11:27:49,0,normal,NONE
TX-008824,ACC-01757,ACC-00492,9215.74,2026-09-06 12:55:55,0,normal,NONE
TX-012655,ACC-01121,ACC-00074,77235.23,2026-09-03 15:26:00,0,normal_high_value,NONE
TX-009506,ACC-00115,ACC-00929,17993.29,2026-09-03 18:01:29,0,normal,NONE
TX-010761,ACC-00100,ACC-00767,11509.26,2026-09-02 11:25:39,0,normal,NONE
TX-002551,ACC-00013,ACC-00163,3181.8,2026-09-04 16:09:56,0,normal,NONE
TX-007461,ACC-00037,ACC-00471,15445.59,2026-09-09 17:24:38,0,normal,NONE
TX-012104,FRAUD-05-SRC-04,FRAUD-05-COLLECTOR,7323.31,2026-09-06 16:06:00,1,funneling,NET-05
TX-000939,ACC-00320,ACC-01552,13118.19,2026-09-02 11:47:03,0,normal,NONE
TX-006769,ACC-00633,ACC-01085,4307.47,2026-09-04 23:07:23,0,normal,NONE
TX-008577,ACC-00856,ACC-00167,7049.5,2026-09-02 23:51:29,0,normal,NONE
TX-011737,ACC-00704,ACC-01469,15773.21,2026-09-07 17:01:22,0,normal,NONE
TX-006450,ACC-01117,ACC-00230,2535.9,2026-09-02 22:04:56,0,normal,NONE
TX-013203,ACC-01355,ACC-00299,73065.44,2026-09-04 10:47:00,0,normal_high_value,NONE
TX-006435,ACC-01670,ACC-00962,17701.63,2026-09-01 23:30:23,0,normal,NONE
TX-012882,ACC-01774,ACC-00877,86840.42,2026-09-08 17:54:00,0,normal_high_value,NONE
TX-004853,ACC-00235,ACC-01943,12123.18,2026-09-08 12:24:57,0,normal,NONE
TX-002645,ACC-01401,ACC-01454,14183.28,2026-09-08 11:20:46,0,normal,NONE
TX-011580,ACC-01982,ACC-00835,7849.84,2026-09-02 12:17:22,0,normal,NONE
TX-003166,ACC-01608,ACC-00578,3186.95,2026-09-02 17:01:50,0,normal,NONE
TX-003640,ACC-01404,ACC-01661,4706.9,2026-09-07 14:58:12,0,normal,NONE
TX-005070,ACC-00626,ACC-00667,17783.4,2026-09-05 11:50:35,0,normal,NONE
TX-007540,ACC-01800,ACC-00160,14288.93,2026-09-06 08:18:12,0,normal,NONE
TX-006530,ACC-01691,ACC-00713,9210.95,2026-09-04 18:56:41,0,normal,NONE
TX-009315,ACC-00166,ACC-01395,13333.56,2026-09-08 15:07:24,0,normal,NONE
TX-004488,ACC-00287,ACC-01342,515.01,2026-09-01 10:07:48,0,normal,NONE
TX-002062,ACC-01180,ACC-01013,11394.68,2026-09-04 13:56:29,0,normal,NONE
TX-004646,ACC-01583,ACC-01861,4436.93,2026-09-09 12:55:15,0,normal,NONE
TX-012446,ACC-00533,ACC-00072,25362.49,2026-09-08 16:35:00,0,normal_high_value,NONE
TX-002813,ACC-01689,ACC-01986,9029.36,2026-09-04 12:21:43,0,normal,NONE
TX-012432,ACC-01676,ACC-01129,52138.63,2026-09-07 23:48:00,0,normal_high_value,NONE
TX-011445,ACC-00413,ACC-00877,10373.45,2026-09-07 15:19:02,0,normal,NONE
TX-012808,ACC-00783,ACC-01858,27645.62,2026-09-05 13:58:00,0,normal_high_value,NONE
TX-012528,ACC-01265,ACC-01239,87471.7,2026-09-07 11:58:00,0,normal_high_value,NONE
TX-002550,ACC-00382,ACC-00961,5199.38,2026-09-01 22:11:32,0,normal,NONE
TX-009335,ACC-00397,ACC-01748,8552.93,2026-09-03 18:52:07,0,normal,NONE
TX-000889,ACC-01297,ACC-00890,5854.75,2026-09-03 16:37:07,0,normal,NONE
TX-010554,ACC-00929,ACC-01466,5479.9,2026-09-05 16:44:38,0,normal,NONE
TX-011066,ACC-01397,ACC-01394,16015.0,2026-09-08 08:46:52,0,normal,NONE
TX-004175,ACC-01960,ACC-00457,8264.36,2026-09-04 08:11:35,0,normal,NONE
TX-006840,ACC-01492,ACC-00419,5831.29,2026-09-09 23:23:48,0,normal,NONE
TX-011600,ACC-00598,ACC-00355,8332.06,2026-09-04 16:09:19,0,normal,NONE
TX-001025,ACC-00351,ACC-00146,5618.57,2026-09-06 22:03:08,0,normal,NONE
TX-004849,ACC-01068,ACC-01743,12736.32,2026-09-05 15:27:56,0,normal,NONE
TX-011522,ACC-01156,ACC-00831,12717.12,2026-09-06 10:24:18,0,normal,NONE
TX-011796,ACC-00431,ACC-00614,17236.69,2026-09-09 19:26:16,0,normal,NONE
TX-001952,ACC-01260,ACC-01858,5456.97,2026-09-04 19:08:39,0,normal,NONE
TX-008471,ACC-01289,ACC-01883,13634.7,2026-09-04 17:31:09,0,normal,NONE
TX-000352,ACC-00572,ACC-01143,5387.01,2026-09-05 17:45:13,0,normal,NONE
TX-010565,ACC-01109,ACC-01022,12637.8,2026-09-08 15:08:44,0,normal,NONE
TX-000984,ACC-00270,ACC-01967,3667.27,2026-09-05 08:29:31,0,normal,NONE
TX-005481,ACC-01923,ACC-00607,11933.94,2026-09-06 19:31:00,0,normal,NONE
TX-011378,ACC-01367,ACC-00253,7355.75,2026-09-01 10:34:52,0,normal,NONE
TX-006703,ACC-01469,ACC-00566,15018.2,2026-09-04 20:16:56,0,normal,NONE
TX-004798,ACC-01476,ACC-00780,9778.65,2026-09-08 14:23:41,0,normal,NONE
TX-006873,ACC-01993,ACC-01656,7817.04,2026-09-01 12:33:22,0,normal,NONE
TX-003663,ACC-01831,ACC-00018,1889.58,2026-09-02 18:16:35,0,normal,NONE
TX-008508,ACC-00852,ACC-01311,5755.36,2026-09-08 12:33:00,0,normal,NONE
TX-004658,ACC-01048,ACC-00602,10604.48,2026-09-03 13:17:52,0,normal,NONE
TX-006415,ACC-00642,ACC-00506,16872.54,2026-09-05 13:15:34,0,normal,NONE
TX-006962,ACC-00418,ACC-01993,1960.39,2026-09-02 21:15:29,0,normal,NONE
TX-003151,ACC-00570,ACC-00619,4268.45,2026-09-07 10:52:36,0,normal,NONE
TX-008305,ACC-00103,ACC-01120,12681.59,2026-09-02 22:48:20,0,normal,NONE
TX-007581,ACC-01542,ACC-01082,2642.48,2026-09-04 09:41:27,0,normal,NONE
TX-004814,ACC-00645,ACC-00553,11436.15,2026-09-06 08:15:35,0,normal,NONE
TX-007140,ACC-00277,ACC-00449,7099.77,2026-09-01 17:54:56,0,normal,NONE
TX-005970,ACC-01068,ACC-01119,829.22,2026-09-06 17:26:39,0,normal,NONE
TX-012608,ACC-01024,ACC-00227,54023.0,2026-09-07 17:17:00,0,normal_high_value,NONE
TX-009331,ACC-00640,ACC-00490,10548.84,2026-09-08 15:35:17,0,normal,NONE
TX-005144,ACC-01741,ACC-01607,11689.16,2026-09-04 15:55:01,0,normal,NONE
TX-002940,ACC-00552,ACC-01048,4116.65,2026-09-06 19:42:03,0,normal,NONE
TX-008300,ACC-00472,ACC-01555,12434.71,2026-09-07 22:21:29,0,normal,NONE
TX-004511,ACC-01121,ACC-01908,4058.41,2026-09-05 14:42:18,0,normal,NONE
TX-001341,ACC-01530,ACC-01238,4682.53,2026-09-02 21:34:01,0,normal,NONE
TX-012419,ACC-00878,ACC-00512,54850.95,2026-09-05 22:33:00,0,normal_high_value,NONE
TX-001392,ACC-00011,ACC-00929,6114.87,2026-09-04 15:22:19,0,normal,NONE
TX-008544,ACC-00313,ACC-00560,12672.86,2026-09-05 17:50:30,0,normal,NONE
TX-008152,ACC-00994,ACC-00501,658.21,2026-09-06 10:51:46,0,normal,NONE
TX-010283,ACC-00044,ACC-01484,8541.29,2026-09-09 08:38:32,0,normal,NONE
TX-012919,ACC-00963,ACC-00273,40144.61,2026-09-09 09:48:00,0,normal_high_value,NONE
TX-009746,ACC-00210,ACC-01346,17227.85,2026-09-06 11:19:37,0,normal,NONE
TX-009435,ACC-01578,ACC-00992,12081.79,2026-09-05 12:42:00,0,normal,NONE
TX-006147,ACC-01743,ACC-01756,17130.55,2026-09-08 14:52:50,0,normal,NONE
TX-006368,ACC-00819,ACC-01173,13667.13,2026-09-04 16:17:51,0,normal,NONE
TX-001584,ACC-01961,ACC-00523,13887.44,2026-09-06 23:40:44,0,normal,NONE
TX-001413,ACC-00175,ACC-00395,17193.93,2026-09-09 09:36:33,0,normal,NONE
TX-007468,ACC-01138,ACC-00123,11363.04,2026-09-09 22:07:29,0,normal,NONE
TX-011595,ACC-01280,ACC-00157,12012.55,2026-09-08 14:18:44,0,normal,NONE
TX-002257,ACC-01249,ACC-00512,3012.93,2026-09-08 10:23:01,0,normal,NONE
TX-009809,ACC-00676,ACC-00880,5129.6,2026-09-04 08:39:39,0,normal,NONE
TX-010091,ACC-00845,ACC-00923,16255.95,2026-09-08 23:53:39,0,normal,NONE
TX-007585,ACC-00866,ACC-00801,5748.47,2026-09-02 23:18:27,0,normal,NONE
TX-002213,ACC-00335,ACC-00816,12288.47,2026-09-02 22:51:05,0,normal,NONE
TX-005604,ACC-00940,ACC-00488,5657.84,2026-09-06 11:18:39,0,normal,NONE
TX-002623,ACC-00441,ACC-01323,3450.32,2026-09-07 19:04:17,0,normal,NONE
TX-008749,ACC-00108,ACC-01467,9700.08,2026-09-09 20:02:58,0,normal,NONE
TX-006005,ACC-01806,ACC-01194,12675.99,2026-09-02 20:55:35,0,normal,NONE
TX-005418,ACC-00846,ACC-00825,7775.79,2026-09-09 11:54:11,0,normal,NONE
TX-004939,ACC-00627,ACC-00743,15877.09,2026-09-09 22:08:40,0,normal,NONE
TX-009673,ACC-00391,ACC-00051,12369.31,2026-09-04 12:04:17,0,normal,NONE
TX-003625,ACC-01612,ACC-01705,10820.95,2026-09-03 16:03:24,0,normal,NONE
TX-008583,ACC-01638,ACC-01089,13549.95,2026-09-05 18:39:23,0,normal,NONE
TX-004268,ACC-00715,ACC-01879,14668.8,2026-09-08 17:42:20,0,normal,NONE
TX-011901,ACC-00898,ACC-01660,12905.89,2026-09-05 11:35:58,0,normal,NONE
TX-000464,ACC-00202,ACC-00530,4011.58,2026-09-09 15:28:23,0,normal,NONE
TX-001755,ACC-00317,ACC-00500,1024.64,2026-09-05 11:01:52,0,normal,NONE
TX-007317,ACC-01946,ACC-00708,2087.11,2026-09-02 22:09:47,0,normal,NONE
TX-008100,ACC-00977,ACC-01895,6087.67,2026-09-07 21:13:47,0,normal,NONE
TX-005639,ACC-00864,ACC-01999,10393.05,2026-09-01 17:16:26,0,normal,NONE
TX-011020,ACC-01567,ACC-01718,12355.33,2026-09-04 16:58:39,0,normal,NONE
TX-006381,ACC-01276,ACC-01453,12529.88,2026-09-03 15:36:18,0,normal,NONE
TX-009573,ACC-01611,ACC-01996,16955.13,2026-09-03 23:03:19,0,normal,NONE
TX-010477,ACC-01250,ACC-01206,14944.99,2026-09-03 11:59:41,0,normal,NONE
TX-000379,ACC-01870,ACC-00965,13637.16,2026-09-04 15:43:48,0,normal,NONE
TX-003107,ACC-00865,ACC-01976,6559.5,2026-09-06 17:11:32,0,normal,NONE
TX-004804,ACC-00614,ACC-01061,5651.15,2026-09-03 08:55:42,0,normal,NONE
TX-001336,ACC-00846,ACC-00194,8374.52,2026-09-05 19:16:37,0,normal,NONE
TX-011657,ACC-00906,ACC-00397,1778.86,2026-09-04 20:47:11,0,normal,NONE
TX-012843,ACC-00741,ACC-01811,45928.65,2026-09-05 08:03:00,0,normal_high_value,NONE
TX-002717,ACC-00505,ACC-01732,7327.11,2026-09-04 22:39:10,0,normal,NONE
TX-008486,ACC-01409,ACC-01346,2601.62,2026-09-09 17:20:16,0,normal,NONE
TX-012285,ACC-01632,ACC-00355,21160.89,2026-09-06 23:19:00,0,normal_high_value,NONE
TX-005447,ACC-00009,ACC-01707,6947.84,2026-09-04 13:27:48,0,normal,NONE
TX-009091,ACC-00644,ACC-00425,13254.13,2026-09-06 10:13:20,0,normal,NONE
TX-011953,ACC-00996,ACC-00113,5043.62,2026-09-04 21:16:00,0,normal,NONE
TX-008573,ACC-00541,ACC-01118,11234.49,2026-09-01 18:38:09,0,normal,NONE
TX-001812,ACC-01791,ACC-00947,12051.33,2026-09-06 22:29:41,0,normal,NONE
TX-006323,ACC-01019,ACC-01746,16930.14,2026-09-07 19:00:36,0,normal,NONE
TX-008482,ACC-00517,ACC-00536,16562.11,2026-09-08 21:21:45,0,normal,NONE
TX-008102,ACC-00064,ACC-01765,14562.02,2026-09-06 15:32:11,0,normal,NONE
TX-001895,ACC-00154,ACC-00541,5941.33,2026-09-07 16:44:10,0,normal,NONE
TX-011298,ACC-01127,ACC-00899,15793.12,2026-09-06 21:31:59,0,normal,NONE
TX-013089,ACC-00152,ACC-01845,63659.57,2026-09-01 23:19:00,0,normal_high_value,NONE
TX-012992,ACC-01222,ACC-01268,30979.79,2026-09-07 12:19:00,0,normal_high_value,NONE
TX-008560,ACC-00969,ACC-00229,4050.47,2026-09-01 09:11:21,0,normal,NONE
TX-006222,ACC-01275,ACC-01974,6065.09,2026-09-06 21:51:11,0,normal,NONE
TX-007967,ACC-00269,ACC-00249,2333.61,2026-09-03 21:22:32,0,normal,NONE
TX-001190,ACC-01829,ACC-00590,7520.48,2026-09-08 15:01:07,0,normal,NONE
TX-005195,ACC-00372,ACC-01943,17850.09,2026-09-07 15:57:46,0,normal,NONE
TX-008862,ACC-00796,ACC-01648,16461.58,2026-09-04 20:55:30,0,normal,NONE
TX-009785,ACC-01079,ACC-01459,11324.15,2026-09-07 14:35:44,0,normal,NONE
TX-007079,ACC-00008,ACC-00105,16031.91,2026-09-06 20:14:01,0,normal,NONE
TX-003455,ACC-01894,ACC-01535,15487.37,2026-09-02 10:26:23,0,normal,NONE
TX-008742,ACC-01191,ACC-00241,13726.55,2026-09-09 11:47:57,0,normal,NONE
TX-006830,ACC-01638,ACC-01780,9516.66,2026-09-07 13:56:13,0,normal,NONE
TX-011053,ACC-01830,ACC-01316,8455.13,2026-09-01 23:30:54,0,normal,NONE
TX-007062,ACC-01410,ACC-00494,15376.9,2026-09-09 12:15:19,0,normal,NONE
TX-007172,ACC-01553,ACC-01152,11235.79,2026-09-09 19:58:41,0,normal,NONE
TX-008440,ACC-00289,ACC-01680,17752.02,2026-09-04 09:12:53,0,normal,NONE
TX-006429,ACC-00341,ACC-01592,15018.9,2026-09-09 21:33:01,0,normal,NONE
TX-007112,ACC-00500,ACC-01355,11864.86,2026-09-06 08:53:27,0,normal,NONE
TX-011557,ACC-01891,ACC-01817,947.6,2026-09-07 23:09:37,0,normal,NONE
TX-012523,ACC-01580,ACC-00444,61780.81,2026-09-06 11:37:00,0,normal_high_value,NONE
TX-004614,ACC-00464,ACC-00095,5046.02,2026-09-03 21:25:11,0,normal,NONE
TX-003993,ACC-00381,ACC-01137,9301.18,2026-09-05 09:28:26,0,normal,NONE
TX-006692,ACC-01400,ACC-00506,10450.16,2026-09-03 16:11:29,0,normal,NONE
TX-012259,ACC-01138,ACC-01419,65915.92,2026-09-01 16:03:00,0,normal_high_value,NONE
TX-001031,ACC-00295,ACC-01764,16124.7,2026-09-05 19:25:11,0,normal,NONE
TX-012150,FRAUD-06-NEXTHOP,FRAUD-06-OUT-08,13380.88,2026-09-03 13:55:00,1,fan_out,NET-06
TX-002221,ACC-01259,ACC-01491,15702.25,2026-09-07 09:29:18,0,normal,NONE
TX-003775,ACC-00106,ACC-00367,2599.4,2026-09-08 22:46:34,0,normal,NONE
TX-009397,ACC-01876,ACC-00949,7865.94,2026-09-09 23:53:04,0,normal,NONE
TX-010426,ACC-01464,ACC-00981,6199.03,2026-09-04 11:52:38,0,normal,NONE
TX-012188,FRAUD-08-SRC-13,FRAUD-08-COLLECTOR,4433.03,2026-09-07 09:24:00,1,funneling,NET-08
TX-001756,ACC-00092,ACC-00211,9812.66,2026-09-02 21:09:00,0,normal,NONE
TX-009705,ACC-00738,ACC-01859,10019.85,2026-09-06 14:34:07,0,normal,NONE
TX-009680,ACC-00558,ACC-01969,297.82,2026-09-04 21:22:19,0,normal,NONE
TX-009277,ACC-01304,ACC-01303,6094.55,2026-09-04 20:09:53,0,normal,NONE
TX-004328,ACC-00456,ACC-01998,10636.79,2026-09-07 11:08:06,0,normal,NONE
TX-011322,ACC-00340,ACC-00856,2933.21,2026-09-01 14:00:35,0,normal,NONE
TX-000111,ACC-00156,ACC-01213,12437.25,2026-09-04 11:44:49,0,normal,NONE
TX-012567,ACC-01332,ACC-01439,51546.86,2026-09-03 19:21:00,0,normal_high_value,NONE
TX-009820,ACC-01707,ACC-01528,4849.12,2026-09-02 10:24:10,0,normal,NONE
TX-010724,ACC-00147,ACC-00533,16126.1,2026-09-07 16:27:30,0,normal,NONE
TX-005732,ACC-00426,ACC-01777,7797.98,2026-09-07 21:18:08,0,normal,NONE
TX-002918,ACC-00770,ACC-01583,9647.35,2026-09-02 11:50:44,0,normal,NONE
TX-007574,ACC-01976,ACC-00652,8472.91,2026-09-07 19:53:27,0,normal,NONE
TX-012078,FRAUD-04-SRC-03,FRAUD-04-COLLECTOR,3445.9,2026-09-04 12:04:00,1,funneling,NET-04
TX-006327,ACC-01294,ACC-01347,6906.79,2026-09-02 11:35:27,0,normal,NONE
TX-001516,ACC-00827,ACC-01563,14020.01,2026-09-09 17:20:37,0,normal,NONE
TX-012520,ACC-00125,ACC-01529,50714.39,2026-09-09 11:16:00,0,normal_high_value,NONE
TX-012216,FRAUD-09-COLLECTOR,FRAUD-09-RELAY,124189.99,2026-09-04 18:35:00,1,layering,NET-09
TX-012003,FRAUD-01-SRC-03,FRAUD-01-COLLECTOR,10697.24,2026-09-05 13:04:00,1,funneling,NET-01
TX-011136,ACC-01106,ACC-01967,10917.1,2026-09-05 17:49:17,0,normal,NONE
TX-002264,ACC-01972,ACC-00144,143.76,2026-09-01 21:55:33,0,normal,NONE
TX-011872,ACC-00863,ACC-00932,10209.02,2026-09-04 13:58:26,0,normal,NONE
TX-012688,ACC-01416,ACC-01948,47441.29,2026-09-02 11:42:00,0,normal_high_value,NONE
TX-013062,ACC-00164,ACC-01990,24467.51,2026-09-06 12:22:00,0,normal_high_value,NONE
TX-011114,ACC-01707,ACC-00656,16710.92,2026-09-09 12:08:39,0,normal,NONE
TX-000894,ACC-00649,ACC-01144,14198.34,2026-09-06 22:46:12,0,normal,NONE
TX-001491,ACC-00672,ACC-00507,977.6,2026-09-05 12:54:32,0,normal,NONE
TX-001851,ACC-01607,ACC-00803,15177.69,2026-09-05 13:20:13,0,normal,NONE
TX-009721,ACC-01459,ACC-00687,9684.19,2026-09-01 19:48:13,0,normal,NONE
TX-008529,ACC-01199,ACC-01232,12052.99,2026-09-01 17:04:27,0,normal,NONE
TX-000325,ACC-00697,ACC-01243,2603.16,2026-09-06 19:25:08,0,normal,NONE
TX-001216,ACC-01744,ACC-01450,8555.38,2026-09-03 22:43:06,0,normal,NONE
TX-002934,ACC-01070,ACC-01865,13828.41,2026-09-03 13:52:48,0,normal,NONE
TX-004690,ACC-00831,ACC-00789,16087.37,2026-09-06 10:43:13,0,normal,NONE
TX-010793,ACC-01489,ACC-00709,17955.73,2026-09-03 15:29:15,0,normal,NONE
TX-012472,ACC-01598,ACC-00174,61454.41,2026-09-05 10:46:00,0,normal_high_value,NONE
TX-011371,ACC-00760,ACC-01421,4809.38,2026-09-05 08:26:25,0,normal,NONE
TX-012171,FRAUD-07-NEXTHOP,FRAUD-07-OUT-04,10548.98,2026-09-07 16:51:00,1,fan_out,NET-07
TX-012883,ACC-01921,ACC-00375,53207.85,2026-09-08 10:17:00,0,normal_high_value,NONE
TX-001130,ACC-00151,ACC-00965,10539.96,2026-09-01 21:09:13,0,normal,NONE
TX-000732,ACC-01444,ACC-01454,11664.43,2026-09-09 14:49:46,0,normal,NONE
TX-002919,ACC-00260,ACC-01845,987.18,2026-09-09 11:35:30,0,normal,NONE
TX-012544,ACC-00115,ACC-00238,67265.03,2026-09-03 18:07:00,0,normal_high_value,NONE
TX-003085,ACC-00797,ACC-00344,17435.93,2026-09-03 20:37:14,0,normal,NONE
TX-006809,ACC-00146,ACC-01197,15492.0,2026-09-03 16:36:25,0,normal,NONE
TX-004589,ACC-01045,ACC-01381,10007.27,2026-09-04 08:24:14,0,normal,NONE
TX-004305,ACC-00019,ACC-01638,12114.57,2026-09-06 18:55:05,0,normal,NONE
TX-002796,ACC-00947,ACC-01242,15346.07,2026-09-03 11:31:38,0,normal,NONE
TX-012872,ACC-00512,ACC-00668,70803.72,2026-09-07 11:39:00,0,normal_high_value,NONE
TX-000799,ACC-01390,ACC-01330,7778.31,2026-09-07 19:55:02,0,normal,NONE
TX-006233,ACC-00191,ACC-00222,6662.24,2026-09-04 13:02:10,0,normal,NONE
TX-000735,ACC-00542,ACC-00267,2913.5,2026-09-05 08:21:29,0,normal,NONE
TX-010630,ACC-01388,ACC-01596,10270.39,2026-09-06 18:40:00,0,normal,NONE
TX-002245,ACC-00958,ACC-00061,2823.09,2026-09-03 19:36:27,0,normal,NONE
TX-000179,ACC-01309,ACC-01971,7649.07,2026-09-05 22:54:19,0,normal,NONE
TX-009658,ACC-01420,ACC-00895,12494.41,2026-09-04 09:57:20,0,normal,NONE
TX-010033,ACC-01285,ACC-00140,4941.84,2026-09-09 23:42:31,0,normal,NONE
TX-001175,ACC-00669,ACC-00113,10954.56,2026-09-04 15:50:59,0,normal,NONE
TX-009323,ACC-00787,ACC-01169,10500.67,2026-09-02 19:09:52,0,normal,NONE
TX-009181,ACC-01418,ACC-00615,10385.15,2026-09-07 13:15:35,0,normal,NONE
TX-001832,ACC-00034,ACC-00619,16141.86,2026-09-09 11:44:31,0,normal,NONE
TX-010703,ACC-01973,ACC-01278,15480.07,2026-09-05 19:43:42,0,normal,NONE
TX-007582,ACC-01833,ACC-01807,5303.47,2026-09-02 10:27:58,0,normal,NONE
TX-010634,ACC-01966,ACC-00909,5761.75,2026-09-02 21:12:34,0,normal,NONE
TX-001782,ACC-00123,ACC-01805,11571.33,2026-09-03 13:00:25,0,normal,NONE
TX-003202,ACC-01702,ACC-00284,12596.6,2026-09-08 08:02:03,0,normal,NONE
TX-000199,ACC-01924,ACC-01949,5049.73,2026-09-06 14:28:28,0,normal,NONE
TX-006452,ACC-01382,ACC-00908,13356.19,2026-09-06 12:52:07,0,normal,NONE
TX-010865,ACC-01050,ACC-01783,16066.32,2026-09-06 20:46:02,0,normal,NONE
TX-004088,ACC-00173,ACC-01178,3968.52,2026-09-06 14:34:39,0,normal,NONE
TX-005194,ACC-01149,ACC-01667,2777.55,2026-09-01 13:54:21,0,normal,NONE
TX-000549,ACC-01910,ACC-00840,449.91,2026-09-09 19:40:53,0,normal,NONE
TX-003340,ACC-00152,ACC-00027,16291.67,2026-09-07 19:19:55,0,normal,NONE
TX-012501,ACC-01986,ACC-00606,57761.3,2026-09-04 18:59:00,0,normal_high_value,NONE
TX-010379,ACC-01540,ACC-00130,6820.16,2026-09-04 14:45:03,0,normal,NONE
TX-008035,ACC-01759,ACC-01725,927.65,2026-09-07 11:25:38,0,normal,NONE
TX-008290,ACC-01627,ACC-00752,10593.19,2026-09-03 19:57:02,0,normal,NONE
TX-002533,ACC-01825,ACC-01209,7530.94,2026-09-03 19:54:16,0,normal,NONE
TX-007200,ACC-01122,ACC-01289,1830.44,2026-09-07 22:25:08,0,normal,NONE
TX-002315,ACC-00963,ACC-01950,17480.97,2026-09-01 20:44:58,0,normal,NONE
TX-009779,ACC-00386,ACC-00877,8838.34,2026-09-07 19:49:29,0,normal,NONE
TX-009419,ACC-01226,ACC-00144,16326.52,2026-09-01 16:50:45,0,normal,NONE
TX-013064,ACC-00884,ACC-01945,78940.3,2026-09-04 15:53:00,0,normal_high_value,NONE
TX-007761,ACC-01752,ACC-01079,17416.06,2026-09-08 13:32:31,0,normal,NONE
TX-013088,ACC-00375,ACC-00318,45477.16,2026-09-03 12:31:00,0,normal_high_value,NONE
TX-000067,ACC-01770,ACC-01506,14597.27,2026-09-05 13:50:44,0,normal,NONE
TX-005128,ACC-00318,ACC-00354,16596.93,2026-09-03 12:33:17,0,normal,NONE
TX-004713,ACC-00010,ACC-01647,9807.75,2026-09-04 08:34:58,0,normal,NONE
TX-005215,ACC-00990,ACC-00892,1969.16,2026-09-09 15:49:29,0,normal,NONE
TX-003261,ACC-01103,ACC-01265,14489.7,2026-09-04 20:44:39,0,normal,NONE
TX-005034,ACC-01370,ACC-00001,5066.34,2026-09-08 21:25:42,0,normal,NONE
TX-008987,ACC-01473,ACC-00125,8581.83,2026-09-08 09:53:19,0,normal,NONE
TX-002573,ACC-01294,ACC-00325,6107.68,2026-09-05 21:39:07,0,normal,NONE
TX-009054,ACC-00968,ACC-00592,8103.35,2026-09-03 23:52:36,0,normal,NONE
TX-010415,ACC-01609,ACC-01362,7123.55,2026-09-05 17:21:05,0,normal,NONE
TX-000623,ACC-00307,ACC-00304,10207.36,2026-09-02 11:36:49,0,normal,NONE
TX-001682,ACC-00158,ACC-01495,4335.86,2026-09-02 13:36:03,0,normal,NONE
TX-007559,ACC-01021,ACC-00691,3465.74,2026-09-03 23:55:43,0,normal,NONE
TX-000788,ACC-00677,ACC-01476,2057.83,2026-09-08 23:13:37,0,normal,NONE
TX-003333,ACC-01331,ACC-00500,11547.94,2026-09-02 09:50:30,0,normal,NONE
TX-006391,ACC-01700,ACC-00176,9527.49,2026-09-06 16:07:12,0,normal,NONE
TX-008179,ACC-00717,ACC-00625,8479.07,2026-09-06 21:58:58,0,normal,NONE
TX-006009,ACC-01531,ACC-01631,14534.77,2026-09-01 10:44:39,0,normal,NONE
TX-008456,ACC-01662,ACC-01543,3995.39,2026-09-06 10:24:40,0,normal,NONE
TX-012976,ACC-01668,ACC-00688,61651.54,2026-09-05 19:33:00,0,normal_high_value,NONE
TX-003281,ACC-00111,ACC-00223,7148.9,2026-09-06 19:14:59,0,normal,NONE
TX-001412,ACC-01774,ACC-00340,12735.61,2026-09-05 11:41:35,0,normal,NONE
TX-009316,ACC-00395,ACC-00454,2425.32,2026-09-04 08:42:33,0,normal,NONE
TX-012093,FRAUD-04-NEXTHOP,FRAUD-04-OUT-01,11079.53,2026-09-04 12:48:00,1,fan_out,NET-04
TX-008970,ACC-00267,ACC-00431,7269.66,2026-09-03 17:21:51,0,normal,NONE
TX-007196,ACC-00002,ACC-00897,2006.78,2026-09-03 22:36:45,0,normal,NONE
TX-012280,ACC-01499,ACC-01493,64290.48,2026-09-01 11:21:00,0,normal_high_value,NONE
TX-000516,ACC-01154,ACC-00018,10993.54,2026-09-03 22:22:46,0,normal,NONE
TX-006159,ACC-00374,ACC-00490,15897.17,2026-09-07 11:55:13,0,normal,NONE
TX-000479,ACC-00489,ACC-00626,2122.74,2026-09-06 12:32:24,0,normal,NONE
TX-010710,ACC-00360,ACC-00711,12205.23,2026-09-06 21:45:33,0,normal,NONE
TX-007530,ACC-01374,ACC-01391,3160.28,2026-09-06 16:02:07,0,normal,NONE
TX-009058,ACC-01559,ACC-00505,16919.2,2026-09-09 14:09:48,0,normal,NONE
TX-002648,ACC-00930,ACC-00319,15021.6,2026-09-04 08:57:50,0,normal,NONE
TX-010856,ACC-01422,ACC-01910,5098.6,2026-09-03 10:09:15,0,normal,NONE
TX-007421,ACC-01746,ACC-00094,7369.25,2026-09-07 22:11:04,0,normal,NONE
TX-006900,ACC-00295,ACC-01068,3248.45,2026-09-07 19:38:57,0,normal,NONE
TX-002041,ACC-00358,ACC-00301,15684.88,2026-09-01 15:07:41,0,normal,NONE
TX-007477,ACC-00277,ACC-00043,10860.87,2026-09-09 14:28:15,0,normal,NONE
TX-001034,ACC-00579,ACC-01573,6288.11,2026-09-03 11:25:52,0,normal,NONE
TX-008237,ACC-01272,ACC-00078,13523.98,2026-09-03 17:18:25,0,normal,NONE
TX-010723,ACC-01847,ACC-01529,12249.12,2026-09-03 15:54:00,0,normal,NONE
TX-002599,ACC-01071,ACC-00335,16923.41,2026-09-04 10:48:23,0,normal,NONE
TX-011468,ACC-00313,ACC-01773,338.48,2026-09-04 13:53:14,0,normal,NONE
TX-006192,ACC-00215,ACC-00768,15447.22,2026-09-09 13:31:09,0,normal,NONE
TX-009617,ACC-01655,ACC-01347,4573.2,2026-09-08 21:00:12,0,normal,NONE
TX-007954,ACC-00336,ACC-01971,14212.76,2026-09-09 13:48:14,0,normal,NONE
TX-007589,ACC-01806,ACC-00437,8574.98,2026-09-02 15:41:43,0,normal,NONE
TX-008972,ACC-01743,ACC-00423,8038.72,2026-09-05 22:41:35,0,normal,NONE
TX-009608,ACC-00053,ACC-01328,12337.2,2026-09-08 19:23:47,0,normal,NONE
TX-000345,ACC-00350,ACC-01074,11329.87,2026-09-07 12:52:43,0,normal,NONE
TX-005522,ACC-01081,ACC-00872,2688.55,2026-09-06 20:41:29,0,normal,NONE
TX-008918,ACC-00510,ACC-01434,10307.89,2026-09-03 18:53:23,0,normal,NONE
TX-007016,ACC-00103,ACC-01547,6381.09,2026-09-09 21:34:07,0,normal,NONE
TX-001872,ACC-00914,ACC-00868,10742.01,2026-09-05 18:39:06,0,normal,NONE
TX-002978,ACC-01481,ACC-00323,16949.97,2026-09-09 12:04:15,0,normal,NONE
TX-010796,ACC-01839,ACC-00681,15279.73,2026-09-04 18:01:11,0,normal,NONE
TX-003987,ACC-00787,ACC-01650,4759.07,2026-09-08 15:30:42,0,normal,NONE
TX-012731,ACC-00255,ACC-00996,38065.81,2026-09-05 13:07:00,0,normal_high_value,NONE
TX-002889,ACC-01083,ACC-00007,2700.75,2026-09-01 18:49:44,0,normal,NONE
TX-008899,ACC-01828,ACC-01567,11502.46,2026-09-08 17:06:05,0,normal,NONE
TX-004624,ACC-00174,ACC-01237,1131.06,2026-09-01 08:11:45,0,normal,NONE
TX-004819,ACC-01581,ACC-01401,12366.23,2026-09-04 15:48:31,0,normal,NONE
TX-008936,ACC-01008,ACC-00367,1562.4,2026-09-09 23:11:29,0,normal,NONE
TX-013134,ACC-00977,ACC-00340,49069.57,2026-09-03 19:11:00,0,normal_high_value,NONE
TX-000221,ACC-01928,ACC-01537,7624.4,2026-09-01 17:38:19,0,normal,NONE
TX-012183,FRAUD-08-SRC-08,FRAUD-08-COLLECTOR,5240.84,2026-09-07 09:14:00,1,funneling,NET-08
TX-009925,ACC-01705,ACC-01237,11686.92,2026-09-06 18:43:07,0,normal,NONE
TX-010102,ACC-00384,ACC-01006,11416.53,2026-09-03 20:19:11,0,normal,NONE
TX-011021,ACC-01416,ACC-01794,12392.85,2026-09-05 23:51:50,0,normal,NONE
TX-008115,ACC-01334,ACC-00391,11418.91,2026-09-06 20:38:21,0,normal,NONE
TX-007203,ACC-01177,ACC-00137,5747.84,2026-09-05 21:17:56,0,normal,NONE
TX-007732,ACC-00095,ACC-00116,17289.89,2026-09-07 11:27:22,0,normal,NONE
TX-004017,ACC-01119,ACC-00052,15632.96,2026-09-08 22:56:56,0,normal,NONE
TX-007945,ACC-00733,ACC-00069,17109.5,2026-09-07 16:11:09,0,normal,NONE
TX-004249,ACC-01401,ACC-01377,17780.44,2026-09-03 08:20:14,0,normal,NONE
TX-010128,ACC-01927,ACC-01973,7995.92,2026-09-04 22:32:17,0,normal,NONE
TX-012132,FRAUD-06-SRC-07,FRAUD-06-COLLECTOR,13092.12,2026-09-03 13:12:00,1,funneling,NET-06
TX-009268,ACC-01009,ACC-01385,4978.35,2026-09-05 09:14:56,0,normal,NONE
TX-011099,ACC-00253,ACC-01608,163.13,2026-09-05 12:13:52,0,normal,NONE
TX-005869,ACC-01825,ACC-01305,15263.59,2026-09-04 18:45:22,0,normal,NONE
TX-006488,ACC-01145,ACC-01345,5038.31,2026-09-01 19:22:43,0,normal,NONE
TX-011160,ACC-00033,ACC-00515,4314.04,2026-09-03 21:34:55,0,normal,NONE
TX-010769,ACC-01155,ACC-01563,14825.15,2026-09-01 18:26:45,0,normal,NONE
TX-001265,ACC-00280,ACC-00060,4665.98,2026-09-05 13:41:54,0,normal,NONE
TX-008586,ACC-00186,ACC-00466,644.68,2026-09-09 15:28:55,0,normal,NONE
TX-004242,ACC-01722,ACC-00885,8783.13,2026-09-09 23:02:38,0,normal,NONE
TX-005651,ACC-00055,ACC-00003,6161.97,2026-09-08 10:41:33,0,normal,NONE
TX-010624,ACC-00826,ACC-01106,5234.74,2026-09-06 14:44:16,0,normal,NONE
TX-012049,FRAUD-02-NEXTHOP,FRAUD-02-OUT-07,13871.62,2026-09-06 17:54:00,1,fan_out,NET-02
TX-009564,ACC-01170,ACC-01645,6391.22,2026-09-01 14:08:48,0,normal,NONE
TX-012170,FRAUD-07-NEXTHOP,FRAUD-07-OUT-03,12848.46,2026-09-07 16:50:00,1,fan_out,NET-07
TX-004867,ACC-01600,ACC-01473,14200.45,2026-09-05 21:43:44,0,normal,NONE
TX-009187,ACC-01254,ACC-00112,2428.38,2026-09-05 15:36:04,0,normal,NONE
TX-002882,ACC-00565,ACC-01720,8593.5,2026-09-07 16:10:30,0,normal,NONE
TX-001678,ACC-01310,ACC-01996,6675.31,2026-09-04 21:45:29,0,normal,NONE
TX-007594,ACC-00219,ACC-01425,12132.76,2026-09-05 17:31:19,0,normal,NONE
TX-007734,ACC-01006,ACC-00218,7572.95,2026-09-05 10:37:07,0,normal,NONE
TX-000902,ACC-01678,ACC-00794,3433.85,2026-09-08 12:39:18,0,normal,NONE
TX-010112,ACC-01536,ACC-00342,784.42,2026-09-04 19:24:49,0,normal,NONE
TX-002297,ACC-01054,ACC-00582,17126.81,2026-09-05 16:55:34,0,normal,NONE
TX-003403,ACC-00643,ACC-01608,14294.07,2026-09-06 09:00:10,0,normal,NONE
TX-011684,ACC-01610,ACC-00773,2002.58,2026-09-03 19:32:54,0,normal,NONE
TX-000297,ACC-00873,ACC-00342,12421.97,2026-09-06 22:02:46,0,normal,NONE
TX-011636,ACC-00237,ACC-00243,8895.35,2026-09-08 08:11:07,0,normal,NONE
TX-004154,ACC-00229,ACC-00849,8497.14,2026-09-01 20:40:24,0,normal,NONE
TX-012168,FRAUD-07-NEXTHOP,FRAUD-07-OUT-01,13790.25,2026-09-07 16:48:00,1,fan_out,NET-07
TX-013207,ACC-00869,ACC-00309,24729.12,2026-09-05 11:26:00,0,normal_high_value,NONE
TX-008377,ACC-01432,ACC-01796,9651.45,2026-09-03 16:03:48,0,normal,NONE
TX-000028,ACC-01672,ACC-00142,17604.16,2026-09-09 12:08:42,0,normal,NONE
TX-007772,ACC-00130,ACC-01356,1448.69,2026-09-02 18:32:19,0,normal,NONE
TX-009801,ACC-01560,ACC-01241,1825.53,2026-09-03 21:34:19,0,normal,NONE
TX-006773,ACC-00110,ACC-00096,11225.94,2026-09-09 08:55:55,0,normal,NONE
TX-003830,ACC-00477,ACC-01832,1548.17,2026-09-01 19:28:29,0,normal,NONE
TX-006245,ACC-00890,ACC-00833,4328.33,2026-09-06 10:43:44,0,normal,NONE
TX-010169,ACC-00336,ACC-01917,8160.72,2026-09-08 14:18:03,0,normal,NONE
TX-006487,ACC-00112,ACC-01514,8439.33,2026-09-02 19:12:29,0,normal,NONE
TX-003249,ACC-00437,ACC-00974,12960.47,2026-09-01 18:11:15,0,normal,NONE
TX-007160,ACC-00065,ACC-01359,3626.26,2026-09-05 08:21:30,0,normal,NONE
TX-010483,ACC-00936,ACC-00570,1862.31,2026-09-06 15:49:28,0,normal,NONE
TX-004392,ACC-00415,ACC-01216,9456.47,2026-09-09 09:53:28,0,normal,NONE
TX-002581,ACC-00196,ACC-00787,13508.46,2026-09-06 10:33:31,0,normal,NONE
TX-007766,ACC-01364,ACC-01053,922.52,2026-09-01 17:01:16,0,normal,NONE
TX-009842,ACC-00201,ACC-01123,11662.34,2026-09-02 13:09:19,0,normal,NONE
TX-009005,ACC-00513,ACC-01189,16327.28,2026-09-02 11:57:47,0,normal,NONE
TX-001371,ACC-00599,ACC-01451,7958.49,2026-09-09 23:46:55,0,normal,NONE
TX-013061,ACC-00420,ACC-00770,85442.84,2026-09-04 16:43:00,0,normal_high_value,NONE
TX-010024,ACC-00666,ACC-00419,14957.02,2026-09-05 11:48:18,0,normal,NONE
TX-008639,ACC-01836,ACC-01905,4289.92,2026-09-01 12:31:12,0,normal,NONE
TX-005552,ACC-01473,ACC-01583,3528.65,2026-09-06 13:45:21,0,normal,NONE
TX-010072,ACC-00940,ACC-00627,10554.65,2026-09-01 10:43:05,0,normal,NONE
TX-005255,ACC-00847,ACC-01704,2130.26,2026-09-02 09:30:36,0,normal,NONE
TX-000682,ACC-01123,ACC-01017,16388.21,2026-09-08 18:15:00,0,normal,NONE
TX-012336,ACC-01570,ACC-01067,47986.01,2026-09-05 20:04:00,0,normal_high_value,NONE
TX-004776,ACC-01996,ACC-01236,15050.31,2026-09-07 17:01:35,0,normal,NONE
TX-005423,ACC-00031,ACC-00297,2898.07,2026-09-05 12:16:34,0,normal,NONE
TX-003160,ACC-01353,ACC-00286,981.99,2026-09-02 11:07:24,0,normal,NONE
TX-009622,ACC-00401,ACC-01484,3542.62,2026-09-08 21:35:32,0,normal,NONE
TX-002988,ACC-00448,ACC-00521,16156.94,2026-09-06 09:52:27,0,normal,NONE
TX-004909,ACC-01195,ACC-01583,17800.45,2026-09-07 09:54:52,0,normal,NONE
TX-001883,ACC-01012,ACC-01022,861.32,2026-09-05 21:07:07,0,normal,NONE
TX-011413,ACC-00198,ACC-01115,14156.42,2026-09-06 17:03:03,0,normal,NONE
TX-006759,ACC-00197,ACC-01027,13763.59,2026-09-03 08:00:40,0,normal,NONE
TX-013214,ACC-00630,ACC-01668,48528.6,2026-09-04 22:00:00,0,normal_high_value,NONE
TX-001941,ACC-00581,ACC-01609,15465.01,2026-09-09 12:05:45,0,normal,NONE
TX-003297,ACC-00359,ACC-00635,2319.94,2026-09-09 15:32:20,0,normal,NONE
TX-003535,ACC-00529,ACC-01597,7257.62,2026-09-04 18:28:48,0,normal,NONE
TX-011332,ACC-00577,ACC-00323,12930.05,2026-09-08 09:38:56,0,normal,NONE
TX-003730,ACC-01922,ACC-00089,7093.24,2026-09-05 18:27:35,0,normal,NONE
TX-000491,ACC-01766,ACC-01673,1583.95,2026-09-02 15:13:51,0,normal,NONE
TX-005709,ACC-01724,ACC-01082,5168.44,2026-09-05 23:38:15,0,normal,NONE
TX-001182,ACC-01651,ACC-01491,17467.08,2026-09-07 21:08:53,0,normal,NONE
TX-001376,ACC-01085,ACC-00864,14174.14,2026-09-03 21:26:58,0,normal,NONE
TX-005015,ACC-00543,ACC-01605,8934.4,2026-09-06 16:43:18,0,normal,NONE
TX-007221,ACC-01582,ACC-00392,6199.24,2026-09-09 21:41:11,0,normal,NONE
TX-008682,ACC-00950,ACC-00127,7838.89,2026-09-07 17:18:10,0,normal,NONE
TX-011652,ACC-01046,ACC-01512,4312.89,2026-09-07 20:05:09,0,normal,NONE
TX-000627,ACC-01801,ACC-00679,12435.44,2026-09-01 23:58:17,0,normal,NONE
TX-004759,ACC-01735,ACC-00008,15695.23,2026-09-04 10:53:55,0,normal,NONE
TX-012039,FRAUD-02-SRC-14,FRAUD-02-COLLECTOR,6751.88,2026-09-06 17:26:00,1,funneling,NET-02
TX-002113,ACC-00087,ACC-00322,5109.95,2026-09-01 15:40:49,0,normal,NONE
TX-009142,ACC-00516,ACC-01887,8324.67,2026-09-07 15:03:28,0,normal,NONE
TX-010136,ACC-00720,ACC-01226,1571.43,2026-09-02 20:10:41,0,normal,NONE
TX-008643,ACC-01772,ACC-00932,3534.77,2026-09-03 17:12:32,0,normal,NONE
TX-001768,ACC-00986,ACC-01421,17511.82,2026-09-06 12:51:41,0,normal,NONE
TX-009704,ACC-01963,ACC-00684,16564.54,2026-09-01 09:03:45,0,normal,NONE
TX-004181,ACC-01392,ACC-00034,17476.73,2026-09-07 16:53:56,0,normal,NONE
TX-010019,ACC-00045,ACC-00657,3506.04,2026-09-01 11:47:14,0,normal,NONE
TX-012771,ACC-00096,ACC-01974,47496.87,2026-09-01 14:31:00,0,normal_high_value,NONE
TX-001463,ACC-00906,ACC-00113,5440.45,2026-09-07 10:06:43,0,normal,NONE
TX-006380,ACC-01970,ACC-00253,14952.91,2026-09-06 16:50:24,0,normal,NONE
TX-002888,ACC-01552,ACC-01962,12038.68,2026-09-09 13:40:31,0,normal,NONE
TX-007776,ACC-01643,ACC-01024,17980.69,2026-09-01 13:06:45,0,normal,NONE
TX-000685,ACC-00936,ACC-00607,4768.97,2026-09-01 11:52:11,0,normal,NONE
TX-004540,ACC-00296,ACC-00250,17186.82,2026-09-04 16:32:57,0,normal,NONE
TX-004515,ACC-00726,ACC-01763,4058.37,2026-09-09 10:06:25,0,normal,NONE
TX-012781,ACC-01935,ACC-00665,43542.7,2026-09-06 22:56:00,0,normal_high_value,NONE
TX-009459,ACC-01143,ACC-01619,10519.56,2026-09-08 18:08:50,0,normal,NONE
TX-006672,ACC-00385,ACC-01106,17192.83,2026-09-08 13:06:58,0,normal,NONE
TX-006806,ACC-00610,ACC-01113,12331.63,2026-09-04 11:36:03,0,normal,NONE
TX-006454,ACC-01755,ACC-01020,16042.84,2026-09-04 10:05:19,0,normal,NONE
TX-010414,ACC-01635,ACC-00594,5026.27,2026-09-05 17:33:22,0,normal,NONE
TX-001367,ACC-01141,ACC-00548,16135.79,2026-09-09 11:45:03,0,normal,NONE
TX-003917,ACC-00532,ACC-00482,6308.01,2026-09-07 10:31:26,0,normal,NONE
TX-012990,ACC-01312,ACC-00363,69590.36,2026-09-03 21:43:00,0,normal_high_value,NONE
TX-002640,ACC-01322,ACC-00956,8124.82,2026-09-09 13:56:02,0,normal,NONE
TX-012539,ACC-00943,ACC-01308,59108.91,2026-09-01 22:42:00,0,normal_high_value,NONE
TX-005603,ACC-01971,ACC-00284,16735.95,2026-09-07 18:12:10,0,normal,NONE
TX-013246,ACC-01694,ACC-00480,63019.97,2026-09-04 11:48:00,0,normal_high_value,NONE
TX-005730,ACC-01720,ACC-01382,3032.76,2026-09-09 22:05:50,0,normal,NONE
TX-005731,ACC-01503,ACC-01546,15570.43,2026-09-04 13:58:01,0,normal,NONE
TX-007918,ACC-01259,ACC-01430,8754.31,2026-09-06 21:21:40,0,normal,NONE
TX-005297,ACC-01170,ACC-00917,4566.47,2026-09-03 09:14:55,0,normal,NONE
TX-012948,ACC-00298,ACC-01408,45021.04,2026-09-09 15:13:00,0,normal_high_value,NONE
TX-002301,ACC-00885,ACC-01379,5497.44,2026-09-08 18:40:43,0,normal,NONE
TX-004788,ACC-00802,ACC-01712,11267.64,2026-09-08 16:10:36,0,normal,NONE
TX-002939,ACC-00830,ACC-00774,10142.77,2026-09-04 21:09:51,0,normal,NONE
TX-005660,ACC-01054,ACC-01597,13036.27,2026-09-07 23:55:57,0,normal,NONE
TX-009050,ACC-00102,ACC-00382,14611.96,2026-09-08 19:00:39,0,normal,NONE
TX-012342,ACC-01923,ACC-01573,43808.29,2026-09-08 21:21:00,0,normal_high_value,NONE
TX-008505,ACC-01301,ACC-00092,15522.6,2026-09-05 11:38:39,0,normal,NONE
TX-001980,ACC-01023,ACC-01914,12234.21,2026-09-06 15:49:51,0,normal,NONE
TX-005980,ACC-00054,ACC-00343,10558.45,2026-09-08 14:50:33,0,normal,NONE
TX-003804,ACC-01866,ACC-00492,8498.23,2026-09-03 22:01:54,0,normal,NONE
TX-004535,ACC-00078,ACC-00152,17891.68,2026-09-09 10:06:25,0,normal,NONE
TX-008944,ACC-00644,ACC-01588,1932.49,2026-09-04 16:09:02,0,normal,NONE
TX-013033,ACC-00399,ACC-00783,26514.23,2026-09-02 08:57:00,0,normal_high_value,NONE
TX-007634,ACC-00025,ACC-01079,17549.51,2026-09-09 22:33:13,0,normal,NONE
TX-008066,ACC-01985,ACC-00062,6174.31,2026-09-09 19:35:09,0,normal,NONE
TX-010621,ACC-01758,ACC-01988,1812.03,2026-09-05 18:04:39,0,normal,NONE
TX-002935,ACC-00592,ACC-01027,11197.36,2026-09-01 18:24:30,0,normal,NONE
TX-010558,ACC-01496,ACC-00004,17609.59,2026-09-01 14:14:19,0,normal,NONE
TX-009932,ACC-00784,ACC-00810,902.18,2026-09-08 11:25:35,0,normal,NONE
TX-004801,ACC-01790,ACC-01053,3591.31,2026-09-05 14:50:18,0,normal,NONE
TX-002281,ACC-00775,ACC-01773,16670.96,2026-09-03 23:11:30,0,normal,NONE
TX-007825,ACC-01287,ACC-01799,13923.09,2026-09-09 08:05:11,0,normal,NONE
TX-007318,ACC-00680,ACC-00131,3257.14,2026-09-04 16:13:48,0,normal,NONE
TX-006701,ACC-00184,ACC-00864,16928.62,2026-09-03 13:02:53,0,normal,NONE
TX-004470,ACC-01053,ACC-00398,950.78,2026-09-09 19:32:03,0,normal,NONE
TX-005134,ACC-00684,ACC-01783,3960.74,2026-09-04 19:50:56,0,normal,NONE
TX-012881,ACC-01828,ACC-00455,24658.2,2026-09-01 12:26:00,0,normal_high_value,NONE
TX-006682,ACC-01942,ACC-00710,905.88,2026-09-05 19:00:48,0,normal,NONE
TX-005429,ACC-00051,ACC-00541,8186.52,2026-09-02 11:53:06,0,normal,NONE
TX-000999,ACC-01810,ACC-01249,4204.34,2026-09-05 14:00:07,0,normal,NONE
TX-004131,ACC-01259,ACC-00034,13884.33,2026-09-08 21:21:13,0,normal,NONE
TX-005267,ACC-00267,ACC-01135,10755.39,2026-09-03 13:42:50,0,normal,NONE
TX-009330,ACC-00040,ACC-00442,6959.12,2026-09-07 19:30:55,0,normal,NONE
TX-012996,ACC-00612,ACC-00835,62906.42,2026-09-02 10:54:00,0,normal_high_value,NONE
TX-001785,ACC-01069,ACC-00774,17603.11,2026-09-03 14:25:39,0,normal,NONE
TX-003183,ACC-01829,ACC-01612,5562.5,2026-09-02 19:28:37,0,normal,NONE
TX-011483,ACC-01120,ACC-01134,10949.78,2026-09-01 08:48:53,0,normal,NONE
TX-007117,ACC-01554,ACC-01186,3216.36,2026-09-01 13:32:42,0,normal,NONE
TX-000495,ACC-01951,ACC-01758,9269.18,2026-09-02 12:48:50,0,normal,NONE
TX-007863,ACC-01189,ACC-01237,16457.31,2026-09-04 14:51:49,0,normal,NONE
TX-010281,ACC-01896,ACC-01063,15689.58,2026-09-04 08:20:48,0,normal,NONE
TX-010053,ACC-01113,ACC-00489,2529.54,2026-09-03 13:51:56,0,normal,NONE
TX-002861,ACC-01211,ACC-01925,10110.2,2026-09-04 10:21:10,0,normal,NONE
TX-002039,ACC-01130,ACC-00644,17160.21,2026-09-08 13:16:49,0,normal,NONE
TX-004042,ACC-01631,ACC-01471,12299.45,2026-09-01 15:54:25,0,normal,NONE
TX-010152,ACC-00338,ACC-01326,11671.47,2026-09-08 18:26:54,0,normal,NONE
TX-002898,ACC-00453,ACC-01512,3877.32,2026-09-06 11:02:16,0,normal,NONE
TX-000367,ACC-01164,ACC-01235,1949.27,2026-09-06 17:29:41,0,normal,NONE
TX-000850,ACC-00198,ACC-00922,13407.79,2026-09-05 19:23:35,0,normal,NONE
TX-012151,FRAUD-07-SRC-01,FRAUD-07-COLLECTOR,7214.11,2026-09-07 16:00:00,1,funneling,NET-07
TX-007803,ACC-01012,ACC-01620,11332.22,2026-09-09 09:44:22,0,normal,NONE
TX-008795,ACC-01007,ACC-01542,16313.06,2026-09-05 12:56:22,0,normal,NONE
TX-007583,ACC-01047,ACC-00536,7217.96,2026-09-04 19:06:40,0,normal,NONE
TX-002654,ACC-01224,ACC-00615,6190.19,2026-09-06 14:19:27,0,normal,NONE
TX-003504,ACC-01969,ACC-01859,12258.44,2026-09-01 08:34:41,0,normal,NONE
TX-009124,ACC-00305,ACC-01266,11161.55,2026-09-07 23:32:13,0,normal,NONE
TX-006096,ACC-00195,ACC-00171,12413.57,2026-09-06 19:59:23,0,normal,NONE
TX-001542,ACC-00497,ACC-01462,17101.33,2026-09-03 23:52:17,0,normal,NONE
TX-008060,ACC-01157,ACC-01816,1694.36,2026-09-02 13:27:50,0,normal,NONE
TX-011740,ACC-01271,ACC-00042,4936.03,2026-09-09 14:20:14,0,normal,NONE
TX-000323,ACC-00990,ACC-00502,14488.29,2026-09-07 17:29:04,0,normal,NONE
TX-002032,ACC-01528,ACC-01894,4303.32,2026-09-01 16:51:43,0,normal,NONE
TX-005090,ACC-01604,ACC-00735,15252.63,2026-09-08 16:28:51,0,normal,NONE
TX-008274,ACC-00702,ACC-00987,8162.9,2026-09-08 19:36:08,0,normal,NONE
TX-000814,ACC-00078,ACC-01484,6930.18,2026-09-07 17:45:38,0,normal,NONE
TX-007236,ACC-01573,ACC-01620,17072.26,2026-09-09 11:51:08,0,normal,NONE
TX-002529,ACC-01988,ACC-01008,17039.94,2026-09-06 18:05:56,0,normal,NONE
TX-012424,ACC-01562,ACC-00461,63314.08,2026-09-08 18:19:00,0,normal_high_value,NONE
TX-008698,ACC-01404,ACC-00320,1189.42,2026-09-04 20:07:06,0,normal,NONE
TX-007929,ACC-00823,ACC-00764,8960.33,2026-09-09 09:35:58,0,normal,NONE
TX-006376,ACC-01468,ACC-01023,695.76,2026-09-04 17:29:23,0,normal,NONE
TX-006281,ACC-00594,ACC-00442,5711.21,2026-09-09 14:02:19,0,normal,NONE
TX-012192,FRAUD-08-RELAY,FRAUD-08-NEXTHOP,100174.32,2026-09-07 09:42:00,1,next_hop,NET-08
TX-011293,ACC-01270,ACC-00460,15213.17,2026-09-09 14:59:43,0,normal,NONE
TX-005275,ACC-01466,ACC-01710,893.11,2026-09-07 16:16:33,0,normal,NONE
TX-001080,ACC-00369,ACC-00642,9866.07,2026-09-01 10:00:26,0,normal,NONE
TX-002227,ACC-01096,ACC-00194,2286.46,2026-09-03 23:27:57,0,normal,NONE
TX-007260,ACC-00193,ACC-01878,3370.56,2026-09-02 14:42:55,0,normal,NONE
TX-010339,ACC-01157,ACC-01976,4438.86,2026-09-08 11:50:09,0,normal,NONE
TX-012110,FRAUD-05-SRC-10,FRAUD-05-COLLECTOR,11263.78,2026-09-06 16:18:00,1,funneling,NET-05
TX-003516,ACC-01349,ACC-00094,673.87,2026-09-03 23:54:43,0,normal,NONE
TX-002706,ACC-01196,ACC-01682,5002.11,2026-09-07 14:17:03,0,normal,NONE
TX-011254,ACC-00932,ACC-01615,17822.84,2026-09-04 14:11:51,0,normal,NONE
TX-007496,ACC-00938,ACC-01542,5310.12,2026-09-03 17:17:38,0,normal,NONE
TX-001165,ACC-00583,ACC-00934,17212.73,2026-09-03 17:11:11,0,normal,NONE
TX-003262,ACC-01126,ACC-00902,5622.85,2026-09-09 20:36:19,0,normal,NONE
TX-009453,ACC-00223,ACC-00546,15312.53,2026-09-03 21:46:57,0,normal,NONE
TX-007442,ACC-01985,ACC-00895,1626.2,2026-09-05 08:45:17,0,normal,NONE
TX-001451,ACC-01809,ACC-00930,55.15,2026-09-07 09:54:20,0,normal,NONE
TX-008029,ACC-01440,ACC-00994,11463.69,2026-09-07 11:53:24,0,normal,NONE
TX-006127,ACC-01017,ACC-00105,3044.53,2026-09-04 12:31:25,0,normal,NONE
TX-004230,ACC-01365,ACC-00240,16594.42,2026-09-01 23:52:30,0,normal,NONE
TX-008880,ACC-00853,ACC-00002,16484.6,2026-09-08 16:12:11,0,normal,NONE
TX-003863,ACC-00270,ACC-00217,1931.29,2026-09-02 18:59:34,0,normal,NONE
TX-002937,ACC-00006,ACC-01356,4717.91,2026-09-04 20:22:40,0,normal,NONE
TX-010990,ACC-01806,ACC-00288,8594.93,2026-09-05 08:10:24,0,normal,NONE
TX-007081,ACC-00391,ACC-00669,12025.93,2026-09-01 17:28:37,0,normal,NONE
TX-003918,ACC-01096,ACC-00347,2954.01,2026-09-06 11:47:43,0,normal,NONE
TX-005488,ACC-00529,ACC-01614,4557.77,2026-09-09 10:08:05,0,normal,NONE
TX-008409,ACC-01337,ACC-01279,13487.02,2026-09-01 11:04:11,0,normal,NONE
TX-010784,ACC-00711,ACC-01365,17855.07,2026-09-05 18:34:19,0,normal,NONE
TX-001724,ACC-01521,ACC-01233,2183.97,2026-09-04 14:45:28,0,normal,NONE
TX-009751,ACC-01066,ACC-01063,15930.62,2026-09-07 17:33:08,0,normal,NONE
TX-007866,ACC-01715,ACC-01253,3671.11,2026-09-03 19:11:54,0,normal,NONE
TX-009560,ACC-01026,ACC-01282,12687.63,2026-09-08 19:29:44,0,normal,NONE
TX-004057,ACC-01838,ACC-01855,2570.77,2026-09-01 21:07:28,0,normal,NONE
TX-012604,ACC-00925,ACC-00235,86552.52,2026-09-06 19:17:00,0,normal_high_value,NONE
TX-003000,ACC-00606,ACC-00298,9644.06,2026-09-06 20:40:36,0,normal,NONE
TX-008426,ACC-01113,ACC-00242,727.6,2026-09-08 13:51:38,0,normal,NONE
TX-011947,ACC-01101,ACC-00633,204.76,2026-09-07 16:09:36,0,normal,NONE
TX-001232,ACC-01277,ACC-00198,13687.88,2026-09-09 23:50:29,0,normal,NONE
TX-001515,ACC-01709,ACC-00727,6130.0,2026-09-07 21:43:48,0,normal,NONE
TX-002314,ACC-00219,ACC-00153,4391.62,2026-09-06 23:46:37,0,normal,NONE
TX-009698,ACC-00394,ACC-01296,16773.85,2026-09-02 15:54:50,0,normal,NONE
TX-001452,ACC-00886,ACC-01730,17912.01,2026-09-05 11:43:33,0,normal,NONE
TX-012146,FRAUD-06-NEXTHOP,FRAUD-06-OUT-04,11308.92,2026-09-03 13:51:00,1,fan_out,NET-06
TX-008188,ACC-01391,ACC-00065,1749.94,2026-09-04 22:39:02,0,normal,NONE
TX-009366,ACC-01419,ACC-01823,16595.19,2026-09-09 21:58:51,0,normal,NONE
TX-009604,ACC-01707,ACC-01156,5549.15,2026-09-02 21:34:41,0,normal,NONE
TX-011302,ACC-00542,ACC-01199,3223.31,2026-09-05 16:50:54,0,normal,NONE
TX-004322,ACC-00580,ACC-01175,8071.74,2026-09-06 23:41:37,0,normal,NONE
TX-008977,ACC-01920,ACC-00474,7959.25,2026-09-04 20:24:27,0,normal,NONE
TX-000839,ACC-00807,ACC-01763,12360.37,2026-09-03 22:07:44,0,normal,NONE
TX-013137,ACC-00024,ACC-00143,29470.41,2026-09-01 08:54:00,0,normal_high_value,NONE
TX-006471,ACC-01223,ACC-01967,6444.99,2026-09-08 12:42:05,0,normal,NONE
TX-008162,ACC-01601,ACC-00037,4068.18,2026-09-05 19:55:53,0,normal,NONE
TX-011389,ACC-00358,ACC-01962,9631.65,2026-09-02 15:01:52,0,normal,NONE
TX-003900,ACC-00666,ACC-01854,2464.26,2026-09-04 19:40:12,0,normal,NONE
TX-011263,ACC-00221,ACC-00720,778.27,2026-09-07 20:22:58,0,normal,NONE
TX-003568,ACC-00634,ACC-01116,11983.56,2026-09-07 23:25:19,0,normal,NONE
TX-012278,ACC-01897,ACC-00407,89570.84,2026-09-09 19:25:00,0,normal_high_value,NONE
TX-005453,ACC-00951,ACC-01228,5419.64,2026-09-09 20:49:40,0,normal,NONE
TX-003088,ACC-00053,ACC-01949,11631.86,2026-09-09 16:24:54,0,normal,NONE
TX-012177,FRAUD-08-SRC-02,FRAUD-08-COLLECTOR,10353.46,2026-09-07 09:02:00,1,funneling,NET-08
TX-012775,ACC-00034,ACC-00920,70024.94,2026-09-01 16:57:00,0,normal_high_value,NONE
TX-004547,ACC-01674,ACC-00034,17934.53,2026-09-05 22:42:55,0,normal,NONE
TX-004693,ACC-00404,ACC-00087,11247.89,2026-09-01 11:59:25,0,normal,NONE
TX-001715,ACC-01434,ACC-01298,17642.64,2026-09-04 18:27:30,0,normal,NONE
TX-008107,ACC-00314,ACC-00025,9758.91,2026-09-04 16:49:26,0,normal,NONE
TX-004271,ACC-00462,ACC-01053,1648.32,2026-09-09 08:40:35,0,normal,NONE
TX-000340,ACC-01256,ACC-00653,2941.79,2026-09-05 18:32:53,0,normal,NONE
TX-009839,ACC-01100,ACC-01955,1524.15,2026-09-05 16:08:23,0,normal,NONE
TX-004087,ACC-00039,ACC-01469,4184.16,2026-09-02 09:47:48,0,normal,NONE
TX-006664,ACC-00140,ACC-00951,11766.81,2026-09-03 18:43:24,0,normal,NONE
TX-000904,ACC-00137,ACC-00090,15036.78,2026-09-03 13:55:02,0,normal,NONE
TX-010767,ACC-01946,ACC-00926,6590.82,2026-09-03 11:11:15,0,normal,NONE
TX-003219,ACC-00842,ACC-00113,15141.67,2026-09-01 16:06:54,0,normal,NONE
TX-000589,ACC-01443,ACC-01930,11925.27,2026-09-02 18:19:20,0,normal,NONE
TX-003366,ACC-00963,ACC-00364,9065.71,2026-09-09 18:56:46,0,normal,NONE
TX-002671,ACC-01627,ACC-01432,7750.92,2026-09-09 19:40:34,0,normal,NONE
TX-005516,ACC-01631,ACC-00014,3170.26,2026-09-06 19:42:39,0,normal,NONE
TX-003590,ACC-01607,ACC-00846,6682.38,2026-09-08 12:54:49,0,normal,NONE
TX-000035,ACC-00995,ACC-00439,9715.43,2026-09-08 15:50:30,0,normal,NONE
TX-007119,ACC-01761,ACC-01393,6388.79,2026-09-02 22:55:25,0,normal,NONE
TX-000029,ACC-00974,ACC-01940,9905.47,2026-09-05 21:13:59,0,normal,NONE
TX-002396,ACC-01545,ACC-01865,12965.72,2026-09-05 09:24:53,0,normal,NONE
TX-013151,ACC-00289,ACC-01279,45801.07,2026-09-04 20:19:00,0,normal_high_value,NONE
TX-007965,ACC-01173,ACC-00906,10071.47,2026-09-05 13:39:32,0,normal,NONE
TX-005507,ACC-01495,ACC-01111,7841.41,2026-09-02 11:04:19,0,normal,NONE
TX-008095,ACC-00780,ACC-00040,9433.91,2026-09-06 19:34:08,0,normal,NONE
TX-002171,ACC-00853,ACC-01716,12025.65,2026-09-01 10:12:52,0,normal,NONE
TX-012423,ACC-00405,ACC-01561,29108.87,2026-09-09 13:41:00,0,normal_high_value,NONE
TX-009629,ACC-01223,ACC-00828,568.04,2026-09-04 14:59:18,0,normal,NONE
TX-000890,ACC-00811,ACC-01617,4390.75,2026-09-01 23:44:38,0,normal,NONE
TX-003879,ACC-00826,ACC-00929,4322.12,2026-09-02 08:00:33,0,normal,NONE
TX-003323,ACC-00359,ACC-00549,2396.98,2026-09-04 15:37:28,0,normal,NONE
TX-012452,ACC-01199,ACC-00560,62354.34,2026-09-07 09:15:00,0,normal_high_value,NONE
TX-003515,ACC-01910,ACC-01100,1150.61,2026-09-06 18:41:33,0,normal,NONE
TX-007798,ACC-01976,ACC-01140,398.68,2026-09-02 23:42:50,0,normal,NONE
TX-011045,ACC-01439,ACC-01987,10979.6,2026-09-01 22:36:56,0,normal,NONE
TX-005674,ACC-00340,ACC-00116,5077.43,2026-09-07 17:07:22,0,normal,NONE
TX-011860,ACC-01075,ACC-01585,8145.38,2026-09-07 09:29:26,0,normal,NONE
TX-002775,ACC-01144,ACC-01123,16007.28,2026-09-06 18:33:09,0,normal,NONE
TX-006560,ACC-01132,ACC-00774,4180.68,2026-09-02 11:01:22,0,normal,NONE
TX-003734,ACC-00872,ACC-01574,3225.12,2026-09-03 11:38:00,0,normal,NONE
TX-008250,ACC-00997,ACC-00130,7357.44,2026-09-04 15:32:19,0,normal,NONE
TX-012546,ACC-00041,ACC-00530,56976.38,2026-09-06 09:10:00,0,normal_high_value,NONE
TX-010077,ACC-01570,ACC-01101,15475.82,2026-09-08 23:30:23,0,normal,NONE
TX-004529,ACC-01958,ACC-00798,1951.7,2026-09-06 08:07:25,0,normal,NONE
TX-001655,ACC-01640,ACC-00644,2232.35,2026-09-03 14:41:10,0,normal,NONE
TX-004275,ACC-01263,ACC-01014,960.95,2026-09-07 20:00:15,0,normal,NONE
TX-000220,ACC-01151,ACC-00676,12066.84,2026-09-07 19:55:42,0,normal,NONE
TX-000224,ACC-00571,ACC-01176,4086.34,2026-09-07 08:38:59,0,normal,NONE
TX-011425,ACC-00491,ACC-01967,8037.38,2026-09-04 09:45:44,0,normal,NONE
TX-009771,ACC-01893,ACC-00591,15936.25,2026-09-03 21:02:02,0,normal,NONE
TX-009666,ACC-00172,ACC-00389,11201.78,2026-09-06 10:58:28,0,normal,NONE
TX-005983,ACC-01867,ACC-00768,10069.68,2026-09-07 10:38:18,0,normal,NONE
TX-004240,ACC-00702,ACC-01477,7527.08,2026-09-04 09:59:12,0,normal,NONE
TX-005883,ACC-01718,ACC-01990,13109.6,2026-09-08 08:03:30,0,normal,NONE
TX-001591,ACC-00875,ACC-00518,12459.23,2026-09-09 20:37:19,0,normal,NONE
TX-009281,ACC-01680,ACC-01154,1505.5,2026-09-09 17:32:37,0,normal,NONE
TX-003257,ACC-01959,ACC-01859,13136.15,2026-09-07 22:53:35,0,normal,NONE
TX-008140,ACC-00705,ACC-00462,1761.61,2026-09-01 08:57:52,0,normal,NONE
TX-008166,ACC-00769,ACC-00713,1910.79,2026-09-09 08:25:47,0,normal,NONE
TX-008919,ACC-00884,ACC-00161,4902.77,2026-09-02 12:42:45,0,normal,NONE
TX-002182,ACC-00532,ACC-01429,7923.98,2026-09-02 23:22:37,0,normal,NONE
TX-008495,ACC-00998,ACC-00869,12609.01,2026-09-06 17:26:06,0,normal,NONE
TX-009894,ACC-00286,ACC-01214,11277.77,2026-09-01 22:09:09,0,normal,NONE
TX-001474,ACC-00401,ACC-02000,3622.69,2026-09-04 10:21:12,0,normal,NONE
TX-006166,ACC-01081,ACC-00420,13709.11,2026-09-05 22:33:46,0,normal,NONE
TX-006104,ACC-01115,ACC-01638,5374.09,2026-09-07 23:54:08,0,normal,NONE
TX-010037,ACC-01165,ACC-01944,7538.82,2026-09-01 21:42:34,0,normal,NONE
TX-005218,ACC-01022,ACC-00302,771.5,2026-09-09 20:35:03,0,normal,NONE
TX-013213,ACC-00554,ACC-00520,45153.93,2026-09-07 11:38:00,0,normal_high_value,NONE
TX-009881,ACC-01161,ACC-00789,1287.79,2026-09-05 11:54:34,0,normal,NONE
TX-004818,ACC-00704,ACC-00465,15927.24,2026-09-03 22:38:16,0,normal,NONE
TX-008324,ACC-01205,ACC-00916,7278.21,2026-09-05 11:15:43,0,normal,NONE
TX-007976,ACC-01269,ACC-00043,13368.83,2026-09-04 11:09:33,0,normal,NONE
TX-006522,ACC-01533,ACC-01545,6592.36,2026-09-04 16:42:08,0,normal,NONE
TX-006508,ACC-01175,ACC-00330,5119.66,2026-09-01 17:54:33,0,normal,NONE
TX-001210,ACC-00089,ACC-00136,5443.59,2026-09-01 11:50:07,0,normal,NONE
TX-007607,ACC-01414,ACC-01477,13031.67,2026-09-07 13:47:31,0,normal,NONE
TX-000422,ACC-01726,ACC-01292,4181.17,2026-09-03 08:13:32,0,normal,NONE
TX-011588,ACC-01199,ACC-00732,13451.8,2026-09-05 08:42:22,0,normal,NONE
TX-001707,ACC-00485,ACC-00107,12216.02,2026-09-06 21:38:47,0,normal,NONE
TX-001159,ACC-01109,ACC-01909,2393.85,2026-09-06 21:28:47,0,normal,NONE
TX-002307,ACC-00539,ACC-00967,16819.25,2026-09-05 19:09:19,0,normal,NONE
TX-000274,ACC-00850,ACC-00110,7148.24,2026-09-06 15:24:05,0,normal,NONE
TX-000172,ACC-00889,ACC-00202,13691.45,2026-09-02 22:10:44,0,normal,NONE
TX-003957,ACC-01587,ACC-00248,9647.82,2026-09-08 18:53:14,0,normal,NONE
TX-005607,ACC-01255,ACC-00676,15954.41,2026-09-04 19:20:23,0,normal,NONE
TX-012242,FRAUD-10-RELAY,FRAUD-10-NEXTHOP,97069.86,2026-09-03 12:42:00,1,next_hop,NET-10
TX-004866,ACC-00813,ACC-00097,4294.56,2026-09-01 16:00:38,0,normal,NONE
TX-011205,ACC-00769,ACC-00284,16550.3,2026-09-03 15:12:24,0,normal,NONE
TX-003189,ACC-00817,ACC-00566,13746.73,2026-09-02 23:10:27,0,normal,NONE
TX-001726,ACC-00972,ACC-01559,3651.94,2026-09-03 09:08:12,0,normal,NONE
TX-008514,ACC-01610,ACC-01484,11808.53,2026-09-03 09:58:48,0,normal,NONE
TX-010402,ACC-01696,ACC-00793,16174.71,2026-09-09 20:45:22,0,normal,NONE
TX-001565,ACC-00488,ACC-01892,13061.05,2026-09-08 18:08:17,0,normal,NONE
TX-001783,ACC-01706,ACC-00868,12244.67,2026-09-08 16:58:36,0,normal,NONE
TX-000844,ACC-00573,ACC-00924,3254.41,2026-09-03 15:52:06,0,normal,NONE
TX-012389,ACC-00389,ACC-00902,87987.0,2026-09-08 09:04:00,0,normal_high_value,NONE
TX-010089,ACC-00345,ACC-01412,3723.93,2026-09-08 11:17:07,0,normal,NONE
TX-000905,ACC-00414,ACC-00220,8746.96,2026-09-02 09:36:41,0,normal,NONE
TX-003495,ACC-01919,ACC-01267,16508.83,2026-09-05 10:52:21,0,normal,NONE
TX-012819,ACC-00618,ACC-01199,37866.52,2026-09-01 22:32:00,0,normal_high_value,NONE
TX-008595,ACC-00153,ACC-00092,17321.99,2026-09-01 23:24:14,0,normal,NONE
TX-001548,ACC-00632,ACC-00910,962.43,2026-09-01 09:49:24,0,normal,NONE
TX-007397,ACC-00258,ACC-01761,11845.59,2026-09-08 11:08:12,0,normal,NONE
TX-011055,ACC-01058,ACC-00357,6738.69,2026-09-02 21:27:16,0,normal,NONE
TX-002081,ACC-01705,ACC-01685,483.48,2026-09-04 17:36:27,0,normal,NONE
TX-010863,ACC-01975,ACC-00092,13297.45,2026-09-01 21:16:26,0,normal,NONE
TX-009916,ACC-01935,ACC-01825,11793.0,2026-09-07 15:08:15,0,normal,NONE
TX-007934,ACC-00889,ACC-00155,5139.68,2026-09-01 10:00:03,0,normal,NONE
TX-003986,ACC-00944,ACC-00417,1119.41,2026-09-09 22:07:23,0,normal,NONE
TX-009814,ACC-00242,ACC-00355,4236.0,2026-09-02 08:02:09,0,normal,NONE
TX-008905,ACC-00029,ACC-00067,17939.19,2026-09-09 12:20:49,0,normal,NONE
TX-009424,ACC-00343,ACC-00954,9045.7,2026-09-04 13:33:58,0,normal,NONE
TX-011059,ACC-01432,ACC-01695,6482.09,2026-09-07 20:26:11,0,normal,NONE
TX-011765,ACC-01840,ACC-01550,9465.58,2026-09-03 10:26:21,0,normal,NONE
TX-007212,ACC-00844,ACC-01158,5010.19,2026-09-06 15:44:10,0,normal,NONE
TX-004678,ACC-00436,ACC-00867,15287.09,2026-09-07 08:50:32,0,normal,NONE
TX-006534,ACC-01615,ACC-01618,14807.55,2026-09-03 19:11:17,0,normal,NONE
TX-003821,ACC-01651,ACC-01133,17278.2,2026-09-02 11:48:24,0,normal,NONE
TX-005210,ACC-01374,ACC-00276,3001.31,2026-09-02 16:42:33,0,normal,NONE
TX-002647,ACC-00720,ACC-01536,7355.81,2026-09-02 15:40:41,0,normal,NONE
TX-007862,ACC-01895,ACC-00086,17596.08,2026-09-06 10:21:27,0,normal,NONE
TX-012413,ACC-00107,ACC-00193,89425.64,2026-09-04 17:09:00,0,normal_high_value,NONE
TX-011184,ACC-00866,ACC-00145,15678.06,2026-09-01 16:25:19,0,normal,NONE
TX-000257,ACC-01143,ACC-01390,6970.42,2026-09-05 12:21:05,0,normal,NONE
TX-008731,ACC-01521,ACC-01164,3265.92,2026-09-08 20:57:30,0,normal,NONE
TX-010971,ACC-00515,ACC-01665,6402.96,2026-09-04 15:00:18,0,normal,NONE
TX-004351,ACC-00118,ACC-00732,1301.81,2026-09-07 19:16:20,0,normal,NONE
TX-009337,ACC-00422,ACC-01956,13587.98,2026-09-02 09:09:24,0,normal,NONE
TX-007258,ACC-00267,ACC-01575,2304.87,2026-09-04 08:30:09,0,normal,NONE
TX-008189,ACC-00719,ACC-01580,9897.58,2026-09-09 13:35:07,0,normal,NONE
TX-005924,ACC-01729,ACC-01446,6430.63,2026-09-05 12:06:23,0,normal,NONE
TX-006366,ACC-01253,ACC-00526,3563.48,2026-09-02 21:34:24,0,normal,NONE
TX-012935,ACC-00912,ACC-00441,85231.51,2026-09-02 12:28:00,0,normal_high_value,NONE
TX-002156,ACC-01721,ACC-00896,10097.54,2026-09-08 16:43:07,0,normal,NONE
TX-009670,ACC-00027,ACC-01720,7776.25,2026-09-04 21:57:07,0,normal,NONE
TX-007371,ACC-01205,ACC-00435,8048.73,2026-09-09 21:24:12,0,normal,NONE
TX-011772,ACC-01477,ACC-01908,8870.67,2026-09-03 22:26:55,0,normal,NONE
TX-006686,ACC-01270,ACC-00025,8435.67,2026-09-02 13:15:43,0,normal,NONE
TX-003716,ACC-01847,ACC-00126,345.05,2026-09-09 13:17:34,0,normal,NONE
TX-007854,ACC-01606,ACC-00006,8010.53,2026-09-06 18:14:11,0,normal,NONE
TX-004058,ACC-01657,ACC-01570,4129.66,2026-09-01 13:42:47,0,normal,NONE
TX-010837,ACC-01462,ACC-00234,6184.16,2026-09-09 22:17:52,0,normal,NONE
TX-010984,ACC-01338,ACC-00175,10470.3,2026-09-06 08:31:14,0,normal,NONE
TX-003623,ACC-01120,ACC-00948,13139.06,2026-09-02 23:41:40,0,normal,NONE
TX-005649,ACC-00318,ACC-00817,9413.7,2026-09-03 12:57:25,0,normal,NONE
TX-007882,ACC-00879,ACC-01055,5471.76,2026-09-01 23:41:09,0,normal,NONE
TX-006404,ACC-00893,ACC-01267,17634.87,2026-09-09 20:25:23,0,normal,NONE
TX-003103,ACC-01824,ACC-00281,16834.43,2026-09-09 21:26:03,0,normal,NONE
TX-007355,ACC-00724,ACC-01632,7457.9,2026-09-02 23:27:42,0,normal,NONE
TX-000559,ACC-00921,ACC-00955,5666.32,2026-09-02 19:49:13,0,normal,NONE
TX-012215,FRAUD-09-SRC-15,FRAUD-09-COLLECTOR,8054.91,2026-09-04 18:28:00,1,funneling,NET-09
TX-007717,ACC-00959,ACC-01935,16655.8,2026-09-03 19:47:01,0,normal,NONE
TX-001437,ACC-00942,ACC-01965,10799.26,2026-09-01 12:41:59,0,normal,NONE
TX-000508,ACC-01796,ACC-00562,1698.25,2026-09-06 16:05:23,0,normal,NONE
TX-005276,ACC-01815,ACC-01696,10011.24,2026-09-05 23:49:21,0,normal,NONE
TX-004473,ACC-00469,ACC-00888,8675.23,2026-09-07 13:40:06,0,normal,NONE
TX-001870,ACC-01733,ACC-01818,12918.78,2026-09-07 11:37:50,0,normal,NONE
TX-005664,ACC-00928,ACC-01433,2746.96,2026-09-05 21:05:42,0,normal,NONE
TX-007874,ACC-01558,ACC-00241,6639.51,2026-09-09 18:06:58,0,normal,NONE
TX-005931,ACC-00763,ACC-00047,4299.64,2026-09-02 19:48:37,0,normal,NONE
TX-009245,ACC-01376,ACC-01826,4547.86,2026-09-01 21:56:01,0,normal,NONE
TX-000756,ACC-01898,ACC-00897,6877.82,2026-09-01 23:10:34,0,normal,NONE
TX-008611,ACC-00750,ACC-01946,6451.63,2026-09-04 19:37:35,0,normal,NONE
TX-002340,ACC-00869,ACC-00556,4208.96,2026-09-04 19:01:08,0,normal,NONE
TX-004051,ACC-00633,ACC-01205,6703.08,2026-09-03 10:58:00,0,normal,NONE
TX-008723,ACC-01031,ACC-01249,14267.01,2026-09-06 10:45:44,0,normal,NONE
TX-003837,ACC-00765,ACC-00161,17853.57,2026-09-05 12:11:18,0,normal,NONE
TX-004387,ACC-00351,ACC-00467,8498.04,2026-09-01 09:45:52,0,normal,NONE
TX-006333,ACC-01006,ACC-01744,8933.84,2026-09-01 10:17:42,0,normal,NONE
TX-010975,ACC-01292,ACC-01895,223.51,2026-09-01 15:01:03,0,normal,NONE
TX-010311,ACC-01293,ACC-00178,6723.9,2026-09-09 21:26:15,0,normal,NONE
TX-006622,ACC-00558,ACC-01923,6804.34,2026-09-05 15:15:55,0,normal,NONE
TX-002119,ACC-01523,ACC-00048,5452.73,2026-09-08 14:06:16,0,normal,NONE
TX-011056,ACC-00083,ACC-01818,3096.3,2026-09-01 12:56:59,0,normal,NONE
TX-000730,ACC-00794,ACC-00854,17221.5,2026-09-06 09:00:47,0,normal,NONE
TX-000502,ACC-01429,ACC-00734,15304.91,2026-09-09 20:13:27,0,normal,NONE
TX-007635,ACC-00983,ACC-01266,3066.82,2026-09-04 11:27:52,0,normal,NONE
TX-000644,ACC-01317,ACC-00564,7640.05,2026-09-07 19:29:16,0,normal,NONE
TX-000913,ACC-01570,ACC-01308,10386.61,2026-09-08 21:56:06,0,normal,NONE
TX-001540,ACC-00813,ACC-00078,213.06,2026-09-02 12:20:42,0,normal,NONE
TX-009393,ACC-00272,ACC-01485,2118.61,2026-09-07 14:55:39,0,normal,NONE
TX-001212,ACC-00060,ACC-00186,2637.11,2026-09-05 19:22:10,0,normal,NONE
TX-007093,ACC-01436,ACC-01824,7305.96,2026-09-01 17:50:56,0,normal,NONE
TX-009764,ACC-01820,ACC-00389,13844.24,2026-09-06 11:12:43,0,normal,NONE
TX-012089,FRAUD-04-SRC-14,FRAUD-04-COLLECTOR,5911.01,2026-09-04 12:26:00,1,funneling,NET-04
TX-000673,ACC-01490,ACC-00269,3817.2,2026-09-01 13:07:23,0,normal,NONE
TX-004916,ACC-00194,ACC-00836,3618.09,2026-09-02 13:38:29,0,normal,NONE
TX-006107,ACC-00459,ACC-01249,1930.6,2026-09-05 08:19:18,0,normal,NONE
TX-007629,ACC-00830,ACC-01996,10390.36,2026-09-09 17:45:46,0,normal,NONE
TX-003378,ACC-00671,ACC-01432,5288.78,2026-09-03 22:26:37,0,normal,NONE
TX-004477,ACC-01335,ACC-01716,61.35,2026-09-07 14:15:59,0,normal,NONE
TX-005616,ACC-00581,ACC-00859,10043.08,2026-09-06 15:42:00,0,normal,NONE
TX-011643,ACC-00465,ACC-01214,4982.18,2026-09-05 08:48:24,0,normal,NONE
TX-001465,ACC-01541,ACC-00842,4211.35,2026-09-01 22:24:29,0,normal,NONE
TX-004746,ACC-01688,ACC-00294,8929.22,2026-09-02 20:41:12,0,normal,NONE
TX-011818,ACC-01444,ACC-00836,3774.07,2026-09-09 10:14:01,0,normal,NONE
TX-001193,ACC-01502,ACC-01179,335.46,2026-09-05 13:37:03,0,normal,NONE
TX-007153,ACC-01101,ACC-00709,3403.94,2026-09-09 22:56:15,0,normal,NONE
TX-003794,ACC-00125,ACC-01801,2458.61,2026-09-04 22:13:25,0,normal,NONE
TX-001873,ACC-01244,ACC-00785,7739.05,2026-09-06 19:57:40,0,normal,NONE
TX-007446,ACC-01827,ACC-01169,11221.01,2026-09-01 20:19:38,0,normal,NONE
TX-003591,ACC-00258,ACC-00077,4414.92,2026-09-01 17:17:36,0,normal,NONE
TX-006361,ACC-00152,ACC-01874,2277.19,2026-09-05 14:19:41,0,normal,NONE
TX-003159,ACC-01776,ACC-01407,16633.3,2026-09-08 21:29:48,0,normal,NONE
TX-007488,ACC-01077,ACC-01890,3111.18,2026-09-01 22:10:30,0,normal,NONE
TX-010693,ACC-00611,ACC-00219,6848.25,2026-09-09 21:44:24,0,normal,NONE
TX-000506,ACC-01757,ACC-00324,7954.32,2026-09-01 21:12:44,0,normal,NONE
TX-000244,ACC-01963,ACC-01678,11625.06,2026-09-03 15:06:09,0,normal,NONE
TX-007414,ACC-01721,ACC-01579,17231.2,2026-09-08 13:17:51,0,normal,NONE
TX-006720,ACC-00751,ACC-00222,14181.19,2026-09-08 20:36:43,0,normal,NONE
TX-007349,ACC-01442,ACC-01125,3311.79,2026-09-08 08:03:42,0,normal,NONE
TX-005679,ACC-01523,ACC-01385,16211.16,2026-09-01 18:21:31,0,normal,NONE
TX-000507,ACC-01863,ACC-00271,15881.02,2026-09-05 13:55:59,0,normal,NONE
TX-010951,ACC-01119,ACC-00387,12305.25,2026-09-02 16:27:07,0,normal,NONE
TX-006502,ACC-00669,ACC-00949,13982.51,2026-09-05 17:14:50,0,normal,NONE
TX-009815,ACC-00593,ACC-00187,6533.92,2026-09-02 23:54:58,0,normal,NONE
TX-008283,ACC-00427,ACC-01565,2930.03,2026-09-05 08:14:53,0,normal,NONE
TX-009069,ACC-00809,ACC-00693,14670.34,2026-09-02 21:00:34,0,normal,NONE
TX-004718,ACC-01888,ACC-00799,3587.58,2026-09-01 08:28:58,0,normal,NONE
TX-006223,ACC-01963,ACC-00252,7642.85,2026-09-09 14:13:23,0,normal,NONE
TX-008142,ACC-00813,ACC-01777,11477.45,2026-09-03 14:34:41,0,normal,NONE
TX-011155,ACC-00807,ACC-00022,8054.47,2026-09-08 13:03:19,0,normal,NONE
TX-008489,ACC-01956,ACC-00090,8734.84,2026-09-07 17:34:29,0,normal,NONE
TX-001774,ACC-01740,ACC-01776,14020.07,2026-09-03 17:29:09,0,normal,NONE
TX-007603,ACC-00718,ACC-00990,16592.18,2026-09-03 10:33:17,0,normal,NONE
TX-003011,ACC-01160,ACC-01250,7825.98,2026-09-01 12:25:37,0,normal,NONE
TX-000273,ACC-00188,ACC-01939,16390.88,2026-09-08 19:59:01,0,normal,NONE
TX-010816,ACC-00952,ACC-00935,122.34,2026-09-06 16:42:36,0,normal,NONE
TX-000798,ACC-01351,ACC-00267,16237.69,2026-09-09 08:57:49,0,normal,NONE
TX-003619,ACC-00350,ACC-00482,542.2,2026-09-05 12:02:08,0,normal,NONE
TX-002382,ACC-01598,ACC-00311,10140.64,2026-09-09 09:51:34,0,normal,NONE
TX-002830,ACC-00336,ACC-00741,1774.93,2026-09-05 17:34:44,0,normal,NONE
TX-008256,ACC-00454,ACC-01233,11673.19,2026-09-06 15:48:03,0,normal,NONE
TX-007009,ACC-00458,ACC-00605,13942.72,2026-09-09 15:57:24,0,normal,NONE
TX-005587,ACC-01741,ACC-01973,797.0,2026-09-07 13:47:27,0,normal,NONE
TX-012353,ACC-01414,ACC-01244,55671.45,2026-09-05 22:45:00,0,normal_high_value,NONE
TX-011583,ACC-00839,ACC-00109,8224.31,2026-09-03 11:01:37,0,normal,NONE
TX-004634,ACC-01433,ACC-01869,1897.29,2026-09-02 22:31:27,0,normal,NONE
TX-000313,ACC-00177,ACC-00135,5581.05,2026-09-08 21:49:26,0,normal,NONE
TX-006511,ACC-01668,ACC-00542,16603.44,2026-09-07 19:06:32,0,normal,NONE
TX-000747,ACC-00169,ACC-01942,1745.3,2026-09-09 08:40:04,0,normal,NONE
TX-003570,ACC-00413,ACC-00790,16031.66,2026-09-07 09:16:54,0,normal,NONE
TX-000791,ACC-00301,ACC-00115,3010.82,2026-09-03 20:38:36,0,normal,NONE
TX-002477,ACC-01875,ACC-01703,5966.9,2026-09-03 20:52:14,0,normal,NONE
TX-008631,ACC-00391,ACC-00266,8067.67,2026-09-03 13:16:42,0,normal,NONE
TX-006121,ACC-00632,ACC-01389,11142.01,2026-09-08 23:13:40,0,normal,NONE
TX-005558,ACC-00219,ACC-00179,2102.29,2026-09-06 13:52:20,0,normal,NONE
TX-012363,ACC-01465,ACC-00575,74099.8,2026-09-05 09:53:00,0,normal_high_value,NONE
TX-002571,ACC-01952,ACC-00663,12714.31,2026-09-05 12:15:33,0,normal,NONE
TX-005754,ACC-00677,ACC-00722,9633.17,2026-09-08 08:00:42,0,normal,NONE
TX-008746,ACC-00892,ACC-00899,6004.47,2026-09-01 09:17:12,0,normal,NONE
TX-011455,ACC-01975,ACC-00084,3919.83,2026-09-08 23:12:59,0,normal,NONE
TX-006449,ACC-01453,ACC-00407,15905.68,2026-09-03 14:40:52,0,normal,NONE
TX-005600,ACC-00321,ACC-00305,3449.64,2026-09-09 18:18:00,0,normal,NONE
TX-009682,ACC-01930,ACC-00106,12378.25,2026-09-06 16:32:29,0,normal,NONE
TX-004356,ACC-01777,ACC-00086,13148.81,2026-09-08 08:15:26,0,normal,NONE
TX-002164,ACC-00118,ACC-01989,10307.81,2026-09-01 23:38:40,0,normal,NONE
TX-009718,ACC-01150,ACC-00210,15028.75,2026-09-03 13:24:27,0,normal,NONE
TX-009527,ACC-00237,ACC-00491,5884.29,2026-09-08 21:51:11,0,normal,NONE
TX-000381,ACC-00741,ACC-00160,16512.06,2026-09-02 09:53:35,0,normal,NONE
TX-012068,FRAUD-03-NEXTHOP,FRAUD-03-OUT-01,14550.28,2026-09-02 09:48:00,1,fan_out,NET-03
TX-001293,ACC-01230,ACC-00533,2703.54,2026-09-06 13:36:07,0,normal,NONE
TX-001913,ACC-00224,ACC-01396,916.69,2026-09-04 11:14:07,0,normal,NONE
TX-008075,ACC-01764,ACC-01659,7275.21,2026-09-04 16:59:39,0,normal,NONE
TX-000600,ACC-00982,ACC-01616,15555.63,2026-09-04 13:28:04,0,normal,NONE
TX-003893,ACC-00659,ACC-00769,16983.22,2026-09-05 17:37:56,0,normal,NONE
TX-004142,ACC-01672,ACC-01099,16750.19,2026-09-08 11:35:09,0,normal,NONE
TX-005541,ACC-00678,ACC-01653,3700.71,2026-09-02 21:49:36,0,normal,NONE
TX-001653,ACC-01715,ACC-01198,9710.89,2026-09-02 14:42:57,0,normal,NONE
TX-003635,ACC-00722,ACC-00213,10587.87,2026-09-05 19:11:38,0,normal,NONE
TX-006796,ACC-00282,ACC-01124,3389.42,2026-09-01 11:54:44,0,normal,NONE
TX-011278,ACC-01672,ACC-01401,1849.81,2026-09-04 21:51:26,0,normal,NONE
TX-001894,ACC-01778,ACC-00108,4689.18,2026-09-01 11:03:19,0,normal,NONE
TX-001945,ACC-01885,ACC-00619,10754.76,2026-09-03 21:43:56,0,normal,NONE
TX-003396,ACC-00665,ACC-00220,784.24,2026-09-05 08:42:38,0,normal,NONE
TX-003389,ACC-01825,ACC-00614,16758.46,2026-09-09 14:35:19,0,normal,NONE
TX-006503,ACC-01546,ACC-00060,8355.18,2026-09-03 17:53:24,0,normal,NONE
TX-004363,ACC-00690,ACC-00314,10003.19,2026-09-02 14:23:24,0,normal,NONE
TX-012947,ACC-01938,ACC-01865,87894.68,2026-09-08 11:46:00,0,normal_high_value,NONE
TX-000376,ACC-00831,ACC-01406,9055.32,2026-09-05 11:40:58,0,normal,NONE
TX-001967,ACC-00205,ACC-01965,10605.97,2026-09-06 16:25:24,0,normal,NONE
TX-003958,ACC-00083,ACC-00917,15811.95,2026-09-09 11:57:57,0,normal,NONE
TX-006196,ACC-01605,ACC-01078,11911.67,2026-09-02 18:57:21,0,normal,NONE
TX-011626,ACC-00297,ACC-01623,13636.06,2026-09-02 19:21:58,0,normal,NONE
TX-004424,ACC-01554,ACC-01022,9118.45,2026-09-04 11:22:37,0,normal,NONE
TX-005352,ACC-01914,ACC-00986,4199.33,2026-09-06 15:40:57,0,normal,NONE
TX-005697,ACC-01648,ACC-00578,8479.24,2026-09-05 16:28:19,0,normal,NONE
TX-001244,ACC-01328,ACC-00640,10673.72,2026-09-02 17:07:21,0,normal,NONE
TX-012866,ACC-01669,ACC-00560,56594.79,2026-09-07 11:13:00,0,normal_high_value,NONE
TX-010676,ACC-00421,ACC-01835,3037.12,2026-09-07 20:26:54,0,normal,NONE
TX-007959,ACC-01076,ACC-00878,17077.62,2026-09-08 17:56:45,0,normal,NONE
TX-000942,ACC-00429,ACC-01516,9693.34,2026-09-04 16:35:30,0,normal,NONE
TX-009153,ACC-00987,ACC-01033,3396.45,2026-09-01 16:39:58,0,normal,NONE
TX-001472,ACC-00633,ACC-01236,6185.35,2026-09-06 08:33:37,0,normal,NONE
TX-003347,ACC-01066,ACC-01839,11442.32,2026-09-02 23:33:43,0,normal,NONE
TX-004523,ACC-01439,ACC-00608,6213.62,2026-09-07 14:58:52,0,normal,NONE
TX-002658,ACC-00080,ACC-01972,8784.32,2026-09-02 23:16:34,0,normal,NONE
TX-002854,ACC-00375,ACC-01181,3837.34,2026-09-02 15:03:17,0,normal,NONE
TX-004507,ACC-01299,ACC-01804,13790.39,2026-09-09 18:47:15,0,normal,NONE
TX-012562,ACC-01011,ACC-01050,33857.24,2026-09-04 18:54:00,0,normal_high_value,NONE
TX-011905,ACC-01431,ACC-00449,4876.32,2026-09-05 21:14:23,0,normal,NONE
TX-012954,ACC-00998,ACC-00646,46428.75,2026-09-06 14:38:00,0,normal_high_value,NONE
TX-004046,ACC-01663,ACC-01101,499.21,2026-09-09 15:07:08,0,normal,NONE
TX-008638,ACC-00388,ACC-00001,11562.06,2026-09-01 09:25:15,0,normal,NONE
TX-004063,ACC-01724,ACC-00102,9323.3,2026-09-08 23:58:37,0,normal,NONE
TX-005327,ACC-00990,ACC-00468,8612.32,2026-09-03 17:56:10,0,normal,NONE
TX-008662,ACC-00622,ACC-01031,14867.95,2026-09-07 22:18:29,0,normal,NONE
TX-006579,ACC-00057,ACC-01149,11800.66,2026-09-08 10:55:10,0,normal,NONE
TX-009979,ACC-00623,ACC-00087,15763.97,2026-09-07 18:47:00,0,normal,NONE
TX-002800,ACC-00432,ACC-00493,8313.94,2026-09-03 09:05:03,0,normal,NONE
TX-004307,ACC-00118,ACC-01874,16669.14,2026-09-06 21:36:44,0,normal,NONE
TX-009884,ACC-01997,ACC-01416,2721.21,2026-09-01 21:32:56,0,normal,NONE
TX-005140,ACC-01747,ACC-01625,5394.45,2026-09-02 11:38:44,0,normal,NONE
TX-009596,ACC-00893,ACC-00334,15049.34,2026-09-04 22:32:23,0,normal,NONE
TX-010201,ACC-00007,ACC-01524,13386.85,2026-09-06 12:05:29,0,normal,NONE
TX-007245,ACC-01823,ACC-00281,17295.22,2026-09-02 13:58:56,0,normal,NONE
TX-000299,ACC-01942,ACC-00118,1369.24,2026-09-07 19:32:51,0,normal,NONE
TX-003991,ACC-00786,ACC-00103,2932.72,2026-09-03 18:16:49,0,normal,NONE
TX-001050,ACC-00832,ACC-00782,7844.72,2026-09-04 13:30:08,0,normal,NONE
TX-010815,ACC-01499,ACC-00231,6836.61,2026-09-03 17:38:50,0,normal,NONE
TX-003824,ACC-00963,ACC-00908,11741.15,2026-09-06 15:46:14,0,normal,NONE
TX-008779,ACC-00010,ACC-01681,9424.28,2026-09-07 09:05:01,0,normal,NONE
TX-010607,ACC-00158,ACC-00361,17037.36,2026-09-03 20:13:20,0,normal,NONE
TX-002036,ACC-01354,ACC-00658,15051.28,2026-09-03 22:29:01,0,normal,NONE
TX-004040,ACC-00767,ACC-01856,11742.53,2026-09-06 19:54:03,0,normal,NONE
TX-008704,ACC-01432,ACC-00074,8952.06,2026-09-08 10:11:09,0,normal,NONE
TX-008664,ACC-00512,ACC-01516,6613.86,2026-09-07 19:02:35,0,normal,NONE
TX-012399,ACC-01032,ACC-01327,52404.75,2026-09-06 23:05:00,0,normal_high_value,NONE
TX-007021,ACC-01704,ACC-00647,10958.97,2026-09-08 08:02:01,0,normal,NONE
TX-001973,ACC-01447,ACC-01076,7043.43,2026-09-02 13:41:09,0,normal,NONE
TX-009512,ACC-00558,ACC-00029,12145.2,2026-09-05 14:36:27,0,normal,NONE
TX-002100,ACC-01770,ACC-01002,10827.04,2026-09-04 08:18:17,0,normal,NONE
TX-001500,ACC-00085,ACC-00953,9230.47,2026-09-06 21:28:29,0,normal,NONE
TX-005206,ACC-00783,ACC-01887,8113.62,2026-09-09 08:43:21,0,normal,NONE
TX-003513,ACC-00833,ACC-00386,3525.73,2026-09-01 11:17:58,0,normal,NONE
TX-007774,ACC-00978,ACC-00118,12505.42,2026-09-02 22:17:36,0,normal,NONE
TX-009271,ACC-00712,ACC-01067,2091.63,2026-09-07 13:48:10,0,normal,NONE
TX-000653,ACC-01732,ACC-00349,15134.68,2026-09-09 13:18:06,0,normal,NONE
TX-000171,ACC-00481,ACC-01293,12325.5,2026-09-05 15:47:05,0,normal,NONE
TX-006829,ACC-01412,ACC-00704,3203.41,2026-09-07 14:25:10,0,normal,NONE
TX-007131,ACC-01664,ACC-00042,6001.94,2026-09-01 16:59:42,0,normal,NONE
TX-009759,ACC-00424,ACC-01602,8942.5,2026-09-07 18:03:16,0,normal,NONE
TX-004086,ACC-00882,ACC-00398,3348.31,2026-09-08 17:41:02,0,normal,NONE
TX-000243,ACC-01297,ACC-00234,9560.27,2026-09-04 19:22:46,0,normal,NONE
TX-010447,ACC-01401,ACC-01906,350.65,2026-09-01 23:31:14,0,normal,NONE
TX-005799,ACC-01965,ACC-00311,4218.41,2026-09-07 20:31:03,0,normal,NONE
TX-012022,FRAUD-01-NEXTHOP,FRAUD-01-OUT-05,12775.7,2026-09-05 13:52:00,1,fan_out,NET-01
TX-004372,ACC-00315,ACC-00084,4107.89,2026-09-08 22:30:18,0,normal,NONE
TX-001645,ACC-00494,ACC-00813,8805.49,2026-09-03 20:49:44,0,normal,NONE
TX-006356,ACC-00473,ACC-01169,17524.51,2026-09-03 12:37:14,0,normal,NONE
TX-007372,ACC-01700,ACC-00787,14148.79,2026-09-05 20:48:21,0,normal,NONE
TX-009543,ACC-00449,ACC-01118,8837.17,2026-09-05 17:30:56,0,normal,NONE
TX-005595,ACC-01364,ACC-01634,9947.91,2026-09-07 23:33:19,0,normal,NONE
TX-002757,ACC-01966,ACC-00106,4431.68,2026-09-03 11:18:23,0,normal,NONE
TX-005795,ACC-01077,ACC-01948,10850.11,2026-09-09 10:37:24,0,normal,NONE
TX-013142,ACC-00109,ACC-00720,36299.94,2026-09-07 23:44:00,0,normal_high_value,NONE
TX-010193,ACC-00772,ACC-00728,8218.0,2026-09-05 21:23:53,0,normal,NONE
TX-009949,ACC-01070,ACC-01001,2294.08,2026-09-05 10:32:06,0,normal,NONE
TX-009555,ACC-01402,ACC-00233,16552.77,2026-09-08 14:43:46,0,normal,NONE
TX-005232,ACC-00566,ACC-01054,208.15,2026-09-04 14:49:23,0,normal,NONE
TX-002077,ACC-00561,ACC-00997,7911.72,2026-09-03 17:58:16,0,normal,NONE
TX-004104,ACC-00904,ACC-00041,17964.14,2026-09-08 14:11:19,0,normal,NONE
TX-007494,ACC-00688,ACC-01867,9128.83,2026-09-09 11:37:40,0,normal,NONE
TX-012672,ACC-00160,ACC-01834,36310.99,2026-09-04 12:01:00,0,normal_high_value,NONE
TX-003997,ACC-00734,ACC-01237,2274.34,2026-09-09 21:46:32,0,normal,NONE
TX-004802,ACC-01151,ACC-01519,15413.57,2026-09-06 21:40:10,0,normal,NONE
TX-005969,ACC-01405,ACC-00729,7011.99,2026-09-04 22:04:00,0,normal,NONE
TX-008373,ACC-01092,ACC-01369,15545.71,2026-09-01 23:44:32,0,normal,NONE
TX-007279,ACC-01174,ACC-01305,917.87,2026-09-07 21:40:31,0,normal,NONE
TX-010472,ACC-00051,ACC-01518,6470.86,2026-09-05 13:56:52,0,normal,NONE
TX-012402,ACC-01607,ACC-00144,75218.77,2026-09-05 09:27:00,0,normal_high_value,NONE
TX-003967,ACC-00113,ACC-01507,2095.61,2026-09-07 17:52:09,0,normal,NONE
TX-009186,ACC-01390,ACC-00276,3077.7,2026-09-08 22:21:39,0,normal,NONE
TX-012968,ACC-01231,ACC-01213,23647.36,2026-09-05 08:25:00,0,normal_high_value,NONE
TX-012421,ACC-00679,ACC-01404,63375.92,2026-09-02 23:34:00,0,normal_high_value,NONE
TX-003604,ACC-01107,ACC-01703,523.81,2026-09-09 18:45:45,0,normal,NONE
TX-006755,ACC-01187,ACC-01518,3447.24,2026-09-08 21:37:04,0,normal,NONE
TX-008792,ACC-01905,ACC-00568,14572.49,2026-09-02 13:38:33,0,normal,NONE
TX-005850,ACC-01293,ACC-00924,406.14,2026-09-04 16:01:49,0,normal,NONE
TX-008130,ACC-00249,ACC-01139,13671.18,2026-09-01 10:51:33,0,normal,NONE
TX-013149,ACC-01262,ACC-00557,88166.85,2026-09-08 09:59:00,0,normal_high_value,NONE
TX-011014,ACC-01651,ACC-00043,4646.65,2026-09-09 20:13:09,0,normal,NONE
TX-004662,ACC-00293,ACC-01677,12105.58,2026-09-07 12:48:28,0,normal,NONE
TX-004079,ACC-01630,ACC-01360,16810.2,2026-09-07 13:48:56,0,normal,NONE
TX-006055,ACC-00537,ACC-00904,7152.85,2026-09-07 20:58:24,0,normal,NONE
TX-011194,ACC-01463,ACC-01195,11033.48,2026-09-09 22:28:38,0,normal,NONE
TX-005975,ACC-01672,ACC-01394,7302.99,2026-09-06 19:35:50,0,normal,NONE
TX-010612,ACC-00998,ACC-01378,3315.51,2026-09-09 13:56:58,0,normal,NONE
TX-000641,ACC-01388,ACC-00424,4858.12,2026-09-07 08:55:49,0,normal,NONE
TX-001271,ACC-01510,ACC-00799,14509.03,2026-09-04 21:13:09,0,normal,NONE
TX-008098,ACC-00131,ACC-00173,6674.26,2026-09-03 22:47:01,0,normal,NONE
TX-002779,ACC-00616,ACC-01642,15539.0,2026-09-02 12:35:14,0,normal,NONE
TX-004604,ACC-00618,ACC-00942,13934.22,2026-09-08 13:20:51,0,normal,NONE
TX-004933,ACC-01840,ACC-00368,16284.77,2026-09-02 13:45:12,0,normal,NONE
TX-006061,ACC-01345,ACC-01342,639.71,2026-09-05 10:16:50,0,normal,NONE
TX-001986,ACC-01006,ACC-00897,12225.71,2026-09-04 14:47:10,0,normal,NONE
TX-003862,ACC-01418,ACC-00736,10526.54,2026-09-06 11:24:02,0,normal,NONE
TX-003481,ACC-01266,ACC-00201,13323.5,2026-09-07 12:40:15,0,normal,NONE
TX-001535,ACC-01102,ACC-00598,12006.49,2026-09-02 14:58:31,0,normal,NONE
TX-000326,ACC-01558,ACC-00759,9279.34,2026-09-02 18:15:29,0,normal,NONE
TX-012526,ACC-01876,ACC-00691,83123.92,2026-09-03 22:29:00,0,normal_high_value,NONE
TX-005765,ACC-01571,ACC-00944,1294.38,2026-09-06 20:23:38,0,normal,NONE
TX-002339,ACC-01783,ACC-00646,16713.81,2026-09-04 14:19:10,0,normal,NONE
TX-010392,ACC-00188,ACC-00825,17844.18,2026-09-05 15:13:42,0,normal,NONE
TX-003981,ACC-00275,ACC-00480,10669.11,2026-09-08 11:21:23,0,normal,NONE
TX-009945,ACC-00178,ACC-00406,11340.64,2026-09-04 08:28:49,0,normal,NONE
TX-008257,ACC-01592,ACC-01140,16071.83,2026-09-03 22:41:33,0,normal,NONE
TX-004055,ACC-01480,ACC-00821,2323.4,2026-09-07 16:30:20,0,normal,NONE
TX-002238,ACC-00038,ACC-01453,5856.47,2026-09-02 17:46:45,0,normal,NONE
TX-005230,ACC-01630,ACC-00008,2547.91,2026-09-02 21:36:47,0,normal,NONE
TX-011853,ACC-01198,ACC-01168,3854.38,2026-09-04 14:02:38,0,normal,NONE
TX-004572,ACC-00206,ACC-00996,2457.65,2026-09-03 08:30:26,0,normal,NONE
TX-012815,ACC-00209,ACC-00547,28706.72,2026-09-03 11:11:00,0,normal_high_value,NONE
TX-005475,ACC-00987,ACC-01879,10969.07,2026-09-08 09:27:00,0,normal,NONE
TX-007455,ACC-00434,ACC-01212,16331.13,2026-09-09 08:17:44,0,normal,NONE
TX-001269,ACC-01170,ACC-01505,9014.47,2026-09-02 16:31:56,0,normal,NONE
TX-000865,ACC-00957,ACC-01997,15678.75,2026-09-05 22:08:44,0,normal,NONE
TX-010614,ACC-01428,ACC-00272,1069.5,2026-09-05 15:11:02,0,normal,NONE
TX-004943,ACC-00423,ACC-00442,17334.58,2026-09-08 14:59:27,0,normal,NONE
TX-002254,ACC-01344,ACC-00353,12306.66,2026-09-02 20:37:41,0,normal,NONE
TX-006011,ACC-01155,ACC-00667,4759.75,2026-09-06 08:52:25,0,normal,NONE
TX-006912,ACC-01972,ACC-01033,2012.66,2026-09-06 16:12:22,0,normal,NONE
TX-008672,ACC-00619,ACC-00991,656.54,2026-09-04 21:52:17,0,normal,NONE
TX-006999,ACC-00697,ACC-00034,13989.45,2026-09-01 10:44:23,0,normal,NONE
TX-000372,ACC-01371,ACC-00196,3342.37,2026-09-03 23:20:59,0,normal,NONE
TX-009498,ACC-00596,ACC-01047,5218.56,2026-09-06 16:19:59,0,normal,NONE
TX-012564,ACC-01579,ACC-00840,49770.44,2026-09-02 23:26:00,0,normal_high_value,NONE
TX-000610,ACC-00237,ACC-00632,14132.08,2026-09-08 23:57:42,0,normal,NONE
TX-004652,ACC-00202,ACC-01596,4960.74,2026-09-01 20:51:22,0,normal,NONE
TX-011080,ACC-00327,ACC-00675,12507.84,2026-09-02 22:49:24,0,normal,NONE
TX-011547,ACC-01557,ACC-00912,14557.78,2026-09-09 14:02:12,0,normal,NONE
TX-009226,ACC-00619,ACC-01545,10361.48,2026-09-04 10:07:05,0,normal,NONE
TX-012309,ACC-01896,ACC-01990,53773.09,2026-09-07 12:39:00,0,normal_high_value,NONE
TX-010347,ACC-00922,ACC-01030,15476.68,2026-09-05 12:16:24,0,normal,NONE
TX-011611,ACC-01046,ACC-00212,7086.15,2026-09-05 08:13:10,0,normal,NONE
TX-012783,ACC-01961,ACC-01738,23042.87,2026-09-01 21:24:00,0,normal_high_value,NONE
TX-009973,ACC-01371,ACC-01416,11449.96,2026-09-04 08:52:16,0,normal,NONE
TX-005831,ACC-01006,ACC-01571,1608.29,2026-09-01 20:14:06,0,normal,NONE
TX-002365,ACC-00266,ACC-01650,16962.36,2026-09-04 10:47:06,0,normal,NONE
TX-003214,ACC-00546,ACC-00509,4214.71,2026-09-03 18:27:11,0,normal,NONE
TX-007767,ACC-00159,ACC-01443,16126.79,2026-09-08 11:36:04,0,normal,NONE
TX-007149,ACC-01327,ACC-01134,1225.66,2026-09-06 15:31:24,0,normal,NONE
TX-005457,ACC-00148,ACC-00911,8763.43,2026-09-04 23:20:36,0,normal,NONE
TX-000912,ACC-01078,ACC-01346,4492.76,2026-09-03 21:47:06,0,normal,NONE
TX-011982,ACC-00034,ACC-00812,10019.53,2026-09-09 23:35:53,0,normal,NONE
TX-011729,ACC-01392,ACC-01490,3337.4,2026-09-02 19:35:04,0,normal,NONE
TX-003790,ACC-01613,ACC-01198,1455.17,2026-09-04 12:54:36,0,normal,NONE
TX-009684,ACC-00461,ACC-00057,15445.06,2026-09-01 19:25:00,0,normal,NONE
TX-011159,ACC-00143,ACC-00561,6081.35,2026-09-01 10:10:38,0,normal,NONE
TX-005582,ACC-01973,ACC-01933,10103.57,2026-09-09 20:32:41,0,normal,NONE
TX-008125,ACC-01619,ACC-01463,12800.92,2026-09-08 21:13:55,0,normal,NONE
TX-009689,ACC-00043,ACC-01709,9213.61,2026-09-06 19:44:29,0,normal,NONE
TX-009258,ACC-00994,ACC-01581,10838.44,2026-09-04 15:47:32,0,normal,NONE
TX-012258,ACC-01703,ACC-01865,61181.6,2026-09-06 20:13:00,0,normal_high_value,NONE
TX-005061,ACC-00211,ACC-01412,10956.63,2026-09-06 22:47:53,0,normal,NONE
TX-006843,ACC-00155,ACC-01633,9532.0,2026-09-05 23:56:36,0,normal,NONE
TX-001424,ACC-01541,ACC-01223,10556.8,2026-09-08 20:07:17,0,normal,NONE
TX-012993,ACC-00470,ACC-01754,39461.99,2026-09-02 22:50:00,0,normal_high_value,NONE
TX-000480,ACC-00857,ACC-01222,2498.85,2026-09-07 21:11:31,0,normal,NONE
TX-000663,ACC-00119,ACC-00010,8147.92,2026-09-04 13:36:48,0,normal,NONE
TX-007909,ACC-01834,ACC-00165,6018.74,2026-09-06 23:34:40,0,normal,NONE
TX-006438,ACC-00935,ACC-00774,9092.15,2026-09-07 12:49:04,0,normal,NONE
TX-008992,ACC-00530,ACC-00108,6613.78,2026-09-06 13:20:54,0,normal,NONE
TX-011897,ACC-01409,ACC-01123,5078.15,2026-09-03 09:23:53,0,normal,NONE
TX-010753,ACC-01279,ACC-00044,8290.54,2026-09-01 18:25:05,0,normal,NONE
TX-002989,ACC-01043,ACC-01127,3317.6,2026-09-02 23:40:54,0,normal,NONE
TX-001120,ACC-01603,ACC-00617,6274.41,2026-09-01 15:12:07,0,normal,NONE
TX-002777,ACC-01594,ACC-01837,4430.43,2026-09-01 21:30:17,0,normal,NONE
TX-004536,ACC-00022,ACC-01998,5107.01,2026-09-02 08:03:54,0,normal,NONE
TX-011759,ACC-00138,ACC-00065,9202.09,2026-09-09 11:44:41,0,normal,NONE
TX-009395,ACC-00157,ACC-01560,16462.01,2026-09-09 10:46:24,0,normal,NONE
TX-002687,ACC-01713,ACC-01776,4060.48,2026-09-03 23:39:50,0,normal,NONE
TX-006350,ACC-00980,ACC-01141,3917.16,2026-09-06 20:33:08,0,normal,NONE
TX-007190,ACC-01426,ACC-00293,6395.82,2026-09-01 21:44:51,0,normal,NONE
TX-010953,ACC-01208,ACC-01853,9125.88,2026-09-04 16:01:00,0,normal,NONE
TX-010900,ACC-01005,ACC-01523,9092.55,2026-09-06 14:41:41,0,normal,NONE
TX-012321,ACC-01466,ACC-00960,45732.92,2026-09-04 15:42:00,0,normal_high_value,NONE
TX-005574,ACC-01591,ACC-00421,3641.49,2026-09-09 20:03:00,0,normal,NONE
TX-006136,ACC-01649,ACC-01669,6302.17,2026-09-09 09:49:30,0,normal,NONE
TX-005270,ACC-00442,ACC-01264,10617.17,2026-09-04 16:17:24,0,normal,NONE
TX-004428,ACC-01356,ACC-00624,11572.74,2026-09-04 15:11:19,0,normal,NONE
TX-010711,ACC-00786,ACC-01665,2576.62,2026-09-03 09:47:41,0,normal,NONE
TX-005248,ACC-01309,ACC-01562,8514.1,2026-09-04 09:14:14,0,normal,NONE
TX-009196,ACC-01002,ACC-00586,7533.72,2026-09-02 14:13:19,0,normal,NONE
TX-003982,ACC-00532,ACC-00317,6787.32,2026-09-01 22:10:14,0,normal,NONE
TX-012681,ACC-01601,ACC-01970,25662.34,2026-09-01 12:39:00,0,normal_high_value,NONE
TX-012619,ACC-01196,ACC-01560,65342.72,2026-09-05 13:17:00,0,normal_high_value,NONE
TX-002894,ACC-00689,ACC-00731,8495.48,2026-09-04 18:31:14,0,normal,NONE
TX-002670,ACC-00271,ACC-01517,17618.77,2026-09-01 22:31:23,0,normal,NONE
TX-003978,ACC-00319,ACC-01005,9110.05,2026-09-07 11:20:30,0,normal,NONE
TX-008728,ACC-00782,ACC-01320,15170.95,2026-09-07 09:56:43,0,normal,NONE
TX-000280,ACC-01626,ACC-01276,8238.9,2026-09-02 23:38:34,0,normal,NONE
TX-010475,ACC-01393,ACC-01050,15474.49,2026-09-09 22:31:52,0,normal,NONE
TX-009838,ACC-01483,ACC-00815,255.74,2026-09-05 12:16:01,0,normal,NONE
TX-007508,ACC-00725,ACC-00566,13952.58,2026-09-04 23:34:58,0,normal,NONE
TX-008656,ACC-00916,ACC-01042,11597.91,2026-09-06 10:46:57,0,normal,NONE
TX-009783,ACC-00589,ACC-01510,9213.64,2026-09-06 17:43:49,0,normal,NONE
TX-011680,ACC-01203,ACC-00540,2009.56,2026-09-04 20:19:19,0,normal,NONE
TX-010933,ACC-00636,ACC-01371,1506.59,2026-09-06 23:57:03,0,normal,NONE
TX-007453,ACC-01325,ACC-01303,15697.98,2026-09-07 20:44:15,0,normal,NONE
TX-009240,ACC-00231,ACC-00433,13692.7,2026-09-02 13:52:34,0,normal,NONE
TX-005198,ACC-00182,ACC-01660,2290.08,2026-09-03 14:50:51,0,normal,NONE
TX-004665,ACC-00552,ACC-01775,2509.93,2026-09-03 11:19:27,0,normal,NONE
TX-001695,ACC-00943,ACC-00673,5384.34,2026-09-02 08:22:56,0,normal,NONE
TX-011802,ACC-00257,ACC-00240,2405.64,2026-09-01 21:51:55,0,normal,NONE
TX-005019,ACC-00860,ACC-01142,8566.25,2026-09-01 16:55:09,0,normal,NONE
TX-006134,ACC-00012,ACC-01146,13055.05,2026-09-09 20:20:56,0,normal,NONE
TX-003480,ACC-01742,ACC-01052,11459.46,2026-09-01 23:38:43,0,normal,NONE
TX-010866,ACC-00251,ACC-00891,14514.24,2026-09-09 18:35:58,0,normal,NONE
TX-007804,ACC-01737,ACC-00090,1185.06,2026-09-02 15:28:42,0,normal,NONE
TX-005555,ACC-00912,ACC-01303,5488.81,2026-09-06 16:47:03,0,normal,NONE
TX-004417,ACC-00407,ACC-00821,9652.86,2026-09-08 11:20:40,0,normal,NONE
TX-012338,ACC-01502,ACC-01021,24377.63,2026-09-02 23:57:00,0,normal_high_value,NONE
TX-004156,ACC-01322,ACC-01081,10446.57,2026-09-01 11:24:41,0,normal,NONE
TX-008948,ACC-00450,ACC-00033,293.44,2026-09-02 14:04:18,0,normal,NONE
TX-004884,ACC-00623,ACC-00741,4686.56,2026-09-06 21:38:30,0,normal,NONE
TX-005808,ACC-01338,ACC-00941,2753.39,2026-09-02 20:48:47,0,normal,NONE
TX-003810,ACC-00088,ACC-01998,6732.02,2026-09-02 09:12:42,0,normal,NONE
TX-002553,ACC-01738,ACC-00659,13618.03,2026-09-04 13:25:40,0,normal,NONE
TX-011417,ACC-00755,ACC-00878,16454.36,2026-09-02 13:15:18,0,normal,NONE
TX-010557,ACC-01660,ACC-00340,17587.83,2026-09-03 15:43:43,0,normal,NONE
TX-004297,ACC-00382,ACC-01779,10100.86,2026-09-03 18:15:48,0,normal,NONE
TX-008120,ACC-01076,ACC-00141,1669.88,2026-09-01 22:06:18,0,normal,NONE
TX-004684,ACC-00757,ACC-01564,15611.64,2026-09-04 19:03:52,0,normal,NONE
TX-010695,ACC-00930,ACC-01381,15705.79,2026-09-04 12:28:33,0,normal,NONE
TX-011150,ACC-00557,ACC-00635,11653.11,2026-09-09 19:00:09,0,normal,NONE
TX-009486,ACC-01347,ACC-00901,14227.52,2026-09-01 22:55:47,0,normal,NONE
TX-012152,FRAUD-07-SRC-02,FRAUD-07-COLLECTOR,10518.17,2026-09-07 16:02:00,1,funneling,NET-07
TX-008372,ACC-01312,ACC-00537,14863.41,2026-09-06 21:08:53,0,normal,NONE
TX-005594,ACC-00644,ACC-00923,9142.75,2026-09-04 23:21:26,0,normal,NONE
TX-010890,ACC-00463,ACC-01237,2814.35,2026-09-03 14:55:26,0,normal,NONE
TX-002210,ACC-00283,ACC-01024,3399.71,2026-09-04 17:27:05,0,normal,NONE
TX-010441,ACC-00502,ACC-00115,9975.07,2026-09-09 15:01:36,0,normal,NONE
TX-009565,ACC-01011,ACC-01374,9311.08,2026-09-07 20:33:54,0,normal,NONE
TX-005403,ACC-00691,ACC-00658,447.48,2026-09-01 18:18:37,0,normal,NONE
TX-002411,ACC-00845,ACC-01643,530.17,2026-09-08 16:22:52,0,normal,NONE
TX-006898,ACC-00726,ACC-00289,423.15,2026-09-04 14:16:56,0,normal,NONE
TX-004564,ACC-01034,ACC-00607,15959.5,2026-09-03 22:40:46,0,normal,NONE
TX-000185,ACC-01324,ACC-00081,5574.61,2026-09-08 09:37:23,0,normal,NONE
TX-008201,ACC-00505,ACC-00381,16900.18,2026-09-09 21:21:53,0,normal,NONE
TX-008335,ACC-00064,ACC-00468,5668.35,2026-09-09 11:43:57,0,normal,NONE
TX-001270,ACC-00185,ACC-00488,10804.79,2026-09-06 18:53:37,0,normal,NONE
TX-004517,ACC-00502,ACC-00048,8957.91,2026-09-04 23:08:24,0,normal,NONE
TX-002351,ACC-01326,ACC-01838,5832.41,2026-09-03 15:11:36,0,normal,NONE
TX-000554,ACC-00763,ACC-00939,17542.5,2026-09-02 11:32:08,0,normal,NONE
TX-001398,ACC-01197,ACC-01022,11463.57,2026-09-08 23:46:26,0,normal,NONE
TX-001385,ACC-01818,ACC-01663,14072.5,2026-09-07 14:56:19,0,normal,NONE
TX-008286,ACC-00769,ACC-00653,5756.01,2026-09-02 08:33:26,0,normal,NONE
TX-008545,ACC-01390,ACC-00077,103.94,2026-09-06 11:36:44,0,normal,NONE
TX-005857,ACC-01534,ACC-00793,7710.89,2026-09-06 17:08:53,0,normal,NONE
TX-004904,ACC-01597,ACC-01956,12730.9,2026-09-02 13:30:59,0,normal,NONE
TX-000298,ACC-01782,ACC-01867,6359.02,2026-09-07 16:40:50,0,normal,NONE
TX-000444,ACC-01137,ACC-01050,7356.63,2026-09-01 10:22:35,0,normal,NONE
TX-011649,ACC-01968,ACC-01422,4417.23,2026-09-07 16:04:55,0,normal,NONE
TX-010271,ACC-00374,ACC-01548,6309.28,2026-09-03 15:40:08,0,normal,NONE
TX-005216,ACC-00773,ACC-00296,13333.52,2026-09-06 08:30:26,0,normal,NONE
TX-012213,FRAUD-09-SRC-13,FRAUD-09-COLLECTOR,7533.47,2026-09-04 18:24:00,1,funneling,NET-09
TX-008689,ACC-00394,ACC-01409,1303.53,2026-09-05 13:01:18,0,normal,NONE
TX-005716,ACC-01715,ACC-00902,17284.79,2026-09-03 23:04:34,0,normal,NONE
TX-002078,ACC-01242,ACC-01544,1928.03,2026-09-04 16:09:06,0,normal,NONE
TX-009339,ACC-00931,ACC-01380,5320.88,2026-09-03 19:10:55,0,normal,NONE
TX-008194,ACC-01477,ACC-00838,15064.19,2026-09-08 20:16:29,0,normal,NONE
TX-006018,ACC-00391,ACC-01382,13704.5,2026-09-09 17:29:25,0,normal,NONE
TX-004752,ACC-01089,ACC-01981,826.49,2026-09-09 15:21:44,0,normal,NONE
TX-010580,ACC-01966,ACC-01495,17481.23,2026-09-03 15:04:55,0,normal,NONE
TX-002230,ACC-00162,ACC-00692,16695.38,2026-09-05 21:25:01,0,normal,NONE
TX-008953,ACC-00819,ACC-01276,16831.87,2026-09-08 22:44:11,0,normal,NONE
TX-002843,ACC-00008,ACC-01170,6410.48,2026-09-06 18:26:47,0,normal,NONE
TX-002538,ACC-00409,ACC-01853,8472.78,2026-09-07 09:44:43,0,normal,NONE
TX-000195,ACC-00239,ACC-00287,835.34,2026-09-01 17:31:07,0,normal,NONE
TX-011071,ACC-01004,ACC-00476,15836.98,2026-09-02 09:01:59,0,normal,NONE
TX-007363,ACC-01361,ACC-00635,15311.86,2026-09-08 16:26:17,0,normal,NONE
TX-006637,ACC-01629,ACC-00990,1297.86,2026-09-05 11:46:29,0,normal,NONE
TX-007499,ACC-01453,ACC-01670,10871.62,2026-09-01 18:14:25,0,normal,NONE
TX-005291,ACC-00640,ACC-00694,12332.25,2026-09-03 08:09:43,0,normal,NONE
TX-000818,ACC-00737,ACC-00490,11797.24,2026-09-03 10:17:49,0,normal,NONE
TX-003368,ACC-01336,ACC-01937,16425.2,2026-09-09 13:10:44,0,normal,NONE
TX-007931,ACC-01188,ACC-00330,7399.33,2026-09-08 15:40:23,0,normal,NONE
TX-006554,ACC-01487,ACC-00224,8884.35,2026-09-05 12:28:46,0,normal,NONE
TX-002579,ACC-01296,ACC-01173,17481.02,2026-09-04 15:52:52,0,normal,NONE
TX-001132,ACC-01475,ACC-00398,11383.74,2026-09-05 14:21:08,0,normal,NONE
TX-008218,ACC-00479,ACC-00632,3457.66,2026-09-08 20:33:41,0,normal,NONE
TX-005506,ACC-01401,ACC-01066,5026.01,2026-09-04 21:49:45,0,normal,NONE
TX-006855,ACC-01490,ACC-00392,1483.51,2026-09-01 08:58:16,0,normal,NONE
TX-006762,ACC-00597,ACC-01573,107.58,2026-09-09 13:05:10,0,normal,NONE
TX-008289,ACC-00482,ACC-00262,11212.22,2026-09-01 13:43:30,0,normal,NONE
TX-011422,ACC-00616,ACC-00456,4618.59,2026-09-03 08:33:59,0,normal,NONE
TX-012105,FRAUD-05-SRC-05,FRAUD-05-COLLECTOR,11880.92,2026-09-06 16:08:00,1,funneling,NET-05
TX-000321,ACC-00059,ACC-00167,837.4,2026-09-05 14:49:36,0,normal,NONE
TX-007136,ACC-00966,ACC-00256,8729.96,2026-09-05 08:01:12,0,normal,NONE
TX-001372,ACC-00204,ACC-00316,11654.73,2026-09-06 12:07:54,0,normal,NONE
TX-004043,ACC-01190,ACC-01033,14640.61,2026-09-09 17:44:50,0,normal,NONE
TX-013007,ACC-01610,ACC-01344,60798.43,2026-09-06 15:21:00,0,normal_high_value,NONE
TX-008139,ACC-00929,ACC-00343,15785.17,2026-09-02 11:00:36,0,normal,NONE
TX-002655,ACC-01269,ACC-01208,16553.61,2026-09-01 23:02:31,0,normal,NONE
TX-000908,ACC-01902,ACC-01823,14980.76,2026-09-08 09:23:35,0,normal,NONE
TX-000306,ACC-00534,ACC-01442,8043.99,2026-09-05 23:12:07,0,normal,NONE
TX-003951,ACC-00458,ACC-00692,9551.36,2026-09-02 08:30:59,0,normal,NONE
TX-005530,ACC-00596,ACC-01116,6293.86,2026-09-03 08:30:08,0,normal,NONE
TX-003399,ACC-00605,ACC-01443,16964.88,2026-09-07 09:43:44,0,normal,NONE
TX-011792,ACC-00007,ACC-01292,11785.15,2026-09-07 18:59:32,0,normal,NONE
TX-009810,ACC-01557,ACC-01262,9622.66,2026-09-09 10:38:46,0,normal,NONE
TX-008962,ACC-01470,ACC-01864,2506.72,2026-09-09 10:51:19,0,normal,NONE
TX-009975,ACC-00445,ACC-00268,14874.82,2026-09-02 08:04:45,0,normal,NONE
TX-012161,FRAUD-07-SRC-11,FRAUD-07-COLLECTOR,7710.25,2026-09-07 16:20:00,1,funneling,NET-07
TX-007256,ACC-00815,ACC-00555,6343.74,2026-09-09 20:09:56,0,normal,NONE
TX-011124,ACC-01594,ACC-01800,6521.25,2026-09-07 11:08:33,0,normal,NONE
TX-000927,ACC-01740,ACC-01234,16717.18,2026-09-07 09:19:33,0,normal,NONE
TX-000245,ACC-00525,ACC-00405,3139.51,2026-09-03 10:11:49,0,normal,NONE
TX-010298,ACC-00173,ACC-01599,3378.43,2026-09-09 21:58:24,0,normal,NONE
TX-007470,ACC-00193,ACC-01911,7648.95,2026-09-05 13:24:52,0,normal,NONE
TX-000016,ACC-00811,ACC-01812,16463.57,2026-09-08 12:16:08,0,normal,NONE
TX-000144,ACC-01411,ACC-00623,12601.21,2026-09-05 23:28:05,0,normal,NONE
TX-005984,ACC-01245,ACC-01164,13877.64,2026-09-02 14:58:25,0,normal,NONE
TX-007953,ACC-01514,ACC-00384,1086.83,2026-09-02 19:56:20,0,normal,NONE
TX-002364,ACC-01468,ACC-00198,8610.66,2026-09-04 12:14:32,0,normal,NONE
TX-009712,ACC-00191,ACC-00073,87.05,2026-09-07 19:26:53,0,normal,NONE
TX-000130,ACC-01094,ACC-00260,4952.12,2026-09-01 17:44:08,0,normal,NONE
TX-001162,ACC-01343,ACC-01324,14167.1,2026-09-08 22:29:19,0,normal,NONE
TX-011791,ACC-01111,ACC-00665,13294.64,2026-09-05 17:25:52,0,normal,NONE
TX-012977,ACC-00990,ACC-01737,68812.79,2026-09-03 14:48:00,0,normal_high_value,NONE
TX-005954,ACC-01629,ACC-00120,14168.32,2026-09-01 14:31:06,0,normal,NONE
TX-000288,ACC-01662,ACC-00277,1154.55,2026-09-08 09:18:12,0,normal,NONE
TX-005301,ACC-01411,ACC-01138,3906.69,2026-09-09 08:27:03,0,normal,NONE
TX-008526,ACC-01342,ACC-00442,11664.56,2026-09-02 21:05:42,0,normal,NONE
TX-005459,ACC-00212,ACC-00227,16769.76,2026-09-02 22:06:36,0,normal,NONE
TX-010752,ACC-01750,ACC-01456,3605.56,2026-09-09 22:26:07,0,normal,NONE
TX-005309,ACC-01724,ACC-00008,14967.51,2026-09-04 23:37:21,0,normal,NONE
TX-001877,ACC-00149,ACC-00441,11832.04,2026-09-06 12:49:20,0,normal,NONE
TX-002489,ACC-01707,ACC-00795,3336.92,2026-09-02 15:27:39,0,normal,NONE
TX-009741,ACC-00781,ACC-01256,1739.38,2026-09-07 11:24:43,0,normal,NONE
TX-004480,ACC-00379,ACC-01964,9049.6,2026-09-06 18:58:44,0,normal,NONE
TX-001183,ACC-01203,ACC-01225,1567.68,2026-09-04 17:30:55,0,normal,NONE
TX-002526,ACC-01937,ACC-00301,16367.14,2026-09-02 09:08:56,0,normal,NONE
TX-010704,ACC-01204,ACC-01163,1822.18,2026-09-06 12:49:59,0,normal,NONE
TX-001171,ACC-00320,ACC-00009,17463.3,2026-09-09 18:41:45,0,normal,NONE
TX-011512,ACC-00569,ACC-00370,17076.63,2026-09-08 19:28:17,0,normal,NONE
TX-002183,ACC-00745,ACC-00715,13907.22,2026-09-09 22:53:40,0,normal,NONE
TX-012651,ACC-01864,ACC-01769,66166.97,2026-09-05 11:51:00,0,normal_high_value,NONE
TX-008047,ACC-01664,ACC-00399,15339.42,2026-09-04 20:28:54,0,normal,NONE
TX-006793,ACC-00921,ACC-00805,4921.38,2026-09-05 09:21:59,0,normal,NONE
TX-010800,ACC-01012,ACC-01802,12367.38,2026-09-08 18:08:10,0,normal,NONE
TX-011282,ACC-01234,ACC-01175,4699.07,2026-09-09 14:57:18,0,normal,NONE
TX-005922,ACC-00901,ACC-00207,10672.1,2026-09-06 11:30:26,0,normal,NONE
TX-003372,ACC-01177,ACC-00762,17545.55,2026-09-03 22:56:51,0,normal,NONE
TX-010731,ACC-01718,ACC-00838,12549.83,2026-09-01 23:56:25,0,normal,NONE
TX-001860,ACC-01006,ACC-01630,414.79,2026-09-02 23:40:04,0,normal,NONE
TX-001978,ACC-00664,ACC-01206,17194.4,2026-09-06 20:04:02,0,normal,NONE
TX-009458,ACC-01787,ACC-00105,6416.64,2026-09-05 23:16:15,0,normal,NONE
TX-008758,ACC-00199,ACC-01665,13836.47,2026-09-01 08:36:29,0,normal,NONE
TX-007755,ACC-00163,ACC-00930,10366.68,2026-09-02 20:10:22,0,normal,NONE
TX-006782,ACC-00227,ACC-00232,14461.62,2026-09-08 21:47:08,0,normal,NONE
TX-001879,ACC-01163,ACC-01629,5801.67,2026-09-04 10:24:18,0,normal,NONE
TX-000916,ACC-01731,ACC-00762,7433.93,2026-09-07 18:38:15,0,normal,NONE
TX-003589,ACC-01842,ACC-01745,9343.93,2026-09-04 17:40:45,0,normal,NONE
TX-009004,ACC-01065,ACC-00520,4920.1,2026-09-06 12:13:25,0,normal,NONE
TX-003122,ACC-00851,ACC-00538,8821.89,2026-09-04 22:22:01,0,normal,NONE
TX-000388,ACC-00065,ACC-00588,7371.43,2026-09-03 21:23:57,0,normal,NONE
TX-001312,ACC-00112,ACC-00471,3312.88,2026-09-08 16:10:45,0,normal,NONE
TX-001033,ACC-00134,ACC-00974,2049.71,2026-09-08 22:54:10,0,normal,NONE
TX-010600,ACC-01633,ACC-00897,14699.72,2026-09-08 10:29:19,0,normal,NONE
TX-006585,ACC-01769,ACC-00007,15950.09,2026-09-05 10:29:21,0,normal,NONE
TX-008847,ACC-00144,ACC-00457,13996.12,2026-09-04 16:21:17,0,normal,NONE
TX-006383,ACC-00605,ACC-00470,4985.98,2026-09-07 09:58:51,0,normal,NONE
TX-007284,ACC-01610,ACC-01272,13557.77,2026-09-04 14:55:59,0,normal,NONE
TX-006726,ACC-01204,ACC-01299,6641.43,2026-09-04 22:41:08,0,normal,NONE
TX-010387,ACC-00413,ACC-00842,8134.64,2026-09-02 11:31:07,0,normal,NONE
TX-008614,ACC-00087,ACC-00090,15738.66,2026-09-06 23:45:13,0,normal,NONE
TX-010722,ACC-00872,ACC-01786,14122.6,2026-09-05 14:29:15,0,normal,NONE
TX-007911,ACC-00582,ACC-01677,3024.25,2026-09-02 23:42:21,0,normal,NONE
TX-004937,ACC-01590,ACC-00108,10863.88,2026-09-01 23:38:25,0,normal,NONE
TX-000932,ACC-00538,ACC-00175,7185.52,2026-09-07 12:48:08,0,normal,NONE
TX-012579,ACC-00271,ACC-01975,47555.67,2026-09-03 22:41:00,0,normal_high_value,NONE
TX-004020,ACC-01195,ACC-00407,3772.04,2026-09-07 22:11:16,0,normal,NONE
TX-000692,ACC-00121,ACC-01931,15201.41,2026-09-02 21:58:37,0,normal,NONE
TX-013082,ACC-00810,ACC-00520,89689.49,2026-09-03 19:26:00,0,normal_high_value,NONE
TX-005988,ACC-01099,ACC-00024,11563.35,2026-09-03 14:45:10,0,normal,NONE
TX-006365,ACC-01751,ACC-00765,8123.72,2026-09-06 21:11:56,0,normal,NONE
TX-001910,ACC-00435,ACC-00309,7156.77,2026-09-07 18:03:28,0,normal,NONE
TX-000830,ACC-01908,ACC-00366,8588.47,2026-09-06 14:57:36,0,normal,NONE
TX-003499,ACC-01592,ACC-01470,10601.25,2026-09-02 16:11:24,0,normal,NONE
TX-012137,FRAUD-06-SRC-12,FRAUD-06-COLLECTOR,8794.94,2026-09-03 13:22:00,1,funneling,NET-06
TX-002082,ACC-01500,ACC-00912,9385.67,2026-09-08 17:58:07,0,normal,NONE
TX-011801,ACC-00449,ACC-00903,10559.77,2026-09-05 22:17:51,0,normal,NONE
TX-012513,ACC-00584,ACC-00354,74468.46,2026-09-01 15:01:00,0,normal_high_value,NONE
TX-000045,ACC-00608,ACC-00446,17437.39,2026-09-09 09:47:20,0,normal,NONE
TX-007198,ACC-01961,ACC-00668,186.69,2026-09-05 13:44:29,0,normal,NONE
TX-003940,ACC-00243,ACC-01451,7238.05,2026-09-05 21:00:52,0,normal,NONE
TX-000950,ACC-01085,ACC-00625,6017.58,2026-09-07 13:01:22,0,normal,NONE
TX-007109,ACC-01586,ACC-01075,10308.79,2026-09-06 16:47:16,0,normal,NONE
TX-007314,ACC-00559,ACC-00321,11868.07,2026-09-08 17:56:46,0,normal,NONE
TX-008127,ACC-01033,ACC-00113,14422.55,2026-09-04 17:44:15,0,normal,NONE
TX-004320,ACC-00082,ACC-00502,12724.46,2026-09-04 19:40:54,0,normal,NONE
TX-002966,ACC-00830,ACC-01319,5827.9,2026-09-04 09:56:26,0,normal,NONE
TX-003970,ACC-00321,ACC-00578,15276.65,2026-09-02 15:36:08,0,normal,NONE
TX-001188,ACC-01516,ACC-00950,4056.87,2026-09-01 12:16:19,0,normal,NONE
TX-011859,ACC-00509,ACC-01809,16968.17,2026-09-09 08:23:34,0,normal,NONE
TX-008763,ACC-00290,ACC-00257,12416.54,2026-09-08 22:08:27,0,normal,NONE
TX-013048,ACC-00984,ACC-00858,66516.17,2026-09-07 22:46:00,0,normal_high_value,NONE
TX-010145,ACC-01368,ACC-00406,11365.62,2026-09-02 15:32:23,0,normal,NONE
TX-000285,ACC-00732,ACC-01615,1234.72,2026-09-04 11:49:37,0,normal,NONE
TX-010084,ACC-01465,ACC-00891,17254.82,2026-09-08 15:03:47,0,normal,NONE
TX-007479,ACC-01673,ACC-00974,12068.71,2026-09-01 23:18:42,0,normal,NONE
TX-011750,ACC-00441,ACC-01799,1469.61,2026-09-06 23:36:42,0,normal,NONE
TX-006309,ACC-01679,ACC-01107,16196.75,2026-09-02 20:49:16,0,normal,NONE
TX-004160,ACC-01802,ACC-00099,3680.5,2026-09-09 09:33:40,0,normal,NONE
TX-003093,ACC-01069,ACC-01707,12690.26,2026-09-04 16:50:02,0,normal,NONE
TX-011232,ACC-01887,ACC-01109,12955.03,2026-09-03 22:38:31,0,normal,NONE
TX-004557,ACC-00833,ACC-01123,4573.81,2026-09-06 18:10:20,0,normal,NONE
TX-007955,ACC-00102,ACC-01651,15522.92,2026-09-07 16:46:14,0,normal,NONE
TX-005556,ACC-01956,ACC-01433,15317.98,2026-09-05 23:25:11,0,normal,NONE
TX-008745,ACC-00922,ACC-00907,5037.92,2026-09-02 11:49:30,0,normal,NONE
TX-007599,ACC-00655,ACC-00100,4588.95,2026-09-01 14:30:01,0,normal,NONE
TX-004324,ACC-01718,ACC-01110,12751.05,2026-09-02 16:38:58,0,normal,NONE
TX-003983,ACC-01504,ACC-00786,359.12,2026-09-05 17:27:48,0,normal,NONE
TX-008774,ACC-01544,ACC-00443,1902.29,2026-09-04 16:11:45,0,normal,NONE
TX-006941,ACC-01528,ACC-00180,6948.43,2026-09-05 19:30:20,0,normal,NONE
TX-003365,ACC-00941,ACC-00352,3818.67,2026-09-03 16:54:55,0,normal,NONE
TX-001405,ACC-00864,ACC-00100,16864.04,2026-09-05 17:13:11,0,normal,NONE
TX-003196,ACC-01442,ACC-00403,465.73,2026-09-07 13:22:34,0,normal,NONE
TX-008347,ACC-00927,ACC-00063,14003.62,2026-09-04 20:19:17,0,normal,NONE
TX-011546,ACC-00299,ACC-00345,13187.42,2026-09-01 13:14:33,0,normal,NONE
TX-011919,ACC-00586,ACC-00077,15175.12,2026-09-05 12:04:51,0,normal,NONE
TX-000970,ACC-01924,ACC-01521,10303.38,2026-09-09 09:33:06,0,normal,NONE
TX-010751,ACC-01371,ACC-01585,12181.75,2026-09-05 12:36:33,0,normal,NONE
TX-006544,ACC-00090,ACC-00190,13606.88,2026-09-01 15:09:53,0,normal,NONE
TX-003735,ACC-00680,ACC-00484,3893.88,2026-09-05 22:50:01,0,normal,NONE
TX-000926,ACC-01674,ACC-00890,7509.06,2026-09-02 15:47:41,0,normal,NONE
TX-007781,ACC-00327,ACC-01945,13073.02,2026-09-05 08:00:26,0,normal,NONE
TX-012587,ACC-01086,ACC-00533,48644.07,2026-09-07 19:54:00,0,normal_high_value,NONE
TX-007343,ACC-01027,ACC-00222,1645.5,2026-09-06 14:55:59,0,normal,NONE
TX-009612,ACC-01866,ACC-01035,2027.01,2026-09-03 12:11:22,0,normal,NONE
TX-004726,ACC-01596,ACC-00545,309.08,2026-09-06 12:10:59,0,normal,NONE
TX-002844,ACC-01716,ACC-00016,17453.12,2026-09-08 10:08:53,0,normal,NONE
TX-002852,ACC-00379,ACC-01458,1693.51,2026-09-03 11:23:07,0,normal,NONE
TX-010915,ACC-01887,ACC-01106,11005.45,2026-09-02 23:59:27,0,normal,NONE
TX-011276,ACC-01808,ACC-00814,14521.77,2026-09-09 08:47:47,0,normal,NONE
TX-005957,ACC-01969,ACC-01177,15040.34,2026-09-05 23:50:13,0,normal,NONE
TX-000520,ACC-01231,ACC-01229,12986.81,2026-09-05 08:54:54,0,normal,NONE
TX-012673,ACC-01915,ACC-01356,64452.25,2026-09-03 12:02:00,0,normal_high_value,NONE
TX-010578,ACC-00331,ACC-01313,13176.5,2026-09-03 23:44:58,0,normal,NONE
TX-004472,ACC-00640,ACC-00423,10489.7,2026-09-06 10:04:16,0,normal,NONE
TX-008625,ACC-01707,ACC-00102,17566.91,2026-09-03 20:06:08,0,normal,NONE
TX-004349,ACC-00964,ACC-00883,4957.26,2026-09-01 09:24:33,0,normal,NONE
TX-011894,ACC-00100,ACC-00251,5983.74,2026-09-09 18:55:09,0,normal,NONE
TX-010639,ACC-01577,ACC-00729,5480.65,2026-09-01 13:38:05,0,normal,NONE
TX-003627,ACC-01388,ACC-00961,11328.02,2026-09-06 10:11:09,0,normal,NONE
TX-001790,ACC-00334,ACC-01110,1934.23,2026-09-04 08:48:58,0,normal,NONE
TX-010965,ACC-00710,ACC-00167,11316.37,2026-09-01 13:51:27,0,normal,NONE
TX-002060,ACC-00835,ACC-01381,10533.9,2026-09-03 16:50:18,0,normal,NONE
TX-009995,ACC-01968,ACC-01212,12886.98,2026-09-01 11:14:56,0,normal,NONE
TX-007144,ACC-00443,ACC-01190,4462.26,2026-09-06 11:25:01,0,normal,NONE
TX-008271,ACC-00972,ACC-00598,1358.66,2026-09-07 16:41:14,0,normal,NONE
TX-004014,ACC-01755,ACC-01652,3241.5,2026-09-01 13:47:26,0,normal,NONE
TX-006007,ACC-00134,ACC-00289,13586.53,2026-09-04 21:00:33,0,normal,NONE
TX-001903,ACC-01668,ACC-01210,13713.61,2026-09-09 18:48:19,0,normal,NONE
TX-009628,ACC-01071,ACC-00052,6796.67,2026-09-09 16:59:58,0,normal,NONE
TX-009539,ACC-01045,ACC-01113,16910.99,2026-09-08 16:52:02,0,normal,NONE
TX-006216,ACC-01279,ACC-01504,14246.4,2026-09-07 17:07:50,0,normal,NONE
TX-004687,ACC-01087,ACC-01466,12442.8,2026-09-01 09:13:33,0,normal,NONE
TX-010591,ACC-01223,ACC-00005,16455.11,2026-09-09 10:05:50,0,normal,NONE
TX-008091,ACC-00600,ACC-00086,8575.89,2026-09-09 13:33:24,0,normal,NONE
TX-004923,ACC-01644,ACC-01416,3516.57,2026-09-02 15:04:30,0,normal,NONE
TX-013181,ACC-01735,ACC-00262,36628.47,2026-09-04 15:07:00,0,normal_high_value,NONE
TX-006786,ACC-01405,ACC-01653,16760.62,2026-09-06 14:41:54,0,normal,NONE
TX-011773,ACC-01894,ACC-01930,12812.5,2026-09-02 09:15:28,0,normal,NONE
TX-007143,ACC-00316,ACC-00729,15126.69,2026-09-03 17:00:19,0,normal,NONE
TX-012842,ACC-00859,ACC-01857,82827.25,2026-09-01 18:27:00,0,normal_high_value,NONE
TX-010214,ACC-01912,ACC-00290,11367.9,2026-09-07 22:11:17,0,normal,NONE
TX-011239,ACC-00622,ACC-00766,8403.28,2026-09-06 19:47:51,0,normal,NONE
TX-000076,ACC-00144,ACC-01944,11962.99,2026-09-06 18:42:54,0,normal,NONE
TX-002346,ACC-00431,ACC-00186,14400.25,2026-09-06 23:16:32,0,normal,NONE
TX-006448,ACC-00535,ACC-00276,7568.17,2026-09-08 22:55:02,0,normal,NONE
TX-008894,ACC-01627,ACC-01580,6203.11,2026-09-07 13:59:19,0,normal,NONE
TX-000431,ACC-01883,ACC-00088,4151.2,2026-09-08 16:02:59,0,normal,NONE
TX-004587,ACC-00538,ACC-00590,8462.17,2026-09-07 22:18:46,0,normal,NONE
TX-005484,ACC-01195,ACC-01977,2733.46,2026-09-06 12:38:53,0,normal,NONE
TX-010197,ACC-01498,ACC-00509,14050.55,2026-09-04 15:36:15,0,normal,NONE
TX-006406,ACC-01925,ACC-01637,10805.44,2026-09-04 20:29:56,0,normal,NONE
TX-012751,ACC-00775,ACC-01629,54647.56,2026-09-09 14:56:00,0,normal_high_value,NONE
TX-012677,ACC-00472,ACC-00002,72503.49,2026-09-01 21:51:00,0,normal_high_value,NONE
TX-008535,ACC-00357,ACC-00862,3325.6,2026-09-09 20:22:47,0,normal,NONE
TX-010802,ACC-00626,ACC-00026,11417.44,2026-09-04 16:08:59,0,normal,NONE
TX-012492,ACC-01434,ACC-00621,27509.43,2026-09-03 18:03:00,0,normal_high_value,NONE
TX-001554,ACC-00476,ACC-00438,1923.82,2026-09-06 13:00:25,0,normal,NONE
TX-005875,ACC-01148,ACC-00267,15905.9,2026-09-02 22:02:43,0,normal,NONE
TX-000241,ACC-01730,ACC-00217,4394.83,2026-09-07 10:25:55,0,normal,NONE
TX-000784,ACC-00457,ACC-01058,7317.04,2026-09-06 23:50:30,0,normal,NONE
TX-011016,ACC-01931,ACC-01019,5078.73,2026-09-05 17:38:12,0,normal,NONE
TX-003067,ACC-01870,ACC-00074,12521.14,2026-09-08 10:22:59,0,normal,NONE
TX-012927,ACC-00350,ACC-00398,47109.52,2026-09-09 11:41:00,0,normal_high_value,NONE
TX-000978,ACC-00185,ACC-00513,5846.86,2026-09-03 11:05:07,0,normal,NONE
TX-004906,ACC-01860,ACC-00542,916.83,2026-09-03 11:05:34,0,normal,NONE
TX-006265,ACC-00340,ACC-00957,674.85,2026-09-07 11:16:27,0,normal,NONE
TX-006988,ACC-01276,ACC-00599,14322.79,2026-09-02 19:10:51,0,normal,NONE
TX-009923,ACC-01025,ACC-00563,14510.34,2026-09-02 14:10:43,0,normal,NONE
TX-005696,ACC-01123,ACC-01771,1853.5,2026-09-03 10:54:48,0,normal,NONE
TX-002942,ACC-00081,ACC-01281,8466.45,2026-09-07 14:15:26,0,normal,NONE
TX-012035,FRAUD-02-SRC-10,FRAUD-02-COLLECTOR,3038.63,2026-09-06 17:18:00,1,funneling,NET-02
TX-008815,ACC-00730,ACC-01634,14638.55,2026-09-07 18:11:36,0,normal,NONE
TX-008344,ACC-01094,ACC-00245,4367.39,2026-09-04 12:47:51,0,normal,NONE
TX-012798,ACC-01263,ACC-01088,70526.9,2026-09-03 16:58:00,0,normal_high_value,NONE
TX-008846,ACC-01030,ACC-00113,17659.93,2026-09-01 14:18:48,0,normal,NONE
TX-007382,ACC-00774,ACC-00033,10307.08,2026-09-06 11:38:35,0,normal,NONE
TX-012877,ACC-01424,ACC-01103,78018.64,2026-09-01 22:31:00,0,normal_high_value,NONE
TX-001621,ACC-00682,ACC-01786,4044.04,2026-09-02 18:24:58,0,normal,NONE
TX-005643,ACC-00527,ACC-01878,14701.92,2026-09-06 13:23:29,0,normal,NONE
TX-013240,ACC-01665,ACC-00580,55868.45,2026-09-05 08:07:00,0,normal_high_value,NONE
TX-002147,ACC-00313,ACC-00211,13157.23,2026-09-05 13:16:36,0,normal,NONE
TX-001802,ACC-01286,ACC-01019,1771.36,2026-09-01 12:49:55,0,normal,NONE
TX-007906,ACC-00050,ACC-01088,8986.62,2026-09-09 08:53:44,0,normal,NONE
TX-002096,ACC-01369,ACC-00994,8834.19,2026-09-07 19:34:30,0,normal,NONE
TX-009738,ACC-00099,ACC-01825,14979.28,2026-09-07 16:38:58,0,normal,NONE
TX-009681,ACC-00941,ACC-00143,11207.26,2026-09-03 23:41:54,0,normal,NONE
TX-001358,ACC-01403,ACC-00695,16592.81,2026-09-08 12:56:18,0,normal,NONE
TX-010744,ACC-01546,ACC-00470,17904.27,2026-09-08 18:40:22,0,normal,NONE
TX-009768,ACC-01435,ACC-00644,1633.07,2026-09-04 11:58:54,0,normal,NONE
TX-006783,ACC-01952,ACC-01225,146.93,2026-09-06 11:21:12,0,normal,NONE
TX-011069,ACC-01203,ACC-01947,7443.06,2026-09-05 23:07:32,0,normal,NONE
TX-004702,ACC-00425,ACC-00768,3428.85,2026-09-06 10:37:22,0,normal,NONE
TX-010165,ACC-00717,ACC-01096,1081.92,2026-09-09 22:23:25,0,normal,NONE
TX-003566,ACC-01311,ACC-00935,14395.75,2026-09-05 23:00:45,0,normal,NONE
TX-013154,ACC-01099,ACC-00466,46535.15,2026-09-01 09:37:00,0,normal_high_value,NONE
TX-011625,ACC-01149,ACC-00682,10550.96,2026-09-01 14:50:06,0,normal,NONE
TX-008867,ACC-01560,ACC-00396,10170.38,2026-09-01 20:52:45,0,normal,NONE
TX-001610,ACC-00007,ACC-01307,17236.7,2026-09-06 08:40:23,0,normal,NONE
TX-003097,ACC-01733,ACC-01947,9450.96,2026-09-04 21:28:54,0,normal,NONE
TX-004591,ACC-00952,ACC-01144,10541.59,2026-09-02 12:06:14,0,normal,NONE
TX-002416,ACC-01263,ACC-01103,13322.67,2026-09-04 18:53:19,0,normal,NONE
TX-009296,ACC-00650,ACC-01988,13730.71,2026-09-01 14:54:33,0,normal,NONE
TX-008789,ACC-01917,ACC-00413,418.43,2026-09-01 22:57:38,0,normal,NONE
TX-002018,ACC-00548,ACC-00654,12565.93,2026-09-09 11:03:22,0,normal,NONE
TX-002972,ACC-00773,ACC-00684,8511.47,2026-09-08 16:46:18,0,normal,NONE
TX-006425,ACC-00710,ACC-00593,15938.82,2026-09-07 14:37:11,0,normal,NONE
TX-004126,ACC-00075,ACC-00467,12711.86,2026-09-08 16:58:27,0,normal,NONE
TX-005847,ACC-00966,ACC-01858,4821.66,2026-09-03 11:41:54,0,normal,NONE
TX-005376,ACC-01215,ACC-00078,1985.29,2026-09-02 17:48:48,0,normal,NONE
TX-012987,ACC-01737,ACC-00565,70110.0,2026-09-01 17:49:00,0,normal_high_value,NONE
TX-009262,ACC-00230,ACC-01237,8844.74,2026-09-09 11:26:56,0,normal,NONE
TX-012706,ACC-00988,ACC-01386,21829.82,2026-09-03 09:37:00,0,normal_high_value,NONE
TX-003247,ACC-00440,ACC-01700,2050.77,2026-09-04 19:42:48,0,normal,NONE
TX-000125,ACC-00705,ACC-00872,17939.43,2026-09-09 18:22:44,0,normal,NONE
TX-001107,ACC-00966,ACC-01858,16525.98,2026-09-01 15:44:41,0,normal,NONE
TX-012441,ACC-00333,ACC-01894,81262.66,2026-09-01 11:49:00,0,normal_high_value,NONE
TX-001815,ACC-00674,ACC-00133,5724.78,2026-09-08 14:44:47,0,normal,NONE
TX-000841,ACC-00778,ACC-01190,1831.45,2026-09-06 16:11:35,0,normal,NONE
TX-012589,ACC-01304,ACC-01463,78178.89,2026-09-02 09:13:00,0,normal_high_value,NONE
TX-006395,ACC-01255,ACC-00203,12012.35,2026-09-08 13:36:03,0,normal,NONE
TX-011130,ACC-00233,ACC-01938,14930.8,2026-09-03 10:00:17,0,normal,NONE
TX-005650,ACC-01408,ACC-01474,1300.19,2026-09-07 16:07:28,0,normal,NONE
TX-012135,FRAUD-06-SRC-10,FRAUD-06-COLLECTOR,6791.27,2026-09-03 13:18:00,1,funneling,NET-06
TX-003342,ACC-00916,ACC-01110,5844.28,2026-09-07 16:49:39,0,normal,NONE
TX-000599,ACC-00848,ACC-01010,15874.24,2026-09-06 20:06:53,0,normal,NONE
TX-002124,ACC-01184,ACC-01998,467.56,2026-09-04 22:23:30,0,normal,NONE
TX-012438,ACC-00302,ACC-00524,41862.4,2026-09-08 11:10:00,0,normal_high_value,NONE
TX-009279,ACC-01749,ACC-00206,1905.61,2026-09-05 16:59:38,0,normal,NONE
TX-009482,ACC-01595,ACC-00414,15404.27,2026-09-07 10:49:09,0,normal,NONE
TX-012806,ACC-00844,ACC-00276,43256.71,2026-09-06 10:09:00,0,normal_high_value,NONE
TX-002198,ACC-00286,ACC-00267,11948.05,2026-09-01 10:19:50,0,normal,NONE
TX-004052,ACC-00787,ACC-00374,10723.45,2026-09-05 10:36:13,0,normal,NONE
TX-001217,ACC-00371,ACC-01710,6399.71,2026-09-07 21:13:32,0,normal,NONE
TX-007702,ACC-01188,ACC-00317,11605.61,2026-09-05 23:35:01,0,normal,NONE
TX-000726,ACC-00109,ACC-01373,1037.75,2026-09-05 13:18:43,0,normal,NONE
TX-000809,ACC-00816,ACC-01507,2502.47,2026-09-02 15:28:50,0,normal,NONE
TX-009939,ACC-00233,ACC-01443,1433.72,2026-09-05 13:19:40,0,normal,NONE
TX-009237,ACC-01242,ACC-00099,10336.31,2026-09-08 19:53:28,0,normal,NONE
TX-004907,ACC-00926,ACC-00349,2326.52,2026-09-03 16:30:07,0,normal,NONE
TX-010047,ACC-01655,ACC-00109,14104.35,2026-09-02 23:00:51,0,normal,NONE
TX-011964,ACC-00367,ACC-01666,15532.58,2026-09-09 10:51:18,0,normal,NONE
TX-003963,ACC-00249,ACC-00801,10539.74,2026-09-07 20:35:22,0,normal,NONE
TX-011757,ACC-01886,ACC-01408,588.49,2026-09-03 21:00:53,0,normal,NONE
TX-002672,ACC-00218,ACC-00858,8536.37,2026-09-05 21:35:44,0,normal,NONE
TX-001765,ACC-00301,ACC-00656,2677.09,2026-09-08 23:52:04,0,normal,NONE
TX-011470,ACC-01966,ACC-01854,15520.36,2026-09-01 11:31:14,0,normal,NONE
TX-000608,ACC-00739,ACC-00008,7708.36,2026-09-05 23:12:06,0,normal,NONE
TX-012967,ACC-00622,ACC-00684,28236.37,2026-09-06 21:00:00,0,normal_high_value,NONE
TX-013096,ACC-01504,ACC-00920,22933.01,2026-09-08 12:04:00,0,normal_high_value,NONE
TX-003218,ACC-00957,ACC-00105,9289.97,2026-09-09 13:06:05,0,normal,NONE
TX-005738,ACC-01100,ACC-00467,14833.34,2026-09-05 19:52:55,0,normal,NONE
TX-002054,ACC-01066,ACC-00904,5718.57,2026-09-04 17:58:15,0,normal,NONE
TX-003165,ACC-00933,ACC-01333,15786.17,2026-09-05 11:09:48,0,normal,NONE
TX-009301,ACC-00481,ACC-01221,16508.27,2026-09-09 23:29:13,0,normal,NONE
TX-010158,ACC-01657,ACC-00487,422.05,2026-09-08 18:14:12,0,normal,NONE
TX-011771,ACC-00572,ACC-01155,4184.96,2026-09-05 10:46:02,0,normal,NONE
TX-001658,ACC-00509,ACC-00616,850.07,2026-09-09 17:42:34,0,normal,NONE
TX-008070,ACC-01611,ACC-01065,15569.94,2026-09-02 22:22:37,0,normal,NONE
TX-002711,ACC-01353,ACC-01161,1096.64,2026-09-02 18:39:46,0,normal,NONE
TX-012140,FRAUD-06-SRC-15,FRAUD-06-COLLECTOR,6128.76,2026-09-03 13:28:00,1,funneling,NET-06
TX-007550,ACC-00226,ACC-01237,11992.48,2026-09-06 08:35:04,0,normal,NONE
TX-004267,ACC-01277,ACC-01468,9611.36,2026-09-01 12:55:29,0,normal,NONE
TX-006716,ACC-00562,ACC-01646,7592.41,2026-09-04 15:11:45,0,normal,NONE
TX-000423,ACC-00934,ACC-00765,1106.89,2026-09-08 23:01:00,0,normal,NONE
TX-005317,ACC-00365,ACC-00616,11763.37,2026-09-08 22:15:48,0,normal,NONE
TX-002846,ACC-01134,ACC-01130,13071.75,2026-09-06 11:39:51,0,normal,NONE
TX-004067,ACC-01508,ACC-01900,17444.91,2026-09-05 23:31:02,0,normal,NONE
TX-011659,ACC-01003,ACC-00048,2140.49,2026-09-02 13:05:18,0,normal,NONE
TX-005245,ACC-00918,ACC-00789,10063.91,2026-09-02 22:48:53,0,normal,NONE
TX-001002,ACC-00413,ACC-01414,5083.65,2026-09-02 17:19:32,0,normal,NONE
TX-004199,ACC-01355,ACC-00465,15355.27,2026-09-05 10:13:19,0,normal,NONE
TX-002419,ACC-00995,ACC-00719,6079.28,2026-09-08 19:48:10,0,normal,NONE
TX-003576,ACC-00717,ACC-00226,2923.99,2026-09-03 22:26:43,0,normal,NONE
TX-006727,ACC-00471,ACC-00993,7149.05,2026-09-01 16:04:18,0,normal,NONE
TX-003848,ACC-00352,ACC-00329,1701.56,2026-09-04 20:36:02,0,normal,NONE
TX-000962,ACC-00219,ACC-00270,3341.74,2026-09-05 15:38:14,0,normal,NONE
TX-008496,ACC-01654,ACC-00537,1794.74,2026-09-02 09:41:06,0,normal,NONE
TX-009238,ACC-01555,ACC-00955,17665.26,2026-09-08 20:42:57,0,normal,NONE
TX-013145,ACC-01674,ACC-00830,85600.36,2026-09-03 09:12:00,0,normal_high_value,NONE
TX-000758,ACC-00611,ACC-01388,15967.87,2026-09-06 08:35:55,0,normal,NONE
TX-005314,ACC-00942,ACC-00620,12533.92,2026-09-02 17:58:11,0,normal,NONE
TX-002285,ACC-00745,ACC-01361,610.47,2026-09-02 18:32:04,0,normal,NONE
TX-008295,ACC-01072,ACC-01469,11267.43,2026-09-05 11:03:36,0,normal,NONE
TX-004828,ACC-00161,ACC-00977,11986.81,2026-09-05 19:53:22,0,normal,NONE
TX-000808,ACC-01137,ACC-00991,4582.92,2026-09-05 19:49:45,0,normal,NONE
TX-003908,ACC-00061,ACC-00184,13026.84,2026-09-03 14:57:08,0,normal,NONE
TX-007024,ACC-01553,ACC-01453,4187.63,2026-09-05 23:18:15,0,normal,NONE
TX-001957,ACC-01415,ACC-00679,15560.37,2026-09-02 09:44:13,0,normal,NONE
TX-009072,ACC-01696,ACC-00951,5840.26,2026-09-03 20:25:47,0,normal,NONE
TX-010804,ACC-01133,ACC-00618,6725.37,2026-09-04 19:53:02,0,normal,NONE
TX-002403,ACC-00208,ACC-01461,14511.73,2026-09-04 23:14:37,0,normal,NONE
TX-009532,ACC-00516,ACC-01096,12484.26,2026-09-07 13:34:05,0,normal,NONE
TX-001074,ACC-00976,ACC-00618,8583.27,2026-09-09 15:24:43,0,normal,NONE
TX-006525,ACC-00847,ACC-01623,12637.94,2026-09-09 16:54:52,0,normal,NONE
TX-011269,ACC-00237,ACC-00609,4913.06,2026-09-01 10:32:42,0,normal,NONE
TX-013243,ACC-01520,ACC-00422,68604.82,2026-09-03 17:50:00,0,normal_high_value,NONE
TX-008096,ACC-01693,ACC-01386,2463.18,2026-09-03 14:59:45,0,normal,NONE
TX-009887,ACC-00779,ACC-00784,1277.43,2026-09-06 13:39:56,0,normal,NONE
TX-011108,ACC-01660,ACC-01425,12610.98,2026-09-02 22:17:03,0,normal,NONE
TX-009921,ACC-00172,ACC-01644,7780.86,2026-09-06 23:33:04,0,normal,NONE
TX-010585,ACC-00722,ACC-00387,12650.15,2026-09-05 20:58:46,0,normal,NONE
TX-001004,ACC-01484,ACC-01166,11095.56,2026-09-01 13:12:21,0,normal,NONE
TX-007659,ACC-00760,ACC-01060,2350.03,2026-09-08 12:51:06,0,normal,NONE
TX-012054,FRAUD-03-SRC-04,FRAUD-03-COLLECTOR,9200.62,2026-09-02 09:06:00,1,funneling,NET-03
TX-007567,ACC-01826,ACC-01889,29.82,2026-09-07 20:38:20,0,normal,NONE
TX-012231,FRAUD-10-SRC-06,FRAUD-10-COLLECTOR,7934.42,2026-09-03 12:10:00,1,funneling,NET-10
TX-005369,ACC-01606,ACC-00882,2183.44,2026-09-07 12:54:54,0,normal,NONE
TX-012425,ACC-00190,ACC-01591,34240.1,2026-09-09 23:03:00,0,normal_high_value,NONE
TX-006290,ACC-01045,ACC-00046,7544.99,2026-09-03 16:29:20,0,normal,NONE
TX-008810,ACC-01047,ACC-01619,3656.57,2026-09-06 21:53:08,0,normal,NONE
TX-010748,ACC-01661,ACC-01290,14313.38,2026-09-02 19:43:40,0,normal,NONE
TX-000986,ACC-01206,ACC-01351,8573.3,2026-09-07 22:05:38,0,normal,NONE
TX-009524,ACC-01062,ACC-01259,4062.73,2026-09-09 11:58:50,0,normal,NONE
TX-006170,ACC-01271,ACC-00265,8636.18,2026-09-09 09:39:00,0,normal,NONE
TX-010153,ACC-01587,ACC-01893,13096.87,2026-09-01 21:44:01,0,normal,NONE
TX-007385,ACC-01652,ACC-00614,9117.25,2026-09-06 19:28:07,0,normal,NONE
TX-009232,ACC-01378,ACC-00596,6449.85,2026-09-05 13:05:01,0,normal,NONE
TX-012100,FRAUD-04-NEXTHOP,FRAUD-04-OUT-08,13537.4,2026-09-04 12:55:00,1,fan_out,NET-04
TX-012406,ACC-00620,ACC-00867,79271.27,2026-09-02 09:09:00,0,normal_high_value,NONE
TX-002463,ACC-00290,ACC-00491,17287.76,2026-09-08 14:50:25,0,normal,NONE
TX-000269,ACC-00578,ACC-01594,6886.07,2026-09-09 21:10:52,0,normal,NONE
TX-007963,ACC-00606,ACC-00211,10141.31,2026-09-01 21:28:40,0,normal,NONE
TX-003581,ACC-00528,ACC-01609,1332.43,2026-09-05 11:25:36,0,normal,NONE
TX-000072,ACC-01797,ACC-01988,4716.65,2026-09-05 09:06:38,0,normal,NONE
TX-010766,ACC-00216,ACC-00066,16934.0,2026-09-08 15:08:21,0,normal,NONE
TX-010215,ACC-00023,ACC-01036,10931.26,2026-09-03 23:03:05,0,normal,NONE
TX-002822,ACC-01950,ACC-01683,8097.51,2026-09-07 08:27:03,0,normal,NONE
TX-011876,ACC-01064,ACC-01367,4840.86,2026-09-01 19:30:07,0,normal,NONE
TX-000590,ACC-00280,ACC-01999,2851.92,2026-09-07 23:41:20,0,normal,NONE
TX-009264,ACC-01992,ACC-00290,12041.71,2026-09-06 08:00:45,0,normal,NONE
TX-008724,ACC-01764,ACC-01816,3957.29,2026-09-02 19:29:36,0,normal,NONE
TX-010297,ACC-00332,ACC-01957,12150.25,2026-09-09 18:07:22,0,normal,NONE
TX-009576,ACC-00312,ACC-00233,17098.05,2026-09-04 18:19:40,0,normal,NONE
TX-003759,ACC-01137,ACC-00891,3327.5,2026-09-02 18:11:07,0,normal,NONE
TX-006846,ACC-00157,ACC-00053,13041.44,2026-09-02 12:16:25,0,normal,NONE
TX-002029,ACC-01603,ACC-01494,16715.63,2026-09-01 11:35:24,0,normal,NONE
TX-009104,ACC-01418,ACC-00596,15279.68,2026-09-02 21:06:27,0,normal,NONE
TX-005455,ACC-00958,ACC-00025,16169.33,2026-09-04 20:51:06,0,normal,NONE
TX-008754,ACC-01914,ACC-00280,8946.51,2026-09-09 11:10:03,0,normal,NONE
TX-010329,ACC-01437,ACC-00443,3403.96,2026-09-04 10:25:30,0,normal,NONE
TX-011605,ACC-00837,ACC-01878,7114.6,2026-09-08 10:52:32,0,normal,NONE
TX-008872,ACC-01512,ACC-00425,9057.46,2026-09-03 11:06:08,0,normal,NONE
TX-002433,ACC-00158,ACC-01963,12483.72,2026-09-06 15:50:34,0,normal,NONE
TX-004648,ACC-01228,ACC-01350,11282.12,2026-09-07 20:39:13,0,normal,NONE
TX-010288,ACC-00178,ACC-00047,297.95,2026-09-03 13:30:38,0,normal,NONE
TX-000897,ACC-00383,ACC-01114,6271.01,2026-09-08 16:55:53,0,normal,NONE
TX-010905,ACC-01926,ACC-00552,4521.68,2026-09-06 15:31:18,0,normal,NONE
TX-001588,ACC-01234,ACC-01185,17132.97,2026-09-03 08:07:49,0,normal,NONE
TX-006687,ACC-00673,ACC-01439,12416.48,2026-09-03 23:30:40,0,normal,NONE
TX-001720,ACC-01943,ACC-01007,6557.19,2026-09-05 11:06:42,0,normal,NONE
TX-006101,ACC-00750,ACC-01164,3788.6,2026-09-09 21:04:13,0,normal,NONE
TX-003807,ACC-00523,ACC-00526,1255.01,2026-09-07 10:02:57,0,normal,NONE
TX-010180,ACC-01304,ACC-01144,15562.01,2026-09-02 12:29:49,0,normal,NONE
TX-003962,ACC-01573,ACC-00277,3854.91,2026-09-07 13:10:52,0,normal,NONE
TX-007037,ACC-00588,ACC-00595,12050.8,2026-09-04 08:33:06,0,normal,NONE
TX-011210,ACC-01638,ACC-01159,14625.89,2026-09-04 19:53:38,0,normal,NONE
TX-000891,ACC-00318,ACC-00761,13878.93,2026-09-04 13:31:05,0,normal,NONE
TX-011926,ACC-01024,ACC-01350,16290.02,2026-09-09 15:44:15,0,normal,NONE
TX-004007,ACC-00825,ACC-01536,15074.53,2026-09-08 14:11:03,0,normal,NONE
TX-004940,ACC-00569,ACC-01874,13134.25,2026-09-09 13:44:06,0,normal,NONE
TX-010506,ACC-00841,ACC-01930,12467.37,2026-09-04 17:48:46,0,normal,NONE
TX-008582,ACC-01428,ACC-01733,8831.86,2026-09-01 12:58:40,0,normal,NONE
TX-005899,ACC-00184,ACC-01584,10773.53,2026-09-03 11:28:37,0,normal,NONE
TX-009982,ACC-00293,ACC-01398,16509.1,2026-09-01 16:25:12,0,normal,NONE
TX-010011,ACC-00653,ACC-00989,12482.27,2026-09-03 10:03:46,0,normal,NONE
TX-000585,ACC-00185,ACC-00116,4202.57,2026-09-04 08:33:30,0,normal,NONE
TX-003933,ACC-00165,ACC-01088,2658.6,2026-09-04 08:54:42,0,normal,NONE
TX-001261,ACC-01762,ACC-01701,16402.26,2026-09-04 21:17:52,0,normal,NONE
TX-009254,ACC-00232,ACC-01150,9295.26,2026-09-02 11:46:14,0,normal,NONE
TX-000311,ACC-01623,ACC-00285,4276.52,2026-09-08 08:23:35,0,normal,NONE
TX-001717,ACC-00745,ACC-00575,16975.12,2026-09-07 15:20:57,0,normal,NONE
TX-006010,ACC-01024,ACC-01858,1857.68,2026-09-01 15:17:27,0,normal,NONE
TX-002053,ACC-00249,ACC-01736,15815.06,2026-09-01 23:42:33,0,normal,NONE
TX-009212,ACC-01443,ACC-01602,14743.89,2026-09-03 19:02:45,0,normal,NONE
TX-004669,ACC-01770,ACC-01065,5257.69,2026-09-01 22:01:13,0,normal,NONE
TX-004299,ACC-01216,ACC-01337,3379.23,2026-09-03 22:30:58,0,normal,NONE
TX-006647,ACC-01216,ACC-01144,9033.0,2026-09-03 22:23:19,0,normal,NONE
TX-003784,ACC-00047,ACC-01512,14312.78,2026-09-03 11:28:29,0,normal,NONE
TX-001009,ACC-00680,ACC-01638,16493.03,2026-09-06 10:09:17,0,normal,NONE
TX-007348,ACC-01421,ACC-01204,16560.41,2026-09-07 11:20:18,0,normal,NONE
TX-011048,ACC-00473,ACC-01277,6765.46,2026-09-04 19:08:30,0,normal,NONE
TX-012409,ACC-00868,ACC-00283,83093.79,2026-09-02 16:30:00,0,normal_high_value,NONE
TX-008941,ACC-00992,ACC-00407,2325.3,2026-09-05 12:16:49,0,normal,NONE
TX-004060,ACC-00392,ACC-00341,12698.61,2026-09-02 19:44:14,0,normal,NONE
TX-000091,ACC-01123,ACC-00914,16151.8,2026-09-08 22:16:48,0,normal,NONE
TX-001988,ACC-01289,ACC-01966,12042.48,2026-09-04 09:51:08,0,normal,NONE
TX-010370,ACC-01324,ACC-01587,15263.79,2026-09-01 09:10:20,0,normal,NONE
TX-007280,ACC-01966,ACC-01526,4641.0,2026-09-08 12:48:03,0,normal,NONE
TX-011391,ACC-00037,ACC-00721,16208.84,2026-09-09 10:16:29,0,normal,NONE
TX-012573,ACC-01218,ACC-01967,25943.26,2026-09-09 22:28:00,0,normal_high_value,NONE
TX-013052,ACC-00361,ACC-00582,73892.47,2026-09-09 18:22:00,0,normal_high_value,NONE
TX-011397,ACC-00977,ACC-00426,4484.35,2026-09-01 09:14:46,0,normal,NONE
TX-002926,ACC-01280,ACC-00906,1304.41,2026-09-09 10:47:48,0,normal,NONE
TX-008820,ACC-01287,ACC-01924,3067.8,2026-09-01 16:28:02,0,normal,NONE
TX-008186,ACC-01522,ACC-00192,8112.92,2026-09-03 13:34:01,0,normal,NONE
TX-005885,ACC-00685,ACC-01908,1724.63,2026-09-02 08:35:10,0,normal,NONE
TX-002342,ACC-01777,ACC-01524,15378.3,2026-09-04 20:03:28,0,normal,NONE
TX-012296,ACC-00504,ACC-00798,21322.17,2026-09-02 08:48:00,0,normal_high_value,NONE
TX-009423,ACC-01670,ACC-01844,11406.37,2026-09-02 19:12:16,0,normal,NONE
TX-000628,ACC-01838,ACC-00763,383.79,2026-09-05 17:17:53,0,normal,NONE
TX-009285,ACC-00221,ACC-00918,15062.67,2026-09-07 15:36:16,0,normal,NONE
TX-007546,ACC-00268,ACC-01558,6966.2,2026-09-04 15:07:24,0,normal,NONE
TX-008603,ACC-01496,ACC-01525,14301.23,2026-09-05 19:10:24,0,normal,NONE
TX-004766,ACC-00202,ACC-01043,8924.41,2026-09-07 12:42:33,0,normal,NONE
TX-012724,ACC-01378,ACC-00428,85264.82,2026-09-04 18:33:00,0,normal_high_value,NONE
TX-000129,ACC-00398,ACC-00607,4110.15,2026-09-03 17:00:45,0,normal,NONE
TX-010586,ACC-00679,ACC-01308,16317.2,2026-09-05 09:39:24,0,normal,NONE
TX-009213,ACC-00606,ACC-00210,7527.18,2026-09-08 18:00:54,0,normal,NONE
TX-004183,ACC-01168,ACC-00926,17965.43,2026-09-04 19:17:45,0,normal,NONE
TX-007300,ACC-01167,ACC-01059,14177.39,2026-09-04 21:47:58,0,normal,NONE
TX-006996,ACC-00540,ACC-01189,14020.96,2026-09-04 16:47:54,0,normal,NONE
TX-002399,ACC-00212,ACC-00182,17956.94,2026-09-06 15:55:54,0,normal,NONE
TX-011852,ACC-00062,ACC-01935,10311.7,2026-09-04 09:32:30,0,normal,NONE
TX-001187,ACC-01005,ACC-00087,14813.93,2026-09-05 17:31:35,0,normal,NONE
TX-009304,ACC-01903,ACC-01119,16067.95,2026-09-03 21:14:10,0,normal,NONE
TX-012922,ACC-00167,ACC-00653,85319.75,2026-09-03 23:28:00,0,normal_high_value,NONE
TX-005315,ACC-00613,ACC-01150,14596.43,2026-09-04 21:10:24,0,normal,NONE
TX-004248,ACC-00229,ACC-01217,11818.44,2026-09-01 17:29:51,0,normal,NONE
TX-012659,ACC-00301,ACC-00878,59350.79,2026-09-03 15:13:00,0,normal_high_value,NONE
TX-001097,ACC-01915,ACC-00736,6015.25,2026-09-05 20:03:40,0,normal,NONE
TX-006654,ACC-00398,ACC-00183,9800.86,2026-09-04 15:15:52,0,normal,NONE
TX-001274,ACC-00649,ACC-01118,7639.59,2026-09-04 16:56:50,0,normal,NONE
TX-005699,ACC-01477,ACC-01122,16540.94,2026-09-08 13:05:16,0,normal,NONE
TX-008467,ACC-01356,ACC-01697,14252.44,2026-09-04 08:59:36,0,normal,NONE
TX-006798,ACC-01539,ACC-00323,1156.53,2026-09-04 16:01:27,0,normal,NONE
TX-006616,ACC-01189,ACC-01106,14124.96,2026-09-01 18:58:31,0,normal,NONE
TX-003359,ACC-00153,ACC-00921,980.03,2026-09-05 19:17:58,0,normal,NONE
TX-007756,ACC-00096,ACC-01944,15149.0,2026-09-06 14:10:27,0,normal,NONE
TX-000184,ACC-00390,ACC-01272,4526.27,2026-09-03 11:57:40,0,normal,NONE
TX-010021,ACC-01376,ACC-01707,3913.41,2026-09-05 14:53:49,0,normal,NONE
TX-006514,ACC-00943,ACC-00555,3576.63,2026-09-03 19:56:24,0,normal,NONE
TX-004568,ACC-01887,ACC-00563,2019.94,2026-09-04 08:52:24,0,normal,NONE
TX-006604,ACC-00969,ACC-00108,1323.18,2026-09-03 16:36:13,0,normal,NONE
TX-010991,ACC-00723,ACC-00703,9902.54,2026-09-03 16:23:35,0,normal,NONE
TX-001962,ACC-00213,ACC-00971,463.32,2026-09-09 22:25:03,0,normal,NONE
TX-004993,ACC-00278,ACC-01690,12820.56,2026-09-05 13:50:35,0,normal,NONE
TX-004892,ACC-01686,ACC-00096,3002.4,2026-09-03 14:43:41,0,normal,NONE
TX-008040,ACC-00861,ACC-01695,1264.69,2026-09-03 12:38:55,0,normal,NONE
TX-005870,ACC-01585,ACC-00307,14173.42,2026-09-09 14:40:13,0,normal,NONE
TX-012561,ACC-00710,ACC-00222,27706.63,2026-09-09 10:51:00,0,normal_high_value,NONE
TX-006227,ACC-00105,ACC-00602,3632.6,2026-09-08 10:23:58,0,normal,NONE
TX-009976,ACC-00493,ACC-00449,16220.42,2026-09-09 14:00:36,0,normal,NONE
TX-009392,ACC-00128,ACC-01699,391.86,2026-09-01 12:48:08,0,normal,NONE
TX-001252,ACC-01648,ACC-00463,11249.81,2026-09-02 11:37:21,0,normal,NONE
TX-003177,ACC-01014,ACC-00570,1104.36,2026-09-01 22:46:46,0,normal,NONE
TX-003360,ACC-00271,ACC-00216,14823.07,2026-09-06 17:23:31,0,normal,NONE
TX-009114,ACC-01917,ACC-01144,6944.58,2026-09-05 23:16:00,0,normal,NONE
TX-008499,ACC-00577,ACC-01147,17698.77,2026-09-01 11:08:29,0,normal,NONE
TX-011767,ACC-01775,ACC-00023,15303.13,2026-09-01 23:41:26,0,normal,NONE
TX-011908,ACC-00956,ACC-00585,6005.23,2026-09-02 17:53:44,0,normal,NONE
TX-007412,ACC-00033,ACC-00682,11188.31,2026-09-02 19:27:31,0,normal,NONE
TX-007539,ACC-00112,ACC-01499,3405.36,2026-09-08 12:06:40,0,normal,NONE
TX-001052,ACC-01788,ACC-01373,2277.37,2026-09-01 10:41:01,0,normal,NONE
TX-004764,ACC-00972,ACC-00836,13207.37,2026-09-06 08:48:46,0,normal,NONE
TX-001875,ACC-00602,ACC-01237,14883.82,2026-09-09 19:25:01,0,normal,NONE
TX-007283,ACC-01623,ACC-00174,11570.55,2026-09-08 23:45:30,0,normal,NONE
TX-010100,ACC-01137,ACC-01392,6222.39,2026-09-08 12:24:12,0,normal,NONE
TX-004323,ACC-00428,ACC-00214,9418.48,2026-09-04 23:47:36,0,normal,NONE
TX-005832,ACC-00937,ACC-00682,6226.83,2026-09-03 22:30:25,0,normal,NONE
TX-010798,ACC-01311,ACC-01187,151.78,2026-09-04 16:31:55,0,normal,NONE
TX-011202,ACC-00143,ACC-01905,3298.8,2026-09-06 16:07:22,0,normal,NONE
TX-010319,ACC-00002,ACC-01434,1689.39,2026-09-09 09:56:07,0,normal,NONE
TX-004486,ACC-01747,ACC-00280,5016.2,2026-09-01 18:14:55,0,normal,NONE
TX-003925,ACC-00075,ACC-00846,17549.91,2026-09-02 17:32:36,0,normal,NONE
TX-008442,ACC-00796,ACC-01960,4067.75,2026-09-04 08:34:49,0,normal,NONE
TX-010139,ACC-00809,ACC-01988,10607.37,2026-09-07 15:05:20,0,normal,NONE
TX-007851,ACC-01118,ACC-01900,17117.16,2026-09-08 18:19:30,0,normal,NONE
TX-003114,ACC-00582,ACC-00622,5132.85,2026-09-09 20:24:37,0,normal,NONE
TX-003304,ACC-01322,ACC-01314,12219.76,2026-09-03 23:10:01,0,normal,NONE
TX-001691,ACC-00512,ACC-01704,9713.37,2026-09-02 17:19:30,0,normal,NONE
TX-008507,ACC-01158,ACC-00502,8373.21,2026-09-05 18:08:52,0,normal,NONE
TX-005049,ACC-01776,ACC-01771,8954.27,2026-09-05 11:13:05,0,normal,NONE
TX-010015,ACC-00874,ACC-01744,15174.08,2026-09-07 15:02:58,0,normal,NONE
TX-003309,ACC-01624,ACC-00471,5863.49,2026-09-09 12:17:39,0,normal,NONE
TX-001505,ACC-00411,ACC-00684,3555.7,2026-09-06 16:19:47,0,normal,NONE
TX-001807,ACC-00082,ACC-00745,15464.88,2026-09-07 21:54:39,0,normal,NONE
TX-003872,ACC-01971,ACC-01496,11263.38,2026-09-04 18:14:17,0,normal,NONE
TX-003792,ACC-01482,ACC-00874,779.88,2026-09-01 18:52:34,0,normal,NONE
TX-012616,ACC-01421,ACC-00987,87736.07,2026-09-04 12:39:00,0,normal_high_value,NONE
TX-009234,ACC-01795,ACC-01053,3381.67,2026-09-07 18:17:36,0,normal,NONE
TX-001718,ACC-00098,ACC-00373,755.19,2026-09-01 18:13:18,0,normal,NONE
TX-002697,ACC-01692,ACC-00687,9327.74,2026-09-07 16:16:38,0,normal,NONE
TX-001849,ACC-01492,ACC-00356,7268.08,2026-09-06 13:27:14,0,normal,NONE
TX-004513,ACC-00054,ACC-00846,14130.56,2026-09-07 12:18:36,0,normal,NONE
TX-009858,ACC-00435,ACC-00037,10682.26,2026-09-01 14:41:41,0,normal,NONE
TX-006623,ACC-00912,ACC-00065,17871.73,2026-09-05 10:46:55,0,normal,NONE
TX-003436,ACC-00810,ACC-00096,4172.39,2026-09-04 21:42:51,0,normal,NONE
TX-008973,ACC-01018,ACC-00710,15560.38,2026-09-09 08:22:41,0,normal,NONE
TX-000143,ACC-00340,ACC-01624,5550.86,2026-09-05 22:07:29,0,normal,NONE
TX-009295,ACC-00742,ACC-00515,15048.59,2026-09-03 16:07:10,0,normal,NONE
TX-006993,ACC-00282,ACC-01041,16242.02,2026-09-03 12:45:51,0,normal,NONE
TX-008937,ACC-00588,ACC-01953,16639.4,2026-09-01 19:37:05,0,normal,NONE
TX-008730,ACC-01975,ACC-00041,9993.09,2026-09-01 15:39:01,0,normal,NONE
TX-001118,ACC-01311,ACC-00555,9425.1,2026-09-07 15:11:39,0,normal,NONE
TX-001757,ACC-01869,ACC-00460,451.54,2026-09-07 20:09:22,0,normal,NONE
TX-000498,ACC-01385,ACC-00805,8820.47,2026-09-05 21:24:28,0,normal,NONE
TX-006752,ACC-01274,ACC-01449,5845.69,2026-09-02 15:42:19,0,normal,NONE
TX-000871,ACC-01569,ACC-00882,14367.41,2026-09-04 08:35:23,0,normal,NONE
TX-003358,ACC-00334,ACC-00289,10864.79,2026-09-08 18:32:37,0,normal,NONE
TX-007679,ACC-00602,ACC-00077,424.52,2026-09-07 16:54:22,0,normal,NONE
TX-000722,ACC-01279,ACC-01464,5244.62,2026-09-06 12:45:41,0,normal,NONE
TX-000887,ACC-00087,ACC-01526,16874.83,2026-09-09 11:16:30,0,normal,NONE
TX-012722,ACC-01689,ACC-00067,27157.77,2026-09-04 11:00:00,0,normal_high_value,NONE
TX-009727,ACC-00156,ACC-01250,12586.83,2026-09-07 13:56:10,0,normal,NONE
TX-011002,ACC-01291,ACC-01126,2171.55,2026-09-05 11:54:56,0,normal,NONE
TX-008348,ACC-01974,ACC-01957,14455.44,2026-09-05 18:18:06,0,normal,NONE
TX-008103,ACC-01106,ACC-01915,10508.17,2026-09-02 13:45:09,0,normal,NONE
TX-013156,ACC-00599,ACC-01484,56874.58,2026-09-02 23:53:00,0,normal_high_value,NONE
TX-011018,ACC-00033,ACC-01066,4463.89,2026-09-01 13:58:53,0,normal,NONE
TX-000315,ACC-01393,ACC-01060,6214.38,2026-09-09 13:49:08,0,normal,NONE
TX-009910,ACC-00044,ACC-01282,6090.18,2026-09-01 22:48:17,0,normal,NONE
TX-004205,ACC-00479,ACC-00690,14973.08,2026-09-01 23:27:27,0,normal,NONE
TX-005851,ACC-01467,ACC-01239,10333.09,2026-09-07 19:02:34,0,normal,NONE
TX-006130,ACC-00794,ACC-00789,11149.99,2026-09-05 22:47:05,0,normal,NONE
TX-005448,ACC-01657,ACC-00924,6323.66,2026-09-02 09:22:31,0,normal,NONE
TX-003130,ACC-00937,ACC-01408,3886.93,2026-09-08 14:59:36,0,normal,NONE
TX-001997,ACC-01179,ACC-00495,15360.45,2026-09-09 17:25:39,0,normal,NONE
TX-009843,ACC-01605,ACC-01576,6927.43,2026-09-02 16:56:10,0,normal,NONE
TX-003969,ACC-00096,ACC-01928,17190.74,2026-09-09 16:57:50,0,normal,NONE
TX-010480,ACC-01413,ACC-00483,4151.04,2026-09-05 23:49:41,0,normal,NONE
TX-000337,ACC-00695,ACC-01143,16902.3,2026-09-03 14:38:32,0,normal,NONE
TX-010481,ACC-01222,ACC-00205,5499.73,2026-09-06 13:49:56,0,normal,NONE
TX-011090,ACC-01014,ACC-00197,11830.42,2026-09-04 21:16:27,0,normal,NONE
TX-009188,ACC-00054,ACC-01969,17728.76,2026-09-03 08:44:17,0,normal,NONE
TX-002986,ACC-00182,ACC-01676,15684.81,2026-09-01 20:09:43,0,normal,NONE
TX-004621,ACC-01201,ACC-00322,9012.01,2026-09-05 19:00:11,0,normal,NONE
TX-006532,ACC-01016,ACC-00648,839.37,2026-09-08 10:37:43,0,normal,NONE
TX-008711,ACC-01219,ACC-01252,12300.47,2026-09-02 13:53:46,0,normal,NONE
TX-003559,ACC-01233,ACC-01578,3353.03,2026-09-08 20:43:48,0,normal,NONE
TX-012075,FRAUD-03-NEXTHOP,FRAUD-03-OUT-08,11970.27,2026-09-02 09:55:00,1,fan_out,NET-03
TX-003417,ACC-00795,ACC-00145,617.97,2026-09-07 23:36:36,0,normal,NONE
TX-000308,ACC-01397,ACC-01982,15222.47,2026-09-06 19:45:04,0,normal,NONE
TX-013153,ACC-01910,ACC-01298,40530.53,2026-09-05 11:32:00,0,normal_high_value,NONE
TX-010066,ACC-01110,ACC-01259,13078.36,2026-09-01 20:25:59,0,normal,NONE
TX-000349,ACC-01149,ACC-00666,17966.25,2026-09-08 20:20:11,0,normal,NONE
TX-005919,ACC-00478,ACC-01817,13714.71,2026-09-02 14:34:17,0,normal,NONE
TX-007244,ACC-00141,ACC-00200,7408.56,2026-09-07 17:26:01,0,normal,NONE
TX-012592,ACC-00162,ACC-01440,31326.06,2026-09-09 22:27:00,0,normal_high_value,NONE
TX-004483,ACC-00984,ACC-00076,1873.68,2026-09-02 16:20:47,0,normal,NONE
TX-008264,ACC-01739,ACC-00309,10113.25,2026-09-01 16:18:28,0,normal,NONE
TX-008917,ACC-01194,ACC-00583,12217.35,2026-09-03 18:20:56,0,normal,NONE
TX-006856,ACC-01560,ACC-00108,3386.69,2026-09-08 13:35:59,0,normal,NONE
TX-009485,ACC-01423,ACC-00967,8675.79,2026-09-02 18:14:25,0,normal,NONE
TX-010799,ACC-00227,ACC-00450,16701.98,2026-09-01 18:33:56,0,normal,NONE
TX-011568,ACC-01366,ACC-01503,4758.0,2026-09-08 08:50:37,0,normal,NONE
TX-001667,ACC-00648,ACC-01614,7816.62,2026-09-01 15:04:17,0,normal,NONE
TX-007580,ACC-00598,ACC-01350,7135.69,2026-09-07 12:17:58,0,normal,NONE
TX-005571,ACC-01399,ACC-00214,1597.98,2026-09-07 08:35:36,0,normal,NONE
TX-000053,ACC-00715,ACC-01805,1256.87,2026-09-04 19:18:10,0,normal,NONE
TX-008806,ACC-01081,ACC-00332,12523.06,2026-09-06 23:30:12,0,normal,NONE
TX-006264,ACC-00524,ACC-01927,10837.75,2026-09-04 21:58:14,0,normal,NONE
TX-001446,ACC-00076,ACC-00575,8881.22,2026-09-04 08:12:52,0,normal,NONE
TX-008697,ACC-01161,ACC-00720,2185.52,2026-09-03 22:30:03,0,normal,NONE
TX-009003,ACC-01164,ACC-00796,16389.0,2026-09-02 18:58:34,0,normal,NONE
TX-001696,ACC-01480,ACC-00382,7249.18,2026-09-01 11:27:31,0,normal,NONE
TX-001575,ACC-00344,ACC-00965,7955.94,2026-09-09 21:48:09,0,normal,NONE
TX-009831,ACC-01397,ACC-00559,878.57,2026-09-02 18:07:51,0,normal,NONE
TX-004406,ACC-01245,ACC-01848,8185.1,2026-09-01 15:45:20,0,normal,NONE
TX-001631,ACC-01411,ACC-00253,4936.68,2026-09-08 14:31:18,0,normal,NONE
TX-011142,ACC-00334,ACC-01986,10446.76,2026-09-04 14:24:51,0,normal,NONE
TX-001882,ACC-00892,ACC-00651,14644.83,2026-09-04 14:03:51,0,normal,NONE
TX-005075,ACC-01834,ACC-01544,15989.63,2026-09-09 12:10:42,0,normal,NONE
TX-005510,ACC-01723,ACC-00684,5724.41,2026-09-06 09:49:40,0,normal,NONE
TX-011687,ACC-01039,ACC-01733,543.85,2026-09-06 18:39:59,0,normal,NONE
TX-008974,ACC-01421,ACC-00942,11294.76,2026-09-02 23:33:16,0,normal,NONE
TX-009421,ACC-01701,ACC-01987,5786.65,2026-09-09 16:46:19,0,normal,NONE
TX-009233,ACC-01467,ACC-00614,2949.11,2026-09-09 17:52:05,0,normal,NONE
TX-000187,ACC-00360,ACC-00412,2396.23,2026-09-09 19:33:32,0,normal,NONE
TX-005559,ACC-00655,ACC-01038,12351.1,2026-09-03 22:28:45,0,normal,NONE
TX-007186,ACC-01315,ACC-01884,10746.11,2026-09-04 21:26:40,0,normal,NONE
TX-012247,FRAUD-10-NEXTHOP,FRAUD-10-OUT-05,12036.72,2026-09-03 12:52:00,1,fan_out,NET-10
TX-010188,ACC-01615,ACC-00460,4025.59,2026-09-09 12:53:47,0,normal,NONE
TX-006588,ACC-00716,ACC-01057,12618.01,2026-09-08 18:21:43,0,normal,NONE
TX-001235,ACC-01874,ACC-00244,6917.67,2026-09-06 20:28:29,0,normal,NONE
TX-012497,ACC-01955,ACC-00493,54499.63,2026-09-02 10:02:00,0,normal_high_value,NONE
TX-003916,ACC-01636,ACC-01282,17694.98,2026-09-05 23:54:09,0,normal,NONE
TX-000447,ACC-00348,ACC-01404,6865.56,2026-09-03 16:19:17,0,normal,NONE
TX-000845,ACC-01477,ACC-00553,14477.49,2026-09-09 21:54:24,0,normal,NONE
TX-005202,ACC-01772,ACC-00627,7109.77,2026-09-06 22:16:40,0,normal,NONE
TX-011645,ACC-01425,ACC-00269,188.18,2026-09-09 16:38:35,0,normal,NONE
TX-011067,ACC-01902,ACC-00660,5413.38,2026-09-03 09:48:39,0,normal,NONE
TX-002441,ACC-01006,ACC-00883,12681.84,2026-09-03 20:13:42,0,normal,NONE
TX-003104,ACC-01957,ACC-00665,15555.34,2026-09-09 21:50:48,0,normal,NONE
TX-007693,ACC-00205,ACC-00847,9187.93,2026-09-05 16:24:37,0,normal,NONE
TX-004775,ACC-00700,ACC-01275,8589.65,2026-09-08 12:27:20,0,normal,NONE
TX-006975,ACC-00138,ACC-01152,6040.44,2026-09-02 11:06:41,0,normal,NONE
TX-006095,ACC-01455,ACC-01487,16884.65,2026-09-07 16:40:33,0,normal,NONE
TX-002154,ACC-01447,ACC-00972,6402.75,2026-09-09 18:33:05,0,normal,NONE
TX-005519,ACC-01186,ACC-00647,13750.26,2026-09-02 12:16:46,0,normal,NONE
TX-011586,ACC-00321,ACC-00097,6846.64,2026-09-02 17:04:51,0,normal,NONE
TX-005068,ACC-01517,ACC-00835,6502.91,2026-09-09 17:42:49,0,normal,NONE
TX-011181,ACC-00347,ACC-00171,10800.06,2026-09-05 23:27:03,0,normal,NONE
TX-010220,ACC-01864,ACC-01057,15598.07,2026-09-09 08:09:11,0,normal,NONE
TX-011033,ACC-01349,ACC-01855,919.08,2026-09-07 15:02:02,0,normal,NONE
TX-000777,ACC-01737,ACC-01975,14521.59,2026-09-03 12:28:10,0,normal,NONE
TX-008418,ACC-00677,ACC-00325,17805.28,2026-09-01 09:53:31,0,normal,NONE
TX-013224,ACC-01139,ACC-01071,87013.32,2026-09-05 10:06:00,0,normal_high_value,NONE
TX-006325,ACC-01328,ACC-00657,7668.31,2026-09-03 22:07:37,0,normal,NONE
TX-004921,ACC-01429,ACC-00097,2066.64,2026-09-04 08:31:04,0,normal,NONE
TX-011526,ACC-00039,ACC-01600,17693.96,2026-09-08 20:44:06,0,normal,NONE
TX-012582,ACC-01096,ACC-01013,53197.92,2026-09-07 09:06:00,0,normal_high_value,NONE
TX-009356,ACC-00197,ACC-01582,13363.97,2026-09-06 16:51:11,0,normal,NONE
TX-003137,ACC-00949,ACC-01510,13391.01,2026-09-08 15:10:51,0,normal,NONE
TX-012086,FRAUD-04-SRC-11,FRAUD-04-COLLECTOR,10900.53,2026-09-04 12:20:00,1,funneling,NET-04
TX-005463,ACC-00466,ACC-00476,4214.62,2026-09-09 17:42:36,0,normal,NONE
TX-003184,ACC-01387,ACC-01595,17964.75,2026-09-06 17:27:53,0,normal,NONE
TX-011844,ACC-01776,ACC-01889,1298.22,2026-09-02 15:48:25,0,normal,NONE
TX-007523,ACC-01995,ACC-00929,1507.97,2026-09-05 14:37:01,0,normal,NONE
TX-010532,ACC-00317,ACC-00980,521.41,2026-09-01 16:33:58,0,normal,NONE
TX-003200,ACC-01659,ACC-01884,16898.55,2026-09-05 21:56:25,0,normal,NONE
TX-012347,ACC-01252,ACC-01184,86963.95,2026-09-05 16:44:00,0,normal_high_value,NONE
TX-001290,ACC-00753,ACC-00373,7095.03,2026-09-07 15:01:01,0,normal,NONE
TX-012607,ACC-01884,ACC-01498,32183.8,2026-09-09 10:30:00,0,normal_high_value,NONE
TX-012650,ACC-01624,ACC-01056,72608.5,2026-09-03 17:46:00,0,normal_high_value,NONE
TX-009872,ACC-00518,ACC-00210,15584.53,2026-09-06 12:24:38,0,normal,NONE
TX-007543,ACC-00186,ACC-01816,11133.19,2026-09-04 14:20:11,0,normal,NONE
TX-001880,ACC-01233,ACC-00435,9500.18,2026-09-02 16:45:38,0,normal,NONE
TX-011867,ACC-00950,ACC-00793,9745.07,2026-09-09 14:52:25,0,normal,NONE
TX-013201,ACC-01931,ACC-00208,31810.71,2026-09-09 15:15:00,0,normal_high_value,NONE
TX-005458,ACC-01859,ACC-00635,10727.42,2026-09-04 09:28:33,0,normal,NONE
TX-002149,ACC-01748,ACC-01213,10893.86,2026-09-08 14:10:00,0,normal,NONE
TX-004132,ACC-01029,ACC-01557,5944.24,2026-09-01 20:30:48,0,normal,NONE
TX-001037,ACC-01123,ACC-00326,17530.57,2026-09-07 10:21:13,0,normal,NONE
TX-012626,ACC-01152,ACC-00763,22563.33,2026-09-03 12:25:00,0,normal_high_value,NONE
TX-004135,ACC-01520,ACC-01729,5682.13,2026-09-06 08:54:42,0,normal,NONE
TX-000650,ACC-01478,ACC-00053,11804.1,2026-09-05 16:58:26,0,normal,NONE
TX-006712,ACC-01364,ACC-00867,3826.48,2026-09-03 18:32:46,0,normal,NONE
TX-000862,ACC-00173,ACC-01342,16769.98,2026-09-07 17:14:15,0,normal,NONE
TX-000192,ACC-01534,ACC-01377,4733.66,2026-09-07 19:06:43,0,normal,NONE
TX-008302,ACC-00788,ACC-01140,3445.87,2026-09-03 21:01:23,0,normal,NONE
TX-006027,ACC-00256,ACC-00811,6665.01,2026-09-03 23:47:31,0,normal,NONE
TX-001943,ACC-00166,ACC-00596,3955.06,2026-09-08 19:15:51,0,normal,NONE
TX-004332,ACC-01432,ACC-01883,15764.68,2026-09-03 14:52:37,0,normal,NONE
TX-011724,ACC-01731,ACC-01975,17791.35,2026-09-08 09:27:17,0,normal,NONE
TX-007973,ACC-01781,ACC-00958,12458.15,2026-09-09 08:26:54,0,normal,NONE
TX-012693,ACC-01198,ACC-00039,23624.69,2026-09-01 08:18:00,0,normal_high_value,NONE
TX-009928,ACC-00392,ACC-01569,13424.87,2026-09-04 18:40:50,0,normal,NONE
TX-009840,ACC-01378,ACC-00486,16725.21,2026-09-07 18:48:40,0,normal,NONE
TX-002776,ACC-01368,ACC-01397,15039.75,2026-09-09 16:51:38,0,normal,NONE
TX-004146,ACC-00423,ACC-01471,12524.3,2026-09-09 15:56:05,0,normal,NONE
TX-002618,ACC-01940,ACC-01475,7006.52,2026-09-06 22:25:38,0,normal,NONE
TX-002412,ACC-01399,ACC-00705,6355.76,2026-09-04 16:28:50,0,normal,NONE
TX-001095,ACC-01600,ACC-01664,14141.16,2026-09-09 15:00:24,0,normal,NONE
TX-006066,ACC-01255,ACC-01742,8629.27,2026-09-02 19:14:14,0,normal,NONE
TX-001547,ACC-00098,ACC-01714,11433.53,2026-09-09 11:24:44,0,normal,NONE
TX-004590,ACC-01549,ACC-00706,8969.04,2026-09-09 08:43:14,0,normal,NONE
TX-006035,ACC-00180,ACC-00386,12947.48,2026-09-09 16:23:58,0,normal,NONE
TX-006954,ACC-00828,ACC-00138,10690.39,2026-09-02 12:41:45,0,normal,NONE
TX-003136,ACC-01925,ACC-00631,4816.67,2026-09-02 23:46:41,0,normal,NONE
TX-003857,ACC-01918,ACC-01361,13153.05,2026-09-05 17:47:52,0,normal,NONE
TX-012214,FRAUD-09-SRC-14,FRAUD-09-COLLECTOR,13368.21,2026-09-04 18:26:00,1,funneling,NET-09
TX-006420,ACC-00154,ACC-00082,8089.81,2026-09-06 13:50:18,0,normal,NONE
TX-003806,ACC-01873,ACC-00511,5323.84,2026-09-09 10:24:51,0,normal,NONE
TX-008765,ACC-00040,ACC-01528,15290.76,2026-09-09 17:54:50,0,normal,NONE
TX-007432,ACC-00499,ACC-01506,16453.96,2026-09-06 17:06:51,0,normal,NONE
TX-006775,ACC-00420,ACC-00344,2056.34,2026-09-01 08:23:55,0,normal,NONE
TX-011632,ACC-00813,ACC-00146,15777.93,2026-09-05 11:30:37,0,normal,NONE
TX-000465,ACC-00802,ACC-00949,13906.71,2026-09-09 12:22:01,0,normal,NONE
TX-001258,ACC-01521,ACC-01922,8421.97,2026-09-09 21:59:36,0,normal,NONE
TX-002260,ACC-01460,ACC-01887,3612.14,2026-09-03 17:04:57,0,normal,NONE
TX-005631,ACC-01676,ACC-00474,10595.23,2026-09-02 13:36:58,0,normal,NONE
TX-012837,ACC-00236,ACC-00773,32096.68,2026-09-09 08:05:00,0,normal_high_value,NONE
TX-006232,ACC-00051,ACC-00181,620.75,2026-09-06 14:38:05,0,normal,NONE
TX-007383,ACC-00191,ACC-00900,13529.74,2026-09-08 15:24:27,0,normal,NONE
TX-010938,ACC-01689,ACC-00709,11964.46,2026-09-08 17:41:26,0,normal,NONE
TX-001263,ACC-00308,ACC-00394,518.12,2026-09-05 22:31:35,0,normal,NONE
TX-007213,ACC-01936,ACC-01980,9020.41,2026-09-07 10:29:35,0,normal,NONE
TX-000976,ACC-01199,ACC-01921,16100.02,2026-09-09 12:25:26,0,normal,NONE
TX-009489,ACC-00811,ACC-01061,5946.75,2026-09-05 17:05:26,0,normal,NONE
TX-005867,ACC-01511,ACC-01513,4324.55,2026-09-05 17:35:18,0,normal,NONE
TX-006583,ACC-00943,ACC-00739,8029.73,2026-09-01 14:10:12,0,normal,NONE
TX-002388,ACC-01369,ACC-00639,3773.41,2026-09-02 09:48:26,0,normal,NONE
TX-012890,ACC-01085,ACC-00388,78780.59,2026-09-03 16:01:00,0,normal_high_value,NONE
TX-005022,ACC-00650,ACC-01545,8491.9,2026-09-04 14:03:39,0,normal,NONE
TX-007130,ACC-00843,ACC-01343,4439.34,2026-09-03 09:32:20,0,normal,NONE
TX-011068,ACC-00274,ACC-00888,4836.46,2026-09-07 18:51:09,0,normal,NONE
TX-003883,ACC-00413,ACC-01913,8232.3,2026-09-09 22:47:45,0,normal,NONE
TX-006056,ACC-01452,ACC-00091,9590.34,2026-09-09 23:19:20,0,normal,NONE
TX-012036,FRAUD-02-SRC-11,FRAUD-02-COLLECTOR,6060.7,2026-09-06 17:20:00,1,funneling,NET-02
TX-011426,ACC-00936,ACC-00463,5690.57,2026-09-02 14:24:47,0,normal,NONE
TX-003876,ACC-00409,ACC-01523,13088.81,2026-09-03 08:22:57,0,normal,NONE
TX-002790,ACC-00190,ACC-01914,17461.68,2026-09-03 09:00:30,0,normal,NONE
TX-001858,ACC-01221,ACC-00252,1945.24,2026-09-05 16:57:11,0,normal,NONE
TX-012558,ACC-01653,ACC-00056,50535.73,2026-09-08 15:27:00,0,normal_high_value,NONE
TX-004109,ACC-00023,ACC-00339,6473.66,2026-09-05 19:47:14,0,normal,NONE
TX-005214,ACC-00960,ACC-01860,8702.62,2026-09-01 21:42:42,0,normal,NONE
TX-008282,ACC-01555,ACC-00223,13024.65,2026-09-04 22:46:26,0,normal,NONE
TX-003256,ACC-01218,ACC-01103,10326.76,2026-09-09 09:34:34,0,normal,NONE
TX-007324,ACC-01869,ACC-00978,1368.72,2026-09-03 08:50:26,0,normal,NONE
TX-002691,ACC-00806,ACC-00576,8371.84,2026-09-06 17:53:34,0,normal,NONE
TX-007390,ACC-00163,ACC-00291,4016.24,2026-09-05 22:28:23,0,normal,NONE
TX-004628,ACC-01187,ACC-01274,14617.88,2026-09-03 15:00:18,0,normal,NONE
TX-009888,ACC-00390,ACC-00324,13176.29,2026-09-08 09:58:35,0,normal,NONE
TX-001320,ACC-00315,ACC-00060,1477.52,2026-09-08 22:40:17,0,normal,NONE
TX-011848,ACC-01375,ACC-01344,12597.66,2026-09-08 12:13:44,0,normal,NONE
TX-013092,ACC-01306,ACC-01033,82067.37,2026-09-06 14:33:00,0,normal_high_value,NONE
TX-005163,ACC-01677,ACC-01832,11873.55,2026-09-09 23:08:11,0,normal,NONE
TX-009625,ACC-01866,ACC-00776,6287.7,2026-09-03 15:21:02,0,normal,NONE
TX-009165,ACC-00785,ACC-01374,323.36,2026-09-07 14:36:10,0,normal,NONE
TX-001136,ACC-01756,ACC-01069,8816.06,2026-09-04 23:53:29,0,normal,NONE
TX-004530,ACC-01590,ACC-01472,4459.24,2026-09-05 09:48:48,0,normal,NONE
TX-003506,ACC-00291,ACC-01909,2182.05,2026-09-06 22:05:58,0,normal,NONE
TX-004750,ACC-00117,ACC-01480,698.14,2026-09-01 15:04:35,0,normal,NONE
TX-007087,ACC-01393,ACC-01073,14835.62,2026-09-09 13:13:01,0,normal,NONE
TX-008791,ACC-01933,ACC-00047,1381.14,2026-09-01 15:58:15,0,normal,NONE
TX-013074,ACC-00888,ACC-01528,62108.14,2026-09-04 21:00:00,0,normal_high_value,NONE
TX-006337,ACC-01635,ACC-01153,12351.52,2026-09-03 12:02:22,0,normal,NONE
TX-012191,FRAUD-08-COLLECTOR,FRAUD-08-RELAY,120428.05,2026-09-07 09:35:00,1,layering,NET-08
TX-006983,ACC-00319,ACC-01456,4531.78,2026-09-06 12:54:44,0,normal,NONE
TX-012679,ACC-01219,ACC-01535,62740.29,2026-09-08 18:27:00,0,normal_high_value,NONE
TX-002506,ACC-00754,ACC-01516,396.45,2026-09-05 12:02:29,0,normal,NONE
TX-002905,ACC-01915,ACC-00731,13564.83,2026-09-09 13:01:47,0,normal,NONE
TX-000571,ACC-01400,ACC-00874,3127.07,2026-09-04 13:17:17,0,normal,NONE
TX-001449,ACC-01528,ACC-00134,2311.21,2026-09-04 16:12:54,0,normal,NONE
TX-003415,ACC-01804,ACC-01261,11106.46,2026-09-03 19:22:48,0,normal,NONE
TX-010681,ACC-00175,ACC-00316,2413.35,2026-09-02 19:12:23,0,normal,NONE
TX-010543,ACC-01988,ACC-01208,17397.58,2026-09-03 15:34:46,0,normal,NONE
TX-006838,ACC-01006,ACC-01315,10995.9,2026-09-05 20:18:11,0,normal,NONE
TX-003227,ACC-00024,ACC-01105,3122.9,2026-09-01 16:34:02,0,normal,NONE
TX-012910,ACC-00906,ACC-01911,47092.61,2026-09-06 22:12:00,0,normal_high_value,NONE
TX-004384,ACC-01154,ACC-00640,7469.46,2026-09-09 08:59:26,0,normal,NONE
TX-007846,ACC-01632,ACC-00011,5137.61,2026-09-08 09:40:53,0,normal,NONE
TX-003540,ACC-01266,ACC-00692,3814.92,2026-09-01 20:15:53,0,normal,NONE
TX-012004,FRAUD-01-SRC-04,FRAUD-01-COLLECTOR,11051.97,2026-09-05 13:06:00,1,funneling,NET-01
TX-011864,ACC-00058,ACC-01415,13065.73,2026-09-03 23:01:56,0,normal,NONE
TX-002828,ACC-01939,ACC-00983,392.02,2026-09-03 16:10:42,0,normal,NONE
TX-005781,ACC-01439,ACC-00355,10497.84,2026-09-07 15:18:41,0,normal,NONE
TX-004997,ACC-01005,ACC-00877,13407.34,2026-09-07 17:32:50,0,normal,NONE
TX-001339,ACC-00610,ACC-00643,10578.01,2026-09-08 22:39:51,0,normal,NONE
TX-003263,ACC-01411,ACC-01828,15603.85,2026-09-06 18:37:16,0,normal,NONE
TX-007877,ACC-00095,ACC-00264,3588.59,2026-09-05 12:51:52,0,normal,NONE
TX-009567,ACC-00043,ACC-00469,3387.38,2026-09-07 18:03:41,0,normal,NONE
TX-006839,ACC-01202,ACC-01222,15814.39,2026-09-08 13:16:28,0,normal,NONE
TX-005742,ACC-01087,ACC-00731,12708.83,2026-09-08 14:03:08,0,normal,NONE
TX-000651,ACC-00829,ACC-00796,13266.44,2026-09-04 18:46:45,0,normal,NONE
TX-006040,ACC-00064,ACC-01654,16262.18,2026-09-08 15:16:44,0,normal,NONE
TX-002259,ACC-00331,ACC-00938,6655.78,2026-09-04 13:30:59,0,normal,NONE
TX-005396,ACC-01344,ACC-00899,3786.97,2026-09-03 08:46:02,0,normal,NONE
TX-011570,ACC-00486,ACC-01591,5028.58,2026-09-01 22:06:19,0,normal,NONE
TX-007083,ACC-00874,ACC-01697,14281.84,2026-09-07 12:05:12,0,normal,NONE
TX-010303,ACC-01234,ACC-01180,7680.8,2026-09-05 14:17:48,0,normal,NONE
TX-003522,ACC-00316,ACC-01062,13964.67,2026-09-03 08:38:41,0,normal,NONE
TX-009971,ACC-01690,ACC-01244,14369.8,2026-09-09 16:34:03,0,normal,NONE
TX-004479,ACC-00402,ACC-00026,7288.31,2026-09-01 13:12:03,0,normal,NONE
TX-005661,ACC-00211,ACC-00752,3086.49,2026-09-08 22:41:06,0,normal,NONE
TX-000068,ACC-00222,ACC-00784,15701.56,2026-09-08 15:12:52,0,normal,NONE
TX-012415,ACC-00470,ACC-00064,30306.26,2026-09-09 20:08:00,0,normal_high_value,NONE
TX-013196,ACC-00408,ACC-00106,57754.48,2026-09-03 19:25:00,0,normal_high_value,NONE
TX-007610,ACC-00242,ACC-00943,16859.19,2026-09-06 12:56:35,0,normal,NONE
TX-001259,ACC-01489,ACC-01284,1096.67,2026-09-04 19:29:09,0,normal,NONE
TX-010981,ACC-01898,ACC-00535,16764.2,2026-09-08 18:57:22,0,normal,NONE
TX-011288,ACC-00349,ACC-00483,10514.85,2026-09-03 19:00:07,0,normal,NONE
TX-000992,ACC-01186,ACC-00738,16768.01,2026-09-02 17:20:23,0,normal,NONE
TX-003505,ACC-01406,ACC-01497,2213.23,2026-09-09 19:58:10,0,normal,NONE
TX-008306,ACC-01060,ACC-01139,670.83,2026-09-02 17:40:01,0,normal,NONE
TX-000920,ACC-00440,ACC-01753,5681.99,2026-09-05 12:06:02,0,normal,NONE
TX-000166,ACC-01029,ACC-01978,10631.44,2026-09-02 22:06:33,0,normal,NONE
TX-008729,ACC-01152,ACC-01877,15545.14,2026-09-07 11:05:54,0,normal,NONE
TX-011321,ACC-00110,ACC-00310,2626.19,2026-09-05 10:02:50,0,normal,NONE
TX-004595,ACC-01214,ACC-01172,5522.98,2026-09-01 16:11:36,0,normal,NONE
TX-010741,ACC-00590,ACC-00372,13445.97,2026-09-04 18:29:56,0,normal,NONE
TX-002851,ACC-00632,ACC-01513,5410.77,2026-09-01 08:18:20,0,normal,NONE
TX-011387,ACC-01785,ACC-01843,13102.43,2026-09-02 23:40:36,0,normal,NONE
TX-013223,ACC-00418,ACC-00027,73165.48,2026-09-07 10:55:00,0,normal_high_value,NONE
TX-010762,ACC-01574,ACC-00987,7525.95,2026-09-01 18:17:15,0,normal,NONE
TX-004461,ACC-01522,ACC-01642,6034.72,2026-09-02 14:53:59,0,normal,NONE
TX-009896,ACC-00308,ACC-00456,4053.07,2026-09-09 19:04:06,0,normal,NONE
TX-006624,ACC-01353,ACC-01000,17853.16,2026-09-05 14:24:35,0,normal,NONE
TX-011109,ACC-00468,ACC-00671,11467.04,2026-09-04 09:02:49,0,normal,NONE
TX-008491,ACC-00935,ACC-00893,855.4,2026-09-09 15:12:22,0,normal,NONE
TX-002736,ACC-00342,ACC-01067,1220.68,2026-09-02 09:36:41,0,normal,NONE
TX-005670,ACC-01382,ACC-00353,11169.47,2026-09-08 19:57:39,0,normal,NONE
TX-004989,ACC-01422,ACC-00425,17454.43,2026-09-06 21:36:33,0,normal,NONE
TX-011913,ACC-00899,ACC-00503,10612.18,2026-09-08 22:42:44,0,normal,NONE
TX-002379,ACC-00712,ACC-00629,8157.12,2026-09-09 10:55:32,0,normal,NONE
TX-012732,ACC-00058,ACC-01109,41782.12,2026-09-09 14:44:00,0,normal_high_value,NONE
TX-004173,ACC-01507,ACC-01529,5328.33,2026-09-03 17:10:42,0,normal,NONE
TX-008093,ACC-01181,ACC-00388,15613.89,2026-09-08 08:49:27,0,normal,NONE
TX-010597,ACC-01993,ACC-01791,4662.35,2026-09-05 19:16:42,0,normal,NONE
TX-002104,ACC-00449,ACC-00696,11460.07,2026-09-01 17:28:26,0,normal,NONE
TX-003760,ACC-00912,ACC-01417,5517.02,2026-09-06 14:59:20,0,normal,NONE
TX-010338,ACC-01778,ACC-01725,13159.97,2026-09-07 18:16:56,0,normal,NONE
TX-001838,ACC-00213,ACC-00184,11700.25,2026-09-07 11:31:47,0,normal,NONE
TX-010638,ACC-01092,ACC-00031,3930.74,2026-09-02 17:40:42,0,normal,NONE
TX-011003,ACC-01325,ACC-00724,8351.06,2026-09-08 11:35:03,0,normal,NONE
TX-005711,ACC-01817,ACC-00144,17661.77,2026-09-07 20:08:45,0,normal,NONE
TX-004501,ACC-01565,ACC-01838,7033.76,2026-09-03 19:50:15,0,normal,NONE
TX-001094,ACC-01925,ACC-01579,8842.42,2026-09-07 20:54:46,0,normal,NONE
TX-009633,ACC-00936,ACC-01518,17657.15,2026-09-09 21:28:42,0,normal,NONE
TX-006719,ACC-00954,ACC-00641,8921.54,2026-09-06 10:52:32,0,normal,NONE
TX-012332,ACC-01613,ACC-00269,61002.1,2026-09-06 13:16:00,0,normal_high_value,NONE
TX-000161,ACC-00580,ACC-01487,5388.03,2026-09-08 12:28:34,0,normal,NONE
TX-000204,ACC-01136,ACC-00425,10563.17,2026-09-04 18:49:09,0,normal,NONE
TX-006484,ACC-01845,ACC-00572,14893.75,2026-09-04 15:37:11,0,normal,NONE
TX-003941,ACC-01938,ACC-00491,8950.15,2026-09-02 20:03:03,0,normal,NONE
TX-004934,ACC-00832,ACC-01662,691.06,2026-09-09 20:14:36,0,normal,NONE
TX-007648,ACC-01212,ACC-01998,9968.94,2026-09-03 18:32:31,0,normal,NONE
TX-001231,ACC-00055,ACC-01991,3240.14,2026-09-06 12:19:39,0,normal,NONE
TX-003047,ACC-00397,ACC-00535,9359.25,2026-09-07 13:36:34,0,normal,NONE
TX-007958,ACC-01470,ACC-01998,2635.73,2026-09-05 19:43:29,0,normal,NONE
TX-002916,ACC-00353,ACC-01252,15063.69,2026-09-08 16:20:16,0,normal,NONE
TX-012027,FRAUD-02-SRC-02,FRAUD-02-COLLECTOR,13887.7,2026-09-06 17:02:00,1,funneling,NET-02
TX-004252,ACC-01391,ACC-01827,12226.83,2026-09-03 14:05:28,0,normal,NONE
TX-006112,ACC-01288,ACC-01640,11862.95,2026-09-02 18:57:30,0,normal,NONE
TX-006205,ACC-01042,ACC-01047,1418.9,2026-09-01 12:42:09,0,normal,NONE
TX-002726,ACC-01465,ACC-00596,16174.18,2026-09-07 23:01:43,0,normal,NONE
TX-004291,ACC-01956,ACC-00015,6749.11,2026-09-08 09:49:11,0,normal,NONE
TX-004335,ACC-00945,ACC-01529,9082.2,2026-09-08 10:54:32,0,normal,NONE
TX-000384,ACC-01046,ACC-00913,14560.28,2026-09-08 12:32:26,0,normal,NONE
TX-007486,ACC-00742,ACC-01583,2561.71,2026-09-08 18:00:23,0,normal,NONE
TX-004887,ACC-00914,ACC-01504,12324.71,2026-09-02 21:48:09,0,normal,NONE
TX-000858,ACC-00377,ACC-01750,435.36,2026-09-04 16:47:44,0,normal,NONE
TX-000371,ACC-01754,ACC-01309,16148.83,2026-09-07 18:05:25,0,normal,NONE
TX-006540,ACC-01644,ACC-00426,8953.17,2026-09-04 19:57:41,0,normal,NONE
TX-002562,ACC-00088,ACC-01415,6365.05,2026-09-08 22:20:59,0,normal,NONE
TX-003802,ACC-00732,ACC-00711,14221.57,2026-09-02 11:24:18,0,normal,NONE
TX-005456,ACC-00052,ACC-00110,16585.93,2026-09-08 22:00:48,0,normal,NONE
TX-008982,ACC-00598,ACC-00768,12610.7,2026-09-08 15:44:15,0,normal,NONE
TX-006860,ACC-00076,ACC-01742,8328.44,2026-09-07 20:39:38,0,normal,NONE
TX-009026,ACC-01200,ACC-00508,3551.05,2026-09-08 09:08:07,0,normal,NONE
TX-011498,ACC-01723,ACC-00349,16389.32,2026-09-09 19:47:09,0,normal,NONE
TX-012723,ACC-00295,ACC-01166,42490.73,2026-09-08 12:11:00,0,normal_high_value,NONE
TX-005945,ACC-00187,ACC-00033,11926.11,2026-09-08 14:24:42,0,normal,NONE
TX-000616,ACC-01776,ACC-01918,8557.34,2026-09-04 23:19:05,0,normal,NONE
TX-002576,ACC-00758,ACC-00855,4445.06,2026-09-06 15:58:55,0,normal,NONE
TX-000054,ACC-00898,ACC-01708,9787.06,2026-09-05 08:42:52,0,normal,NONE
TX-009452,ACC-01530,ACC-00126,8269.1,2026-09-04 23:05:17,0,normal,NONE
TX-003341,ACC-00178,ACC-01452,1643.53,2026-09-04 17:00:51,0,normal,NONE
TX-010491,ACC-00056,ACC-00340,11851.28,2026-09-09 14:44:07,0,normal,NONE
TX-012002,FRAUD-01-SRC-02,FRAUD-01-COLLECTOR,10750.38,2026-09-05 13:02:00,1,funneling,NET-01
TX-008924,ACC-01537,ACC-01441,699.36,2026-09-07 18:59:48,0,normal,NONE
TX-008881,ACC-00210,ACC-01507,15884.85,2026-09-02 19:17:36,0,normal,NONE
TX-005877,ACC-01917,ACC-00005,8787.79,2026-09-02 11:26:07,0,normal,NONE
TX-011012,ACC-01015,ACC-00230,3270.1,2026-09-05 20:15:03,0,normal,NONE
TX-001813,ACC-01096,ACC-01844,14732.85,2026-09-02 10:11:46,0,normal,NONE
TX-000991,ACC-01252,ACC-01354,12453.41,2026-09-09 13:29:47,0,normal,NONE
TX-009193,ACC-00874,ACC-01578,16686.72,2026-09-04 14:44:01,0,normal,NONE
TX-011990,ACC-01125,ACC-00134,5111.97,2026-09-08 09:21:42,0,normal,NONE
TX-008412,ACC-01291,ACC-00518,16702.05,2026-09-07 10:40:49,0,normal,NONE
TX-002943,ACC-01234,ACC-01754,11063.47,2026-09-08 19:50:01,0,normal,NONE
TX-003164,ACC-00395,ACC-00884,6857.5,2026-09-04 08:42:11,0,normal,NONE
TX-004679,ACC-00341,ACC-01923,17592.09,2026-09-09 20:31:46,0,normal,NONE
TX-002619,ACC-01544,ACC-00339,16576.32,2026-09-08 17:50:42,0,normal,NONE
TX-003613,ACC-00021,ACC-00471,414.96,2026-09-04 16:26:29,0,normal,NONE
TX-008236,ACC-01983,ACC-00097,16022.87,2026-09-05 10:32:43,0,normal,NONE
TX-007872,ACC-00426,ACC-01983,7706.84,2026-09-04 10:42:19,0,normal,NONE
TX-010838,ACC-00043,ACC-00719,13532.53,2026-09-02 10:37:51,0,normal,NONE
TX-003793,ACC-01634,ACC-00207,15403.42,2026-09-02 09:18:20,0,normal,NONE
TX-008954,ACC-00720,ACC-00826,12099.97,2026-09-07 17:04:04,0,normal,NONE
TX-003440,ACC-00706,ACC-01725,2934.61,2026-09-09 08:11:12,0,normal,NONE
TX-001893,ACC-01664,ACC-00756,14694.33,2026-09-09 08:59:44,0,normal,NONE
TX-012772,ACC-00846,ACC-00115,29061.16,2026-09-01 23:02:00,0,normal_high_value,NONE
TX-012360,ACC-01990,ACC-00407,56652.77,2026-09-07 12:41:00,0,normal_high_value,NONE
TX-005256,ACC-00969,ACC-00804,5533.99,2026-09-08 19:18:43,0,normal,NONE
TX-005168,ACC-01132,ACC-00037,15015.14,2026-09-06 23:47:38,0,normal,NONE
TX-006461,ACC-01447,ACC-00518,446.77,2026-09-02 22:02:08,0,normal,NONE
TX-001506,ACC-01671,ACC-01574,12310.04,2026-09-05 14:45:38,0,normal,NONE
TX-009160,ACC-01618,ACC-00522,11913.43,2026-09-05 09:12:23,0,normal,NONE
TX-000671,ACC-00275,ACC-00702,17930.58,2026-09-08 19:48:12,0,normal,NONE
TX-000898,ACC-01227,ACC-01873,15492.88,2026-09-03 10:33:09,0,normal,NONE
TX-003307,ACC-00125,ACC-01641,15245.37,2026-09-07 15:52:02,0,normal,NONE
TX-008027,ACC-01623,ACC-01541,14435.67,2026-09-03 15:15:03,0,normal,NONE
TX-006240,ACC-00560,ACC-01804,15182.96,2026-09-03 08:34:14,0,normal,NONE
TX-002891,ACC-00384,ACC-00223,13192.49,2026-09-07 16:44:51,0,normal,NONE
TX-006004,ACC-00583,ACC-01672,11936.24,2026-09-07 11:54:01,0,normal,NONE
TX-007740,ACC-01545,ACC-01741,13496.56,2026-09-01 12:13:49,0,normal,NONE
TX-010105,ACC-00891,ACC-01999,7467.0,2026-09-05 23:02:24,0,normal,NONE
TX-009603,ACC-01546,ACC-00082,7572.4,2026-09-05 21:57:21,0,normal,NONE
TX-008398,ACC-01626,ACC-01301,12459.03,2026-09-01 22:48:18,0,normal,NONE
TX-000003,ACC-00066,ACC-00062,1704.64,2026-09-04 08:35:12,0,normal,NONE
TX-011265,ACC-00672,ACC-00767,8460.51,2026-09-09 20:34:55,0,normal,NONE
TX-006080,ACC-00941,ACC-00037,3996.82,2026-09-07 21:55:48,0,normal,NONE
TX-000532,ACC-00890,ACC-00238,8171.63,2026-09-01 17:42:47,0,normal,NONE
TX-011423,ACC-00282,ACC-00609,17369.75,2026-09-02 19:29:29,0,normal,NONE
TX-008182,ACC-00117,ACC-01321,9396.87,2026-09-05 21:42:19,0,normal,NONE
TX-011461,ACC-01112,ACC-00438,4068.31,2026-09-09 10:42:11,0,normal,NONE
TX-006477,ACC-00976,ACC-00461,718.25,2026-09-06 11:37:16,0,normal,NONE
TX-011809,ACC-00463,ACC-00572,11154.7,2026-09-09 21:03:05,0,normal,NONE
TX-011228,ACC-01222,ACC-00785,5546.54,2026-09-01 19:28:32,0,normal,NONE
TX-003407,ACC-00090,ACC-01958,15028.87,2026-09-02 22:45:12,0,normal,NONE
TX-005992,ACC-00723,ACC-00335,17311.73,2026-09-01 16:02:42,0,normal,NONE
TX-006329,ACC-01924,ACC-01614,3980.63,2026-09-01 10:37:17,0,normal,NONE
TX-010176,ACC-00128,ACC-00058,13534.95,2026-09-02 15:15:03,0,normal,NONE
TX-002566,ACC-00890,ACC-01621,14716.94,2026-09-03 12:37:11,0,normal,NONE
TX-002582,ACC-00948,ACC-01235,16209.74,2026-09-05 10:28:24,0,normal,NONE
TX-010822,ACC-01158,ACC-00443,3994.11,2026-09-06 21:54:21,0,normal,NONE
TX-008386,ACC-01804,ACC-01745,6174.01,2026-09-04 08:54:02,0,normal,NONE
TX-002608,ACC-01208,ACC-00074,3774.88,2026-09-08 08:22:44,0,normal,NONE
TX-010062,ACC-01665,ACC-01544,8960.56,2026-09-03 22:57:20,0,normal,NONE
TX-012550,ACC-01450,ACC-01859,22171.17,2026-09-08 16:35:00,0,normal_high_value,NONE
TX-002105,ACC-00454,ACC-01173,15763.68,2026-09-09 14:49:40,0,normal,NONE
TX-012319,ACC-01047,ACC-01209,55773.34,2026-09-01 11:33:00,0,normal_high_value,NONE
TX-009846,ACC-00734,ACC-01776,16450.76,2026-09-06 10:04:30,0,normal,NONE
TX-012127,FRAUD-06-SRC-02,FRAUD-06-COLLECTOR,10068.46,2026-09-03 13:02:00,1,funneling,NET-06
TX-004995,ACC-01642,ACC-00913,2256.2,2026-09-01 12:21:03,0,normal,NONE
TX-009922,ACC-01637,ACC-00243,7416.39,2026-09-05 21:26:52,0,normal,NONE
TX-005058,ACC-01204,ACC-00452,5612.66,2026-09-02 09:46:03,0,normal,NONE
TX-000659,ACC-01025,ACC-00246,15617.61,2026-09-07 17:26:03,0,normal,NONE
TX-004435,ACC-00007,ACC-00690,256.04,2026-09-03 13:04:32,0,normal,NONE
TX-012583,ACC-00455,ACC-00209,21559.03,2026-09-09 21:08:00,0,normal_high_value,NONE
TX-003817,ACC-01099,ACC-01564,15450.37,2026-09-09 22:48:17,0,normal,NONE
TX-006774,ACC-01117,ACC-01911,13093.08,2026-09-05 11:11:53,0,normal,NONE
TX-012487,ACC-01644,ACC-01309,39092.77,2026-09-03 09:46:00,0,normal_high_value,NONE
TX-007261,ACC-01165,ACC-00746,14669.08,2026-09-06 23:16:20,0,normal,NONE
TX-003905,ACC-01775,ACC-01828,7168.54,2026-09-01 09:29:38,0,normal,NONE
TX-011788,ACC-01724,ACC-01516,17474.59,2026-09-07 13:38:24,0,normal,NONE
TX-006812,ACC-01554,ACC-01636,741.39,2026-09-03 14:35:00,0,normal,NONE
TX-011501,ACC-00604,ACC-00785,4710.78,2026-09-05 21:54:21,0,normal,NONE
TX-003701,ACC-01253,ACC-01782,6383.16,2026-09-02 12:20:28,0,normal,NONE
TX-010122,ACC-00260,ACC-01520,8345.05,2026-09-01 19:09:54,0,normal,NONE
TX-001789,ACC-00160,ACC-00743,10865.36,2026-09-06 08:15:18,0,normal,NONE
TX-011251,ACC-00120,ACC-00845,916.54,2026-09-02 09:37:06,0,normal,NONE
TX-006315,ACC-01240,ACC-00911,6762.06,2026-09-06 11:31:47,0,normal,NONE
TX-003646,ACC-00918,ACC-01018,4647.67,2026-09-03 20:27:40,0,normal,NONE
TX-001777,ACC-00054,ACC-01426,17369.14,2026-09-06 09:44:06,0,normal,NONE
TX-000193,ACC-00479,ACC-00966,469.94,2026-09-09 18:58:39,0,normal,NONE
TX-009074,ACC-00435,ACC-01869,16139.27,2026-09-01 22:09:12,0,normal,NONE
TX-011394,ACC-01870,ACC-01450,17396.94,2026-09-07 18:46:17,0,normal,NONE
TX-005389,ACC-00820,ACC-01237,7993.13,2026-09-09 19:06:41,0,normal,NONE
TX-009116,ACC-01797,ACC-00248,8165.86,2026-09-06 18:51:00,0,normal,NONE
TX-004952,ACC-01545,ACC-00754,151.67,2026-09-05 22:26:22,0,normal,NONE
TX-002688,ACC-01044,ACC-01821,7329.44,2026-09-03 15:38:33,0,normal,NONE
TX-004391,ACC-00145,ACC-01285,14243.29,2026-09-07 23:20:20,0,normal,NONE
TX-004928,ACC-01879,ACC-01201,9875.89,2026-09-02 12:30:54,0,normal,NONE
TX-005553,ACC-00763,ACC-00328,12572.39,2026-09-03 12:42:50,0,normal,NONE
TX-012196,FRAUD-08-NEXTHOP,FRAUD-08-OUT-04,10231.71,2026-09-07 09:51:00,1,fan_out,NET-08
TX-000239,ACC-01175,ACC-00829,12776.79,2026-09-07 17:07:25,0,normal,NONE
TX-012276,ACC-01878,ACC-00172,48784.9,2026-09-08 21:14:00,0,normal_high_value,NONE
TX-009070,ACC-00818,ACC-00356,13952.96,2026-09-05 18:56:06,0,normal,NONE
TX-006902,ACC-01458,ACC-01955,11041.22,2026-09-08 10:51:56,0,normal,NONE
TX-009696,ACC-00467,ACC-00345,1470.26,2026-09-02 09:08:27,0,normal,NONE
TX-013127,ACC-00319,ACC-00300,81323.8,2026-09-04 15:59:00,0,normal_high_value,NONE
TX-009585,ACC-01812,ACC-01283,7928.1,2026-09-09 23:55:52,0,normal,NONE
TX-008641,ACC-01483,ACC-00336,7596.71,2026-09-08 14:27:11,0,normal,NONE
TX-005098,ACC-00048,ACC-01812,1605.55,2026-09-02 14:35:24,0,normal,NONE
TX-009583,ACC-01468,ACC-00516,3316.17,2026-09-04 23:46:15,0,normal,NONE
TX-009895,ACC-00404,ACC-00094,14213.38,2026-09-04 19:47:35,0,normal,NONE
TX-009141,ACC-01417,ACC-00994,11466.41,2026-09-08 08:12:23,0,normal,NONE
TX-003553,ACC-00124,ACC-00978,14465.64,2026-09-03 08:16:10,0,normal,NONE
TX-013210,ACC-01746,ACC-00540,81290.92,2026-09-01 20:18:00,0,normal_high_value,NONE
TX-003361,ACC-01707,ACC-01711,835.78,2026-09-07 12:00:54,0,normal,NONE
TX-008329,ACC-01618,ACC-00597,4702.21,2026-09-05 13:29:03,0,normal,NONE
TX-005629,ACC-00937,ACC-00894,10792.4,2026-09-03 11:24:11,0,normal,NONE
TX-007752,ACC-00615,ACC-00789,4377.21,2026-09-08 15:19:40,0,normal,NONE
TX-005784,ACC-01352,ACC-00338,6377.4,2026-09-06 09:45:01,0,normal,NONE
TX-004508,ACC-00316,ACC-00594,3661.81,2026-09-07 23:59:37,0,normal,NONE
TX-011199,ACC-01068,ACC-01919,7081.77,2026-09-05 10:01:24,0,normal,NONE
TX-000147,ACC-01563,ACC-01549,3169.93,2026-09-09 22:58:17,0,normal,NONE
TX-009776,ACC-00571,ACC-01777,8760.79,2026-09-03 16:39:28,0,normal,NONE
TX-002295,ACC-00907,ACC-01593,11574.44,2026-09-08 08:16:48,0,normal,NONE
TX-007179,ACC-00626,ACC-00005,105.91,2026-09-05 09:50:28,0,normal,NONE
TX-012637,ACC-01825,ACC-01337,75700.23,2026-09-01 23:16:00,0,normal_high_value,NONE
TX-009526,ACC-00412,ACC-00160,3727.96,2026-09-08 17:36:15,0,normal,NONE
TX-012750,ACC-01343,ACC-01009,64536.55,2026-09-06 23:08:00,0,normal_high_value,NONE
TX-010997,ACC-01019,ACC-00187,9623.99,2026-09-02 14:52:55,0,normal,NONE
TX-008691,ACC-00543,ACC-00176,2359.05,2026-09-01 22:02:42,0,normal,NONE
TX-007082,ACC-01666,ACC-01547,9849.01,2026-09-07 19:28:06,0,normal,NONE
TX-004734,ACC-01033,ACC-00067,2439.21,2026-09-06 14:42:16,0,normal,NONE
TX-008913,ACC-00118,ACC-01523,1312.7,2026-09-02 15:45:54,0,normal,NONE
TX-004385,ACC-01901,ACC-00313,4255.49,2026-09-08 12:14:41,0,normal,NONE
TX-009085,ACC-00560,ACC-00303,3276.29,2026-09-02 13:43:19,0,normal,NONE
TX-012148,FRAUD-06-NEXTHOP,FRAUD-06-OUT-06,10149.06,2026-09-03 13:53:00,1,fan_out,NET-06
TX-010243,ACC-01457,ACC-00053,13197.26,2026-09-09 11:36:51,0,normal,NONE
TX-004546,ACC-01796,ACC-00277,14092.78,2026-09-02 17:59:54,0,normal,NONE
TX-000597,ACC-00430,ACC-00512,12483.31,2026-09-06 16:50:06,0,normal,NONE
TX-012045,FRAUD-02-NEXTHOP,FRAUD-02-OUT-03,13084.7,2026-09-06 17:50:00,1,fan_out,NET-02
TX-010750,ACC-01460,ACC-01007,13562.57,2026-09-06 11:58:17,0,normal,NONE
TX-005165,ACC-00213,ACC-00458,6180.11,2026-09-08 17:06:25,0,normal,NONE
TX-012119,FRAUD-05-NEXTHOP,FRAUD-05-OUT-02,9955.6,2026-09-06 16:49:00,1,fan_out,NET-05
TX-001648,ACC-01002,ACC-01314,12044.88,2026-09-09 15:01:37,0,normal,NONE
TX-006816,ACC-01074,ACC-01156,10010.21,2026-09-04 19:45:32,0,normal,NONE
TX-002701,ACC-00422,ACC-01225,14223.21,2026-09-06 13:56:41,0,normal,NONE
TX-001701,ACC-00012,ACC-00736,15906.7,2026-09-04 11:12:18,0,normal,NONE
TX-002774,ACC-01663,ACC-01842,6182.41,2026-09-06 23:16:36,0,normal,NONE
TX-006969,ACC-01525,ACC-00327,8448.55,2026-09-01 14:48:08,0,normal,NONE
TX-008144,ACC-01742,ACC-01159,11755.07,2026-09-09 10:53:38,0,normal,NONE
TX-006220,ACC-01857,ACC-01903,11472.71,2026-09-01 09:21:18,0,normal,NONE
TX-000087,ACC-00303,ACC-01344,12383.45,2026-09-02 21:14:11,0,normal,NONE
TX-010861,ACC-00657,ACC-00962,1865.42,2026-09-07 13:53:39,0,normal,NONE
TX-010835,ACC-00519,ACC-00515,15071.59,2026-09-09 12:25:48,0,normal,NONE
TX-011594,ACC-00577,ACC-01907,5198.62,2026-09-06 23:04:36,0,normal,NONE
TX-002595,ACC-00756,ACC-00291,5688.53,2026-09-07 08:40:27,0,normal,NONE
TX-001030,ACC-00636,ACC-01402,11606.65,2026-09-08 23:14:14,0,normal,NONE
TX-000137,ACC-00124,ACC-01249,17282.76,2026-09-02 14:40:13,0,normal,NONE
TX-006973,ACC-01055,ACC-01415,13555.27,2026-09-01 15:53:34,0,normal,NONE
TX-007025,ACC-01730,ACC-00824,13563.21,2026-09-04 09:35:38,0,normal,NONE
TX-002855,ACC-00638,ACC-01724,13696.21,2026-09-09 10:51:45,0,normal,NONE
TX-001201,ACC-01866,ACC-00334,1861.47,2026-09-03 15:53:12,0,normal,NONE
TX-006122,ACC-01656,ACC-00375,13148.23,2026-09-07 08:52:37,0,normal,NONE
TX-008759,ACC-00712,ACC-01002,12683.21,2026-09-09 19:07:56,0,normal,NONE
TX-010212,ACC-01083,ACC-01293,5705.22,2026-09-07 15:16:12,0,normal,NONE
TX-006297,ACC-01227,ACC-00415,14587.27,2026-09-04 19:51:50,0,normal,NONE
TX-003928,ACC-01800,ACC-01514,13575.12,2026-09-09 12:07:09,0,normal,NONE
TX-011692,ACC-00446,ACC-01605,13985.44,2026-09-01 17:29:02,0,normal,NONE
TX-008469,ACC-00410,ACC-00562,14685.83,2026-09-04 21:15:20,0,normal,NONE
TX-003607,ACC-00586,ACC-00132,8395.38,2026-09-04 09:19:13,0,normal,NONE
TX-011803,ACC-01379,ACC-00809,406.18,2026-09-09 08:44:53,0,normal,NONE
TX-002331,ACC-01572,ACC-01401,7768.42,2026-09-05 22:28:56,0,normal,NONE
TX-002188,ACC-01059,ACC-01349,11367.42,2026-09-08 12:29:37,0,normal,NONE
TX-000196,ACC-00200,ACC-00481,15972.92,2026-09-03 20:29:23,0,normal,NONE
TX-005060,ACC-00261,ACC-01441,10928.47,2026-09-03 17:58:10,0,normal,NONE
TX-000803,ACC-01114,ACC-00837,4655.33,2026-09-01 08:36:33,0,normal,NONE
TX-002669,ACC-01656,ACC-01436,17065.78,2026-09-02 11:10:08,0,normal,NONE
TX-000242,ACC-00636,ACC-01528,6124.45,2026-09-06 13:04:32,0,normal,NONE
TX-002069,ACC-01517,ACC-01710,7853.71,2026-09-08 12:46:11,0,normal,NONE
TX-009122,ACC-00837,ACC-01387,13167.73,2026-09-04 18:41:20,0,normal,NONE
TX-011592,ACC-00140,ACC-01075,15508.88,2026-09-08 09:27:58,0,normal,NONE
TX-000645,ACC-00447,ACC-00956,5452.57,2026-09-09 20:37:06,0,normal,NONE
TX-005104,ACC-00631,ACC-00903,2324.06,2026-09-04 19:56:05,0,normal,NONE
TX-001638,ACC-00663,ACC-01541,14247.17,2026-09-01 17:29:41,0,normal,NONE
TX-007553,ACC-00463,ACC-00748,10773.85,2026-09-02 23:51:27,0,normal,NONE
TX-008313,ACC-01222,ACC-00063,16556.12,2026-09-08 13:21:25,0,normal,NONE
TX-003075,ACC-00382,ACC-01398,11261.1,2026-09-04 19:03:44,0,normal,NONE
TX-007297,ACC-00495,ACC-00268,11620.95,2026-09-01 12:59:20,0,normal,NONE
TX-003279,ACC-01603,ACC-00757,4660.43,2026-09-07 20:50:08,0,normal,NONE
TX-008004,ACC-00785,ACC-01225,3763.33,2026-09-09 22:40:36,0,normal,NONE
TX-004971,ACC-00362,ACC-00786,16989.1,2026-09-03 18:21:01,0,normal,NONE
TX-009428,ACC-01578,ACC-01637,5227.76,2026-09-07 17:21:40,0,normal,NONE
TX-008327,ACC-00476,ACC-01157,16434.16,2026-09-05 11:34:44,0,normal,NONE
TX-006916,ACC-00387,ACC-01337,17032.62,2026-09-02 14:23:43,0,normal,NONE
TX-009265,ACC-01602,ACC-01773,11383.31,2026-09-09 17:10:08,0,normal,NONE
TX-007830,ACC-00464,ACC-01847,6702.48,2026-09-06 19:56:56,0,normal,NONE
TX-000063,ACC-01631,ACC-01992,15495.43,2026-09-06 14:43:15,0,normal,NONE
TX-010490,ACC-00418,ACC-00355,5857.15,2026-09-01 11:54:05,0,normal,NONE
TX-010537,ACC-01540,ACC-01853,15994.77,2026-09-01 20:42:00,0,normal,NONE
TX-009697,ACC-01328,ACC-00854,13719.22,2026-09-03 15:31:28,0,normal,NONE
TX-010460,ACC-00326,ACC-00305,17735.73,2026-09-09 17:50:37,0,normal,NONE
TX-000680,ACC-01608,ACC-00218,8969.35,2026-09-04 16:53:33,0,normal,NONE
TX-002042,ACC-00079,ACC-00378,12326.26,2026-09-08 18:02:35,0,normal,NONE
TX-008934,ACC-01257,ACC-00753,153.2,2026-09-05 13:33:41,0,normal,NONE
TX-005308,ACC-01477,ACC-00723,2291.37,2026-09-04 12:36:28,0,normal,NONE
TX-011117,ACC-01614,ACC-01434,766.53,2026-09-09 21:01:31,0,normal,NONE
TX-003642,ACC-00603,ACC-00619,7981.88,2026-09-01 17:32:53,0,normal,NONE
TX-010940,ACC-01673,ACC-00033,3921.48,2026-09-01 18:35:49,0,normal,NONE
TX-011989,ACC-00681,ACC-01698,11615.0,2026-09-09 13:45:28,0,normal,NONE
TX-003259,ACC-01737,ACC-00215,14175.24,2026-09-06 13:58:25,0,normal,NONE
TX-001874,ACC-01679,ACC-00132,8100.27,2026-09-01 16:37:26,0,normal,NONE
TX-004745,ACC-00655,ACC-00177,10614.32,2026-09-09 18:17:13,0,normal,NONE
TX-002913,ACC-00323,ACC-00434,1336.37,2026-09-07 11:27:14,0,normal,NONE
TX-004028,ACC-00612,ACC-01997,13907.83,2026-09-07 09:08:53,0,normal,NONE
TX-005489,ACC-01752,ACC-00474,41.71,2026-09-09 12:41:48,0,normal,NONE
TX-011439,ACC-00989,ACC-00095,15236.91,2026-09-05 23:26:46,0,normal,NONE
TX-008025,ACC-01808,ACC-00395,13057.61,2026-09-08 23:19:05,0,normal,NONE
TX-007787,ACC-00170,ACC-01832,5698.64,2026-09-04 10:45:07,0,normal,NONE
TX-012256,ACC-01266,ACC-01122,86516.3,2026-09-06 21:47:00,0,normal_high_value,NONE
TX-006865,ACC-00725,ACC-01186,6640.49,2026-09-09 18:47:38,0,normal,NONE
TX-000490,ACC-01339,ACC-01539,4470.62,2026-09-01 22:16:22,0,normal,NONE
TX-008686,ACC-00019,ACC-00762,7063.28,2026-09-05 12:06:07,0,normal,NONE
TX-000691,ACC-01329,ACC-01815,14348.43,2026-09-02 12:44:46,0,normal,NONE
TX-000603,ACC-01121,ACC-01929,16168.27,2026-09-02 18:38:39,0,normal,NONE
TX-001015,ACC-01637,ACC-00989,16291.11,2026-09-03 14:21:59,0,normal,NONE
TX-000870,ACC-01096,ACC-00018,12386.1,2026-09-08 23:19:00,0,normal,NONE
TX-001994,ACC-00611,ACC-00207,2140.34,2026-09-04 09:38:34,0,normal,NONE
TX-007611,ACC-00305,ACC-01595,14871.45,2026-09-03 14:15:05,0,normal,NONE
TX-005284,ACC-00428,ACC-01949,10661.76,2026-09-03 23:36:33,0,normal,NONE
TX-004371,ACC-01251,ACC-01724,15680.66,2026-09-08 14:54:19,0,normal,NONE
TX-001362,ACC-01008,ACC-00207,14286.81,2026-09-08 17:15:13,0,normal,NONE
TX-001527,ACC-01362,ACC-00973,2874.89,2026-09-05 14:32:45,0,normal,NONE
TX-001630,ACC-00299,ACC-01530,11983.01,2026-09-01 18:19:32,0,normal,NONE
TX-001552,ACC-00091,ACC-00852,9234.75,2026-09-06 18:35:40,0,normal,NONE
TX-009476,ACC-00696,ACC-00879,10433.0,2026-09-05 15:35:31,0,normal,NONE
TX-012838,ACC-01590,ACC-00851,57847.71,2026-09-01 22:15:00,0,normal_high_value,NONE
TX-001338,ACC-00374,ACC-01727,7085.37,2026-09-02 21:56:45,0,normal,NONE
TX-003902,ACC-00018,ACC-00604,1587.67,2026-09-02 12:35:44,0,normal,NONE
TX-005042,ACC-00181,ACC-01090,7006.13,2026-09-01 17:31:19,0,normal,NONE
TX-008253,ACC-01871,ACC-01416,12349.06,2026-09-09 10:00:21,0,normal,NONE
TX-013129,ACC-00716,ACC-00548,59717.28,2026-09-05 21:59:00,0,normal_high_value,NONE
TX-005040,ACC-00647,ACC-00570,15090.4,2026-09-04 21:11:58,0,normal,NONE
TX-002347,ACC-00230,ACC-01936,8236.03,2026-09-01 20:51:26,0,normal,NONE
TX-012303,ACC-00280,ACC-00598,82487.8,2026-09-09 18:52:00,0,normal_high_value,NONE
TX-005486,ACC-00015,ACC-00099,12009.23,2026-09-02 09:05:52,0,normal,NONE
TX-011745,ACC-01160,ACC-00273,15718.06,2026-09-07 19:34:44,0,normal,NONE
TX-005695,ACC-00680,ACC-00608,9848.75,2026-09-03 23:58:50,0,normal,NONE
TX-005120,ACC-00597,ACC-01989,9487.61,2026-09-03 21:28:20,0,normal,NONE
TX-005167,ACC-01363,ACC-00644,2746.64,2026-09-03 19:23:22,0,normal,NONE
TX-001135,ACC-01237,ACC-00322,14216.05,2026-09-03 15:05:26,0,normal,NONE
TX-008343,ACC-00477,ACC-01630,4091.8,2026-09-09 20:13:50,0,normal,NONE
TX-009630,ACC-00362,ACC-01218,16358.45,2026-09-06 09:34:25,0,normal,NONE
TX-004018,ACC-01556,ACC-00040,16590.21,2026-09-02 20:59:12,0,normal,NONE
TX-002425,ACC-01959,ACC-01508,14666.02,2026-09-05 10:20:14,0,normal,NONE
TX-004139,ACC-00801,ACC-00422,3379.01,2026-09-01 10:25:48,0,normal,NONE
TX-000860,ACC-01919,ACC-01800,8527.88,2026-09-01 08:49:25,0,normal,NONE
TX-002963,ACC-01653,ACC-00290,14510.94,2026-09-02 11:45:38,0,normal,NONE
TX-008090,ACC-00091,ACC-01830,5500.66,2026-09-09 13:39:57,0,normal,NONE
TX-010765,ACC-01504,ACC-00003,12470.07,2026-09-04 13:31:45,0,normal,NONE
TX-010253,ACC-01397,ACC-01465,10324.12,2026-09-01 23:39:51,0,normal,NONE
TX-011663,ACC-01280,ACC-01556,14545.6,2026-09-01 17:03:11,0,normal,NONE
TX-011241,ACC-00135,ACC-00702,11405.99,2026-09-08 23:41:08,0,normal,NONE
TX-001365,ACC-00692,ACC-00882,2069.17,2026-09-04 11:35:14,0,normal,NONE
TX-011703,ACC-01657,ACC-00655,16440.4,2026-09-05 12:10:53,0,normal,NONE
TX-001780,ACC-00374,ACC-00963,13389.17,2026-09-09 17:30:26,0,normal,NONE
TX-009200,ACC-01504,ACC-01161,5484.94,2026-09-05 10:48:19,0,normal,NONE
TX-002102,ACC-00662,ACC-00536,12156.3,2026-09-07 20:51:28,0,normal,NONE
TX-001819,ACC-01778,ACC-00047,17148.56,2026-09-07 16:16:40,0,normal,NONE
TX-000370,ACC-00029,ACC-01509,6081.28,2026-09-05 14:11:39,0,normal,NONE
TX-004938,ACC-01068,ACC-01355,13269.07,2026-09-01 21:44:42,0,normal,NONE
TX-005286,ACC-01634,ACC-01433,1391.67,2026-09-03 17:36:23,0,normal,NONE
TX-008368,ACC-01110,ACC-00575,13278.94,2026-09-07 22:43:11,0,normal,NONE
TX-010735,ACC-00891,ACC-01724,13831.6,2026-09-05 17:09:37,0,normal,NONE
TX-007072,ACC-01552,ACC-00910,13542.75,2026-09-03 21:33:06,0,normal,NONE
TX-002094,ACC-01409,ACC-00539,11048.54,2026-09-04 19:30:33,0,normal,NONE
TX-007818,ACC-00094,ACC-00888,7713.09,2026-09-03 10:38:46,0,normal,NONE
TX-001921,ACC-00043,ACC-00364,17539.19,2026-09-02 13:43:48,0,normal,NONE
TX-000083,ACC-01360,ACC-01297,11154.31,2026-09-02 15:43:19,0,normal,NONE
TX-007332,ACC-01494,ACC-00022,8552.39,2026-09-09 10:47:03,0,normal,NONE
TX-007305,ACC-00866,ACC-00282,7230.49,2026-09-04 20:56:53,0,normal,NONE
TX-000817,ACC-01606,ACC-01228,9199.65,2026-09-04 13:43:02,0,normal,NONE
TX-004397,ACC-01076,ACC-00047,15505.18,2026-09-01 23:25:05,0,normal,NONE
TX-008476,ACC-00050,ACC-01238,12951.81,2026-09-03 18:06:26,0,normal,NONE
TX-006125,ACC-01026,ACC-00776,17753.86,2026-09-08 17:53:13,0,normal,NONE
TX-004121,ACC-01894,ACC-01658,16225.9,2026-09-02 19:42:19,0,normal,NONE
TX-010546,ACC-01950,ACC-01254,3054.47,2026-09-09 11:09:47,0,normal,NONE
TX-011746,ACC-00449,ACC-00672,17032.35,2026-09-03 23:15:34,0,normal,NONE
TX-001814,ACC-00222,ACC-01879,17272.68,2026-09-07 21:12:25,0,normal,NONE
TX-001272,ACC-00219,ACC-00359,3869.67,2026-09-05 22:26:16,0,normal,NONE
TX-008752,ACC-01748,ACC-00417,13900.95,2026-09-06 10:56:20,0,normal,NONE
TX-002995,ACC-00759,ACC-00925,12446.12,2026-09-01 09:32:23,0,normal,NONE
TX-010208,ACC-00386,ACC-01403,11926.99,2026-09-02 19:47:18,0,normal,NONE
TX-006410,ACC-00127,ACC-01060,5677.32,2026-09-03 14:06:22,0,normal,NONE
TX-002643,ACC-00812,ACC-00168,14825.51,2026-09-02 09:33:06,0,normal,NONE
TX-009206,ACC-01928,ACC-01704,959.58,2026-09-08 21:59:17,0,normal,NONE
TX-002306,ACC-00971,ACC-01339,10722.23,2026-09-07 16:14:59,0,normal,NONE
TX-009662,ACC-00825,ACC-01254,15458.92,2026-09-02 19:23:33,0,normal,NONE
TX-011096,ACC-01524,ACC-01848,8336.56,2026-09-08 14:14:32,0,normal,NONE
TX-004196,ACC-00174,ACC-00317,17838.94,2026-09-07 08:01:00,0,normal,NONE
TX-011061,ACC-00448,ACC-01116,14628.04,2026-09-04 14:48:36,0,normal,NONE
TX-003850,ACC-00381,ACC-00246,468.63,2026-09-05 18:55:59,0,normal,NONE
TX-013049,ACC-00011,ACC-00871,85757.35,2026-09-02 09:32:00,0,normal_high_value,NONE
TX-011113,ACC-00373,ACC-00787,3506.87,2026-09-01 11:51:50,0,normal,NONE
TX-012690,ACC-00191,ACC-01534,46974.26,2026-09-05 21:51:00,0,normal_high_value,NONE
TX-003555,ACC-01336,ACC-01017,1747.77,2026-09-02 12:19:04,0,normal,NONE
TX-002196,ACC-01586,ACC-00552,17172.6,2026-09-07 08:10:32,0,normal,NONE
TX-002601,ACC-01009,ACC-00821,9821.1,2026-09-09 21:41:50,0,normal,NONE
TX-006164,ACC-00136,ACC-01554,826.76,2026-09-07 19:07:56,0,normal,NONE
TX-001519,ACC-00131,ACC-01095,6968.08,2026-09-08 11:21:36,0,normal,NONE
TX-012844,ACC-01635,ACC-00308,50481.35,2026-09-08 10:26:00,0,normal_high_value,NONE
TX-009723,ACC-00404,ACC-00708,7768.9,2026-09-02 22:57:00,0,normal,NONE
TX-006310,ACC-00478,ACC-00924,16724.79,2026-09-01 12:06:50,0,normal,NONE
TX-005756,ACC-01721,ACC-01215,12201.26,2026-09-05 13:26:17,0,normal,NONE
TX-005634,ACC-00856,ACC-00087,15588.74,2026-09-09 12:56:09,0,normal,NONE
TX-008400,ACC-00008,ACC-01835,3781.4,2026-09-03 22:06:34,0,normal,NONE
TX-012331,ACC-01291,ACC-01404,76182.59,2026-09-05 16:22:00,0,normal_high_value,NONE
TX-007163,ACC-01018,ACC-01980,15908.15,2026-09-07 16:56:13,0,normal,NONE
TX-010004,ACC-00635,ACC-00813,11802.34,2026-09-05 15:48:11,0,normal,NONE
TX-009808,ACC-01594,ACC-00332,11347.45,2026-09-01 13:56:13,0,normal,NONE
TX-001989,ACC-01830,ACC-00011,6484.91,2026-09-07 10:21:11,0,normal,NONE
TX-007738,ACC-00976,ACC-01086,1134.37,2026-09-09 12:13:03,0,normal,NONE
TX-000518,ACC-00178,ACC-01837,1826.36,2026-09-02 20:22:27,0,normal,NONE
TX-006161,ACC-01226,ACC-01321,10596.73,2026-09-05 11:44:47,0,normal,NONE
TX-009936,ACC-01372,ACC-01840,7996.4,2026-09-01 19:05:00,0,normal,NONE
TX-012032,FRAUD-02-SRC-07,FRAUD-02-COLLECTOR,9596.28,2026-09-06 17:12:00,1,funneling,NET-02
TX-010688,ACC-00240,ACC-00999,13385.71,2026-09-01 22:35:48,0,normal,NONE
TX-009586,ACC-00806,ACC-00333,15213.83,2026-09-08 23:38:54,0,normal,NONE
TX-004457,ACC-01317,ACC-00782,16087.43,2026-09-06 19:37:48,0,normal,NONE
TX-002762,ACC-01151,ACC-00553,1096.77,2026-09-09 14:40:33,0,normal,NONE
TX-006482,ACC-01649,ACC-00654,9189.78,2026-09-04 11:49:34,0,normal,NONE
TX-005912,ACC-00890,ACC-00473,3923.45,2026-09-05 12:09:34,0,normal,NONE
TX-011957,ACC-00053,ACC-00261,4419.92,2026-09-04 13:46:48,0,normal,NONE
TX-006548,ACC-00121,ACC-01330,14857.67,2026-09-05 15:43:40,0,normal,NONE
TX-004856,ACC-00171,ACC-01523,983.28,2026-09-09 23:14:52,0,normal,NONE
TX-007645,ACC-01879,ACC-00541,9940.82,2026-09-02 11:49:32,0,normal,NONE
TX-011733,ACC-01775,ACC-00421,4746.85,2026-09-01 21:01:43,0,normal,NONE
TX-012835,ACC-01594,ACC-00857,64591.47,2026-09-09 14:09:00,0,normal_high_value,NONE
TX-006359,ACC-01553,ACC-01320,11677.74,2026-09-06 18:30:44,0,normal,NONE
TX-002439,ACC-00118,ACC-01835,6269.9,2026-09-03 10:43:22,0,normal,NONE
TX-003766,ACC-00881,ACC-00537,17490.6,2026-09-06 09:39:37,0,normal,NONE
TX-006433,ACC-01486,ACC-00874,12276.82,2026-09-03 10:41:12,0,normal,NONE
TX-008644,ACC-00320,ACC-00132,5042.95,2026-09-03 13:10:11,0,normal,NONE
TX-007847,ACC-01940,ACC-00645,13461.43,2026-09-04 09:16:30,0,normal,NONE
TX-009439,ACC-01873,ACC-00637,15782.14,2026-09-02 10:22:47,0,normal,NONE
TX-011884,ACC-01951,ACC-00267,7792.2,2026-09-04 21:38:44,0,normal,NONE
TX-006341,ACC-00731,ACC-00217,7650.99,2026-09-05 21:40:30,0,normal,NONE
TX-004822,ACC-00723,ACC-01180,544.88,2026-09-03 20:22:11,0,normal,NONE
TX-000019,ACC-00097,ACC-01764,1991.49,2026-09-03 21:38:04,0,normal,NONE
TX-003561,ACC-00861,ACC-00722,4285.42,2026-09-04 17:12:07,0,normal,NONE
TX-003952,ACC-00341,ACC-01144,9522.15,2026-09-08 08:30:08,0,normal,NONE
TX-000050,ACC-00644,ACC-00489,4795.75,2026-09-03 17:29:20,0,normal,NONE
TX-013114,ACC-01264,ACC-01183,44459.59,2026-09-09 18:13:00,0,normal_high_value,NONE
TX-000888,ACC-01308,ACC-00612,3593.05,2026-09-01 14:07:15,0,normal,NONE
TX-006262,ACC-01151,ACC-01387,58.28,2026-09-06 18:04:54,0,normal,NONE
TX-007237,ACC-01832,ACC-00823,9285.57,2026-09-08 15:00:46,0,normal,NONE
TX-006990,ACC-01858,ACC-01461,1347.59,2026-09-02 16:37:29,0,normal,NONE
TX-006044,ACC-00445,ACC-01008,11216.3,2026-09-09 10:32:06,0,normal,NONE
TX-008709,ACC-01193,ACC-01507,11794.89,2026-09-04 10:53:55,0,normal,NONE
TX-003169,ACC-00588,ACC-00770,2335.96,2026-09-04 19:22:46,0,normal,NONE
TX-002950,ACC-00820,ACC-01268,12208.7,2026-09-03 17:26:19,0,normal,NONE
TX-001425,ACC-00125,ACC-00652,8377.53,2026-09-07 10:30:01,0,normal,NONE
TX-000140,ACC-00591,ACC-01448,5103.28,2026-09-08 10:43:14,0,normal,NONE
TX-003198,ACC-01221,ACC-00520,8941.21,2026-09-04 11:35:00,0,normal,NONE
TX-005132,ACC-01791,ACC-01037,17475.49,2026-09-05 08:50:13,0,normal,NONE
TX-000113,ACC-00878,ACC-01355,6682.86,2026-09-09 18:00:54,0,normal,NONE
TX-008161,ACC-00494,ACC-01328,2200.56,2026-09-07 19:00:53,0,normal,NONE
TX-011496,ACC-00490,ACC-01789,13775.02,2026-09-04 09:38:59,0,normal,NONE
TX-004560,ACC-01224,ACC-01444,11052.2,2026-09-09 19:27:24,0,normal,NONE
TX-004596,ACC-01833,ACC-01509,31.92,2026-09-07 21:36:40,0,normal,NONE
TX-004691,ACC-01708,ACC-00677,3452.96,2026-09-02 16:32:41,0,normal,NONE
TX-007952,ACC-01228,ACC-01310,16206.71,2026-09-08 18:36:59,0,normal,NONE
TX-010929,ACC-00478,ACC-00473,12223.51,2026-09-06 09:55:11,0,normal,NONE
TX-003278,ACC-01038,ACC-01650,10962.82,2026-09-07 12:15:54,0,normal,NONE
TX-004069,ACC-01552,ACC-00349,10608.63,2026-09-09 21:22:06,0,normal,NONE
TX-004409,ACC-00914,ACC-00028,14410.58,2026-09-08 15:47:06,0,normal,NONE
TX-009400,ACC-01145,ACC-00307,13391.45,2026-09-06 11:36:24,0,normal,NONE
TX-011766,ACC-00731,ACC-00182,5414.77,2026-09-07 13:43:56,0,normal,NONE
TX-000452,ACC-00882,ACC-01671,14827.16,2026-09-03 17:20:38,0,normal,NONE
TX-007263,ACC-00410,ACC-01181,4432.3,2026-09-01 15:23:17,0,normal,NONE
TX-003732,ACC-00774,ACC-00291,14177.41,2026-09-03 11:20:58,0,normal,NONE
TX-007257,ACC-01483,ACC-01447,16778.64,2026-09-06 14:50:56,0,normal,NONE
TX-011854,ACC-01337,ACC-01686,1156.72,2026-09-09 10:40:41,0,normal,NONE
TX-004987,ACC-00157,ACC-01112,13108.92,2026-09-07 08:43:06,0,normal,NONE
TX-003664,ACC-01101,ACC-00120,7022.55,2026-09-05 12:53:53,0,normal,NONE
TX-002764,ACC-00669,ACC-00584,6636.06,2026-09-09 11:56:28,0,normal,NONE
TX-008851,ACC-01983,ACC-00004,8128.02,2026-09-01 21:29:30,0,normal,NONE
TX-009758,ACC-01688,ACC-00774,4320.08,2026-09-03 22:11:10,0,normal,NONE
TX-001856,ACC-01653,ACC-01610,6818.36,2026-09-05 09:17:05,0,normal,NONE
TX-001000,ACC-00050,ACC-00953,11265.78,2026-09-02 14:51:39,0,normal,NONE
TX-000390,ACC-01975,ACC-01356,15744.48,2026-09-03 19:07:11,0,normal,NONE
TX-006427,ACC-00450,ACC-01138,11843.01,2026-09-09 13:50:59,0,normal,NONE
TX-001477,ACC-00215,ACC-00931,15772.38,2026-09-01 23:14:58,0,normal,NONE
TX-002241,ACC-01685,ACC-00911,2748.98,2026-09-08 14:34:44,0,normal,NONE
TX-012114,FRAUD-05-SRC-14,FRAUD-05-COLLECTOR,5338.89,2026-09-06 16:26:00,1,funneling,NET-05
TX-008113,ACC-01497,ACC-00774,284.48,2026-09-03 23:32:23,0,normal,NONE
TX-000993,ACC-01839,ACC-00777,14768.36,2026-09-07 10:18:30,0,normal,NONE
TX-007033,ACC-00286,ACC-00506,10049.64,2026-09-08 21:29:24,0,normal,NONE
TX-004998,ACC-00147,ACC-01289,7414.67,2026-09-04 17:36:15,0,normal,NONE
TX-003923,ACC-01730,ACC-00553,14226.12,2026-09-05 23:29:53,0,normal,NONE
TX-002973,ACC-01686,ACC-01221,2172.22,2026-09-07 08:56:39,0,normal,NONE
TX-006872,ACC-01581,ACC-00575,14715.2,2026-09-04 09:15:21,0,normal,NONE
TX-011355,ACC-00134,ACC-01742,14453.91,2026-09-01 11:30:41,0,normal,NONE
TX-004770,ACC-00353,ACC-01213,2877.3,2026-09-07 21:27:28,0,normal,NONE
TX-001294,ACC-00029,ACC-01472,9474.56,2026-09-08 23:07:14,0,normal,NONE
TX-004174,ACC-01796,ACC-00766,3884.79,2026-09-01 10:59:09,0,normal,NONE
TX-002536,ACC-00887,ACC-00692,747.39,2026-09-08 10:21:35,0,normal,NONE
TX-012103,FRAUD-05-SRC-03,FRAUD-05-COLLECTOR,4116.06,2026-09-06 16:04:00,1,funneling,NET-05
TX-001908,ACC-01832,ACC-00944,3382.8,2026-09-01 23:42:33,0,normal,NONE
TX-010983,ACC-01093,ACC-01144,1772.53,2026-09-07 10:14:29,0,normal,NONE
TX-012581,ACC-01953,ACC-01251,74563.2,2026-09-04 17:52:00,0,normal_high_value,NONE
TX-008561,ACC-00722,ACC-00535,7305.67,2026-09-05 18:54:15,0,normal,NONE
TX-006034,ACC-00017,ACC-01282,6492.45,2026-09-04 18:12:49,0,normal,NONE
TX-007620,ACC-00104,ACC-01761,11931.95,2026-09-03 18:14:55,0,normal,NONE
TX-001152,ACC-01839,ACC-00548,9074.12,2026-09-07 16:03:04,0,normal,NONE
TX-001568,ACC-01105,ACC-00111,16321.24,2026-09-04 15:38:55,0,normal,NONE
TX-003172,ACC-00469,ACC-01985,8178.14,2026-09-03 16:12:27,0,normal,NONE
TX-007107,ACC-01905,ACC-00453,15273.69,2026-09-03 10:27:22,0,normal,NONE
TX-004161,ACC-01840,ACC-01774,17297.7,2026-09-02 22:10:25,0,normal,NONE
TX-004288,ACC-01919,ACC-00616,15260.07,2026-09-07 14:27:21,0,normal,NONE
TX-002231,ACC-00377,ACC-01947,13446.87,2026-09-02 21:07:50,0,normal,NONE
TX-000175,ACC-01624,ACC-00369,3076.31,2026-09-02 20:39:43,0,normal,NONE
TX-001904,ACC-01452,ACC-00930,11802.1,2026-09-09 11:58:08,0,normal,NONE
TX-008753,ACC-00509,ACC-00530,11911.83,2026-09-08 17:12:38,0,normal,NONE
TX-012070,FRAUD-03-NEXTHOP,FRAUD-03-OUT-03,11659.18,2026-09-02 09:50:00,1,fan_out,NET-03
TX-003409,ACC-01451,ACC-01522,10626.17,2026-09-06 08:58:14,0,normal,NONE
TX-001539,ACC-01384,ACC-01536,8325.03,2026-09-06 20:54:12,0,normal,NONE
TX-002293,ACC-00906,ACC-00171,8579.12,2026-09-02 14:38:31,0,normal,NONE
TX-001364,ACC-00325,ACC-00358,14906.52,2026-09-09 09:51:04,0,normal,NONE
TX-004358,ACC-00435,ACC-01050,11580.92,2026-09-01 13:02:51,0,normal,NONE
TX-005261,ACC-00024,ACC-01727,7821.04,2026-09-03 21:04:13,0,normal,NONE
TX-009900,ACC-00016,ACC-01301,9933.45,2026-09-05 13:08:37,0,normal,NONE
TX-010063,ACC-01046,ACC-00559,13629.93,2026-09-07 12:30:06,0,normal,NONE
TX-000681,ACC-01993,ACC-00414,6455.43,2026-09-07 17:10:02,0,normal,NONE
TX-010473,ACC-00607,ACC-01139,13632.99,2026-09-09 17:40:02,0,normal,NONE
TX-003665,ACC-01380,ACC-00002,785.59,2026-09-07 13:36:59,0,normal,NONE
TX-001662,ACC-00443,ACC-01212,6475.99,2026-09-03 21:04:35,0,normal,NONE
TX-000509,ACC-01361,ACC-01851,11687.42,2026-09-01 20:40:19,0,normal,NONE
TX-000167,ACC-01865,ACC-00936,295.95,2026-09-03 21:55:41,0,normal,NONE
TX-010974,ACC-00600,ACC-00597,3984.41,2026-09-08 14:07:16,0,normal,NONE
TX-009199,ACC-01188,ACC-01955,3096.33,2026-09-06 09:37:57,0,normal,NONE
TX-012012,FRAUD-01-SRC-12,FRAUD-01-COLLECTOR,5008.35,2026-09-05 13:22:00,1,funneling,NET-01
TX-007366,ACC-00101,ACC-01078,9843.03,2026-09-09 23:20:25,0,normal,NONE
TX-001915,ACC-00207,ACC-00565,4091.84,2026-09-07 20:25:06,0,normal,NONE
TX-007264,ACC-01298,ACC-01671,16660.65,2026-09-03 23:32:33,0,normal,NONE
TX-012768,ACC-01305,ACC-01224,34360.09,2026-09-06 23:25:00,0,normal_high_value,NONE
TX-012918,ACC-01060,ACC-01989,40502.38,2026-09-08 17:02:00,0,normal_high_value,NONE
TX-007362,ACC-01226,ACC-01329,7390.73,2026-09-08 13:26:33,0,normal,NONE
TX-001105,ACC-01653,ACC-01340,12018.35,2026-09-08 12:47:37,0,normal,NONE
TX-010390,ACC-01767,ACC-01660,11143.77,2026-09-03 14:00:03,0,normal,NONE
TX-005311,ACC-01861,ACC-00762,16462.45,2026-09-02 10:27:53,0,normal,NONE
TX-010009,ACC-00859,ACC-00140,8387.38,2026-09-06 11:05:48,0,normal,NONE
TX-005755,ACC-01739,ACC-00867,16043.19,2026-09-04 16:20:37,0,normal,NONE
TX-000153,ACC-01021,ACC-01281,7967.9,2026-09-01 14:17:35,0,normal,NONE
TX-010522,ACC-00358,ACC-01469,16134.14,2026-09-04 13:31:09,0,normal,NONE
TX-005680,ACC-01571,ACC-00182,14553.85,2026-09-08 17:38:42,0,normal,NONE
TX-012108,FRAUD-05-SRC-08,FRAUD-05-COLLECTOR,7003.49,2026-09-06 16:14:00,1,funneling,NET-05
TX-003552,ACC-01211,ACC-00658,8126.45,2026-09-08 19:51:11,0,normal,NONE
TX-003723,ACC-00826,ACC-00209,10667.29,2026-09-06 14:01:58,0,normal,NONE
TX-010877,ACC-00453,ACC-01414,6950.84,2026-09-04 20:12:45,0,normal,NONE
TX-011326,ACC-01448,ACC-01805,9300.16,2026-09-03 15:03:30,0,normal,NONE
TX-004539,ACC-01115,ACC-00068,13468.86,2026-09-02 09:15:18,0,normal,NONE
TX-012746,ACC-00098,ACC-00224,33410.04,2026-09-07 15:23:00,0,normal_high_value,NONE
TX-008464,ACC-01593,ACC-01035,13928.65,2026-09-02 20:08:59,0,normal,NONE
TX-001992,ACC-01843,ACC-01145,15364.52,2026-09-02 22:27:40,0,normal,NONE
TX-011664,ACC-01138,ACC-01348,8374.53,2026-09-05 22:29:58,0,normal,NONE
TX-008502,ACC-01708,ACC-01233,100.82,2026-09-02 22:18:17,0,normal,NONE
TX-005142,ACC-01284,ACC-01896,12296.75,2026-09-09 19:47:02,0,normal,NONE
TX-003812,ACC-00293,ACC-00997,7566.18,2026-09-07 12:59:54,0,normal,NONE
TX-011533,ACC-01701,ACC-01120,9638.62,2026-09-02 21:35:11,0,normal,NONE
TX-003451,ACC-01053,ACC-00283,3042.82,2026-09-08 13:00:03,0,normal,NONE
TX-004592,ACC-01688,ACC-01354,11177.76,2026-09-08 16:59:58,0,normal,NONE
TX-007353,ACC-01024,ACC-00988,1522.98,2026-09-03 10:33:17,0,normal,NONE
TX-000206,ACC-00514,ACC-01636,3157.46,2026-09-01 12:00:22,0,normal,NONE
TX-006681,ACC-00126,ACC-00290,15916.94,2026-09-09 17:12:48,0,normal,NONE
TX-002750,ACC-00835,ACC-00342,9066.68,2026-09-08 12:51:02,0,normal,NONE
TX-008498,ACC-01697,ACC-01182,9125.88,2026-09-04 18:33:16,0,normal,NONE
TX-001850,ACC-00204,ACC-01455,14425.07,2026-09-09 11:40:36,0,normal,NONE
TX-012011,FRAUD-01-SRC-11,FRAUD-01-COLLECTOR,9628.5,2026-09-05 13:20:00,1,funneling,NET-01
TX-003241,ACC-01149,ACC-00693,1857.73,2026-09-03 13:59:22,0,normal,NONE
TX-012601,ACC-00846,ACC-01064,72595.14,2026-09-05 17:38:00,0,normal_high_value,NONE
TX-003110,ACC-01642,ACC-00629,6717.61,2026-09-04 15:04:15,0,normal,NONE
TX-005935,ACC-01572,ACC-00076,7270.84,2026-09-08 15:19:31,0,normal,NONE
TX-010844,ACC-00237,ACC-00102,13384.34,2026-09-06 22:43:17,0,normal,NONE
TX-005811,ACC-01414,ACC-01547,7922.07,2026-09-01 14:48:54,0,normal,NONE
TX-008576,ACC-00800,ACC-01428,17073.93,2026-09-09 14:45:32,0,normal,NONE
TX-005635,ACC-01047,ACC-00478,11749.57,2026-09-08 16:11:29,0,normal,NONE
TX-004308,ACC-01248,ACC-01275,1268.53,2026-09-09 15:07:01,0,normal,NONE
TX-003157,ACC-01407,ACC-01216,9007.58,2026-09-02 12:25:03,0,normal,NONE
TX-006535,ACC-01442,ACC-01437,8531.03,2026-09-08 23:16:18,0,normal,NONE
TX-011510,ACC-01707,ACC-01680,1577.57,2026-09-04 13:17:30,0,normal,NONE
TX-010980,ACC-01935,ACC-00590,4232.31,2026-09-01 18:13:19,0,normal,NONE
TX-008892,ACC-01195,ACC-00848,620.03,2026-09-02 19:12:21,0,normal,NONE
TX-003833,ACC-00327,ACC-00555,6694.74,2026-09-04 10:03:39,0,normal,NONE
TX-011542,ACC-00288,ACC-00394,1707.6,2026-09-04 17:11:43,0,normal,NONE
TX-004777,ACC-01718,ACC-00385,16420.19,2026-09-06 08:20:01,0,normal,NONE
TX-007998,ACC-00778,ACC-00739,11355.45,2026-09-03 11:51:01,0,normal,NONE
TX-004277,ACC-00867,ACC-00063,8068.66,2026-09-05 22:55:40,0,normal,NONE
TX-012923,ACC-01427,ACC-00218,25063.25,2026-09-03 23:20:00,0,normal_high_value,NONE
TX-009412,ACC-00217,ACC-01594,9441.72,2026-09-08 21:53:46,0,normal,NONE
TX-012719,ACC-00064,ACC-01898,53943.32,2026-09-08 13:09:00,0,normal_high_value,NONE
TX-000279,ACC-00591,ACC-00487,5434.7,2026-09-01 15:26:40,0,normal,NONE
TX-006772,ACC-00989,ACC-00289,9604.04,2026-09-03 09:54:16,0,normal,NONE
TX-007416,ACC-01037,ACC-01375,9024.64,2026-09-01 23:21:45,0,normal,NONE
TX-003253,ACC-00879,ACC-00652,11712.14,2026-09-04 17:17:01,0,normal,NONE
TX-013016,ACC-01819,ACC-00187,65193.17,2026-09-02 09:19:00,0,normal_high_value,NONE
TX-012454,ACC-01825,ACC-00789,25279.8,2026-09-06 09:03:00,0,normal_high_value,NONE
TX-000290,ACC-01056,ACC-00816,17804.43,2026-09-09 23:16:02,0,normal,NONE
TX-003076,ACC-00552,ACC-01809,557.56,2026-09-06 20:24:46,0,normal,NONE
TX-009579,ACC-00623,ACC-01144,14819.46,2026-09-06 15:59:04,0,normal,NONE
TX-009379,ACC-00433,ACC-00876,8885.34,2026-09-09 08:24:36,0,normal,NONE
TX-000271,ACC-01791,ACC-00761,9990.64,2026-09-02 11:18:05,0,normal,NONE
TX-004571,ACC-01665,ACC-00844,7377.02,2026-09-01 16:51:48,0,normal,NONE
TX-011624,ACC-01245,ACC-01823,5384.13,2026-09-03 09:42:43,0,normal,NONE
TX-006697,ACC-01812,ACC-01705,10178.19,2026-09-03 09:14:28,0,normal,NONE
TX-004317,ACC-00271,ACC-01839,8939.14,2026-09-01 21:30:50,0,normal,NONE
TX-003181,ACC-01775,ACC-00585,602.25,2026-09-01 11:01:39,0,normal,NONE
TX-001423,ACC-00664,ACC-00529,6771.73,2026-09-02 09:12:15,0,normal,NONE
TX-008276,ACC-01098,ACC-01993,12266.91,2026-09-09 14:28:18,0,normal,NONE
TX-009066,ACC-00303,ACC-00209,14412.33,2026-09-06 15:09:20,0,normal,NONE
TX-010461,ACC-01181,ACC-00409,17296.14,2026-09-03 21:56:24,0,normal,NONE
TX-004558,ACC-00360,ACC-01552,11814.67,2026-09-05 10:00:08,0,normal,NONE
TX-007813,ACC-01605,ACC-00172,5817.58,2026-09-01 23:27:00,0,normal,NONE
TX-006298,ACC-00385,ACC-01177,14466.26,2026-09-04 08:40:55,0,normal,NONE
TX-009706,ACC-00671,ACC-00961,14982.47,2026-09-01 10:54:20,0,normal,NONE
TX-012846,ACC-00480,ACC-01383,62747.47,2026-09-06 16:56:00,0,normal_high_value,NONE
TX-001133,ACC-00066,ACC-01418,10244.61,2026-09-05 12:07:54,0,normal,NONE
TX-006243,ACC-01672,ACC-00846,5539.03,2026-09-01 16:29:41,0,normal,NONE
TX-010055,ACC-00123,ACC-00294,1499.1,2026-09-05 09:02:46,0,normal,NONE
TX-012411,ACC-00759,ACC-01809,48482.73,2026-09-03 12:25:00,0,normal_high_value,NONE
TX-007424,ACC-01919,ACC-00684,4054.61,2026-09-09 12:07:18,0,normal,NONE
TX-010645,ACC-01584,ACC-00615,15809.08,2026-09-09 20:12:26,0,normal,NONE
TX-009544,ACC-01008,ACC-00161,4127.94,2026-09-02 13:21:47,0,normal,NONE
TX-005521,ACC-00444,ACC-00802,17337.89,2026-09-08 08:13:45,0,normal,NONE
TX-011529,ACC-01024,ACC-00046,17577.02,2026-09-09 22:33:47,0,normal,NONE
TX-009937,ACC-01328,ACC-01676,13736.19,2026-09-05 23:14:00,0,normal,NONE
TX-009257,ACC-00906,ACC-00026,12051.58,2026-09-02 12:31:32,0,normal,NONE
TX-003787,ACC-01346,ACC-00642,13406.35,2026-09-09 08:48:46,0,normal,NONE
TX-009865,ACC-01164,ACC-00434,12822.36,2026-09-07 19:28:29,0,normal,NONE
TX-008346,ACC-01250,ACC-00518,7255.15,2026-09-06 16:36:31,0,normal,NONE
TX-002162,ACC-01876,ACC-00520,9060.22,2026-09-01 16:02:41,0,normal,NONE
TX-003009,ACC-01150,ACC-01551,334.64,2026-09-05 08:57:22,0,normal,NONE
TX-001106,ACC-00478,ACC-01895,1315.16,2026-09-03 23:41:01,0,normal,NONE
TX-009780,ACC-00120,ACC-00431,1463.51,2026-09-01 10:10:08,0,normal,NONE
TX-000693,ACC-00989,ACC-01644,10249.6,2026-09-08 13:39:24,0,normal,NONE
TX-004957,ACC-00192,ACC-01402,11409.21,2026-09-01 13:24:55,0,normal,NONE
TX-008308,ACC-00216,ACC-00283,14439.89,2026-09-07 11:58:36,0,normal,NONE
TX-004370,ACC-01087,ACC-01230,17549.73,2026-09-03 18:33:17,0,normal,NONE
TX-002766,ACC-01123,ACC-01493,13485.89,2026-09-09 10:09:59,0,normal,NONE
TX-003930,ACC-01539,ACC-00730,2962.01,2026-09-05 13:01:25,0,normal,NONE
TX-010115,ACC-01769,ACC-01099,3280.7,2026-09-08 19:57:36,0,normal,NONE
TX-013017,ACC-01879,ACC-00733,29547.65,2026-09-09 23:26:00,0,normal_high_value,NONE
TX-007779,ACC-01792,ACC-00012,1776.77,2026-09-05 13:26:10,0,normal,NONE
TX-000629,ACC-01007,ACC-01758,12537.37,2026-09-02 15:08:19,0,normal,NONE
TX-002452,ACC-01540,ACC-00193,9439.13,2026-09-01 09:35:03,0,normal,NONE
TX-009460,ACC-01041,ACC-01943,10618.07,2026-09-03 17:21:52,0,normal,NONE
TX-003825,ACC-00440,ACC-00829,5125.69,2026-09-08 22:00:53,0,normal,NONE
TX-011891,ACC-01486,ACC-00275,17552.63,2026-09-08 17:39:27,0,normal,NONE
TX-013197,ACC-00493,ACC-01830,67306.01,2026-09-02 17:57:00,0,normal_high_value,NONE
TX-003744,ACC-01139,ACC-00658,12828.33,2026-09-06 18:10:11,0,normal,NONE
TX-002177,ACC-01284,ACC-01978,381.53,2026-09-03 08:13:40,0,normal,NONE
TX-006690,ACC-00692,ACC-00657,5593.52,2026-09-02 17:29:06,0,normal,NONE
TX-008859,ACC-00477,ACC-00196,12657.82,2026-09-08 08:23:27,0,normal,NONE
TX-003319,ACC-01566,ACC-01415,10787.33,2026-09-05 18:30:37,0,normal,NONE
TX-009618,ACC-01138,ACC-00312,14502.24,2026-09-09 09:30:04,0,normal,NONE
TX-007433,ACC-00007,ACC-00653,16983.08,2026-09-08 23:57:42,0,normal,NONE
TX-002788,ACC-00670,ACC-01216,6795.72,2026-09-02 11:05:05,0,normal,NONE
TX-001197,ACC-00376,ACC-01567,1719.27,2026-09-03 18:55:20,0,normal,NONE
TX-001677,ACC-00293,ACC-00776,10224.74,2026-09-05 09:58:46,0,normal,NONE
TX-003948,ACC-01401,ACC-01465,11110.77,2026-09-01 16:06:37,0,normal,NONE
TX-007619,ACC-00757,ACC-01331,9157.17,2026-09-02 17:09:21,0,normal,NONE
TX-004445,ACC-00774,ACC-00851,7461.26,2026-09-02 08:08:20,0,normal,NONE
TX-005723,ACC-00668,ACC-01452,15004.19,2026-09-02 08:10:40,0,normal,NONE
TX-010331,ACC-01562,ACC-01875,15050.81,2026-09-04 09:28:22,0,normal,NONE
TX-011231,ACC-00583,ACC-01534,11317.77,2026-09-04 08:28:18,0,normal,NONE
TX-002370,ACC-01627,ACC-00406,17631.96,2026-09-01 12:40:02,0,normal,NONE
TX-004968,ACC-00428,ACC-00968,6689.27,2026-09-09 20:27:57,0,normal,NONE
TX-002218,ACC-01459,ACC-00687,15198.15,2026-09-06 11:50:11,0,normal,NONE
TX-008149,ACC-01726,ACC-01836,3700.46,2026-09-06 15:15:13,0,normal,NONE
TX-003327,ACC-01141,ACC-01893,3833.4,2026-09-03 11:02:52,0,normal,NONE
TX-009841,ACC-00381,ACC-00927,14286.94,2026-09-07 13:01:36,0,normal,NONE
TX-003584,ACC-01077,ACC-01555,12174.87,2026-09-09 13:09:14,0,normal,NONE
TX-012953,ACC-01204,ACC-01500,24635.63,2026-09-03 12:30:00,0,normal_high_value,NONE
TX-013018,ACC-00595,ACC-01498,50225.2,2026-09-09 08:51:00,0,normal_high_value,NONE
TX-003620,ACC-01107,ACC-00607,8262.98,2026-09-01 10:29:45,0,normal,NONE
TX-006218,ACC-00989,ACC-00814,6500.83,2026-09-02 17:52:23,0,normal,NONE
TX-002469,ACC-00627,ACC-01020,17861.33,2026-09-05 09:33:53,0,normal,NONE
TX-008278,ACC-01816,ACC-00773,694.82,2026-09-03 16:17:20,0,normal,NONE
TX-011211,ACC-01901,ACC-00746,2500.29,2026-09-01 18:54:02,0,normal,NONE
TX-005974,ACC-00364,ACC-00238,14628.56,2026-09-01 15:46:36,0,normal,NONE
TX-003668,ACC-00818,ACC-01534,5608.04,2026-09-02 21:46:08,0,normal,NONE
TX-005159,ACC-00494,ACC-00612,15575.02,2026-09-06 14:23:37,0,normal,NONE
TX-007595,ACC-01716,ACC-01021,4343.2,2026-09-05 15:23:41,0,normal,NONE
TX-006977,ACC-01235,ACC-00062,14575.52,2026-09-04 20:27:24,0,normal,NONE
TX-003424,ACC-00447,ACC-00330,11399.24,2026-09-01 10:31:13,0,normal,NONE
TX-008200,ACC-01083,ACC-01385,15452.63,2026-09-06 18:09:00,0,normal,NONE
TX-002410,ACC-00371,ACC-00050,11356.77,2026-09-06 11:18:58,0,normal,NONE
TX-003213,ACC-00443,ACC-00994,5174.06,2026-09-01 23:30:36,0,normal,NONE
TX-011343,ACC-00813,ACC-01430,219.86,2026-09-08 12:52:52,0,normal,NONE
TX-005367,ACC-01909,ACC-00804,7791.72,2026-09-04 13:32:40,0,normal,NONE
TX-012118,FRAUD-05-NEXTHOP,FRAUD-05-OUT-01,11355.51,2026-09-06 16:48:00,1,fan_out,NET-05
TX-006594,ACC-01982,ACC-01882,4082.86,2026-09-09 16:48:42,0,normal,NONE
TX-002896,ACC-00281,ACC-00474,7405.02,2026-09-01 14:29:26,0,normal,NONE
TX-011591,ACC-01621,ACC-01556,8253.85,2026-09-03 23:43:13,0,normal,NONE
TX-012209,FRAUD-09-SRC-09,FRAUD-09-COLLECTOR,13197.79,2026-09-04 18:16:00,1,funneling,NET-09
TX-003643,ACC-01063,ACC-01023,9164.17,2026-09-06 08:17:29,0,normal,NONE
TX-012697,ACC-00548,ACC-01270,52166.13,2026-09-02 08:23:00,0,normal_high_value,NONE
TX-010034,ACC-00904,ACC-00616,8020.12,2026-09-07 14:37:28,0,normal,NONE
TX-011111,ACC-00320,ACC-01003,3801.55,2026-09-01 20:36:53,0,normal,NONE
TX-011411,ACC-01848,ACC-01590,10397.36,2026-09-02 12:24:06,0,normal,NONE
TX-009062,ACC-01150,ACC-01483,1141.93,2026-09-01 14:14:25,0,normal,NONE
TX-012839,ACC-01972,ACC-00352,84087.09,2026-09-02 22:56:00,0,normal_high_value,NONE
TX-011871,ACC-01104,ACC-01742,4553.61,2026-09-06 16:20:15,0,normal,NONE
TX-008549,ACC-00939,ACC-00792,4385.83,2026-09-01 14:21:28,0,normal,NONE
TX-013128,ACC-01259,ACC-01999,34758.08,2026-09-05 21:36:00,0,normal_high_value,NONE
TX-005452,ACC-00592,ACC-00044,1124.56,2026-09-08 17:33:25,0,normal,NONE
TX-007161,ACC-00422,ACC-01861,16148.37,2026-09-09 11:59:03,0,normal,NONE
TX-007867,ACC-00418,ACC-01235,890.9,2026-09-01 19:26:12,0,normal,NONE
TX-002744,ACC-01709,ACC-00753,10338.08,2026-09-05 22:15:29,0,normal,NONE
TX-004959,ACC-00652,ACC-00786,5765.06,2026-09-05 13:47:36,0,normal,NONE
TX-006475,ACC-00952,ACC-01345,1394.69,2026-09-04 10:34:36,0,normal,NONE
TX-007889,ACC-01408,ACC-00956,6527.63,2026-09-09 20:08:06,0,normal,NONE
TX-008812,ACC-00784,ACC-00673,4707.53,2026-09-03 15:19:30,0,normal,NONE
TX-000493,ACC-01608,ACC-00424,14647.27,2026-09-01 19:34:17,0,normal,NONE
TX-001117,ACC-01216,ACC-01817,5121.49,2026-09-08 12:13:09,0,normal,NONE
TX-005638,ACC-00397,ACC-00309,2874.85,2026-09-09 08:05:10,0,normal,NONE
TX-011631,ACC-00091,ACC-01374,4494.7,2026-09-06 14:34:12,0,normal,NONE
TX-013078,ACC-01109,ACC-01066,85689.45,2026-09-07 14:21:00,0,normal_high_value,NONE
TX-009819,ACC-00887,ACC-01658,15978.52,2026-09-09 19:52:34,0,normal,NONE
TX-011406,ACC-01572,ACC-01414,4257.89,2026-09-08 14:48:59,0,normal,NONE
TX-006590,ACC-00199,ACC-00622,6047.94,2026-09-05 22:11:57,0,normal,NONE
TX-012017,FRAUD-01-RELAY,FRAUD-01-NEXTHOP,99929.02,2026-09-05 13:42:00,1,next_hop,NET-01
TX-007558,ACC-00589,ACC-00167,11963.98,2026-09-01 19:30:05,0,normal,NONE
TX-010599,ACC-01940,ACC-00329,7997.52,2026-09-08 13:18:18,0,normal,NONE
TX-005242,ACC-00842,ACC-01025,8145.18,2026-09-01 17:04:08,0,normal,NONE
TX-012246,FRAUD-10-NEXTHOP,FRAUD-10-OUT-04,10841.45,2026-09-03 12:51:00,1,fan_out,NET-10
TX-002784,ACC-00117,ACC-00893,7318.53,2026-09-07 12:26:30,0,normal,NONE
TX-009755,ACC-00015,ACC-00774,12094.77,2026-09-05 19:45:46,0,normal,NONE
TX-001697,ACC-00405,ACC-00174,9533.16,2026-09-03 21:07:58,0,normal,NONE
TX-005686,ACC-01567,ACC-00499,5725.74,2026-09-08 11:06:57,0,normal,NONE
TX-002296,ACC-00834,ACC-01232,4887.96,2026-09-03 18:32:30,0,normal,NONE
TX-005940,ACC-00905,ACC-00605,3722.05,2026-09-07 15:38:38,0,normal,NONE
TX-007764,ACC-01755,ACC-01607,2993.82,2026-09-07 20:20:11,0,normal,NONE
TX-003314,ACC-00876,ACC-00110,14868.82,2026-09-04 19:44:04,0,normal,NONE
TX-004782,ACC-00234,ACC-01724,17586.38,2026-09-09 21:02:03,0,normal,NONE
TX-008351,ACC-01262,ACC-00512,16143.27,2026-09-09 13:34:00,0,normal,NONE
TX-009877,ACC-00799,ACC-00982,11339.79,2026-09-03 20:38:32,0,normal,NONE
TX-007606,ACC-01925,ACC-01302,1725.39,2026-09-06 16:02:51,0,normal,NONE
TX-000216,ACC-01819,ACC-00468,7460.37,2026-09-08 20:26:46,0,normal,NONE
TX-006708,ACC-00490,ACC-00654,2846.65,2026-09-09 09:54:40,0,normal,NONE
TX-010914,ACC-00136,ACC-01938,9876.01,2026-09-08 21:53:43,0,normal,NONE
TX-008683,ACC-01037,ACC-00848,11298.05,2026-09-04 09:29:42,0,normal,NONE
TX-012106,FRAUD-05-SRC-06,FRAUD-05-COLLECTOR,12757.86,2026-09-06 16:10:00,1,funneling,NET-05
TX-003484,ACC-01940,ACC-00944,17534.47,2026-09-03 19:42:03,0,normal,NONE
TX-007007,ACC-00024,ACC-01554,16434.96,2026-09-07 20:54:30,0,normal,NONE
TX-005103,ACC-01457,ACC-01544,2214.19,2026-09-08 09:23:14,0,normal,NONE
TX-006600,ACC-01507,ACC-01708,15570.7,2026-09-06 18:28:17,0,normal,NONE
TX-003765,ACC-00430,ACC-01667,7141.05,2026-09-05 20:40:50,0,normal,NONE
TX-012173,FRAUD-07-NEXTHOP,FRAUD-07-OUT-06,11652.68,2026-09-07 16:53:00,1,fan_out,NET-07
TX-006411,ACC-00825,ACC-01698,15803.24,2026-09-03 15:18:11,0,normal,NONE
TX-010043,ACC-01581,ACC-00233,6243.57,2026-09-02 12:04:18,0,normal,NONE
TX-000026,ACC-01001,ACC-00040,2031.38,2026-09-06 17:15:03,0,normal,NONE
TX-007660,ACC-00802,ACC-00374,14909.7,2026-09-08 17:08:19,0,normal,NONE
TX-012709,ACC-00104,ACC-01236,86849.45,2026-09-06 14:04:00,0,normal_high_value,NONE
TX-012197,FRAUD-08-NEXTHOP,FRAUD-08-OUT-05,10846.18,2026-09-07 09:52:00,1,fan_out,NET-08
TX-011419,ACC-00054,ACC-01807,5301.46,2026-09-02 19:01:30,0,normal,NONE
TX-006684,ACC-01751,ACC-01197,11520.93,2026-09-08 08:08:16,0,normal,NONE
TX-009172,ACC-01396,ACC-00388,6289.26,2026-09-08 13:33:25,0,normal,NONE
TX-010896,ACC-00591,ACC-01813,6579.15,2026-09-07 10:57:42,0,normal,NONE
TX-008585,ACC-00767,ACC-01158,15680.01,2026-09-02 13:26:33,0,normal,NONE
TX-010235,ACC-00701,ACC-00307,4947.18,2026-09-05 21:17:49,0,normal,NONE
TX-011385,ACC-01756,ACC-01891,16405.71,2026-09-04 21:26:52,0,normal,NONE
TX-010171,ACC-01923,ACC-01141,1619.04,2026-09-08 10:57:31,0,normal,NONE
TX-012785,ACC-01322,ACC-00181,69667.45,2026-09-07 10:58:00,0,normal_high_value,NONE
TX-013001,ACC-00793,ACC-01157,40760.1,2026-09-02 15:57:00,0,normal_high_value,NONE
TX-001103,ACC-01624,ACC-01108,11588.47,2026-09-08 22:01:02,0,normal,NONE
TX-003277,ACC-01603,ACC-01952,5567.21,2026-09-06 15:12:50,0,normal,NONE
TX-005346,ACC-00256,ACC-00821,11153.99,2026-09-03 09:47:27,0,normal,NONE
TX-012025,FRAUD-01-NEXTHOP,FRAUD-01-OUT-08,9895.41,2026-09-05 13:55:00,1,fan_out,NET-01
TX-011653,ACC-00407,ACC-01827,17972.5,2026-09-06 23:39:00,0,normal,NONE
TX-008387,ACC-00492,ACC-01555,4902.77,2026-09-04 13:47:39,0,normal,NONE
TX-008836,ACC-01081,ACC-01480,8924.52,2026-09-02 17:01:44,0,normal,NONE
TX-009623,ACC-00431,ACC-01130,12960.59,2026-09-07 12:22:32,0,normal,NONE
TX-013241,ACC-01651,ACC-01865,44312.61,2026-09-02 22:49:00,0,normal_high_value,NONE
TX-002208,ACC-00365,ACC-01573,4248.13,2026-09-06 18:32:52,0,normal,NONE
TX-004553,ACC-01305,ACC-01023,5443.94,2026-09-02 20:07:50,0,normal,NONE
TX-004403,ACC-00795,ACC-01465,13692.44,2026-09-01 11:03:29,0,normal,NONE
TX-007396,ACC-00138,ACC-01171,4049.63,2026-09-05 13:18:26,0,normal,NONE
TX-003719,ACC-00625,ACC-01366,14670.17,2026-09-09 15:39:38,0,normal,NONE
TX-000973,ACC-00901,ACC-00816,15921.47,2026-09-05 22:10:27,0,normal,NONE
TX-004580,ACC-00061,ACC-01692,15356.83,2026-09-06 14:20:49,0,normal,NONE
TX-006517,ACC-01683,ACC-00690,4655.86,2026-09-02 11:37:53,0,normal,NONE
TX-000720,ACC-01649,ACC-00274,2504.48,2026-09-09 17:53:44,0,normal,NONE
TX-006156,ACC-00047,ACC-01938,14557.94,2026-09-06 13:26:02,0,normal,NONE
TX-012498,ACC-00565,ACC-00758,27758.05,2026-09-02 16:24:00,0,normal_high_value,NONE
TX-002804,ACC-00430,ACC-01835,8528.64,2026-09-01 19:10:25,0,normal,NONE
TX-002567,ACC-00445,ACC-00195,314.68,2026-09-08 12:17:21,0,normal,NONE
TX-004026,ACC-00324,ACC-01553,8888.75,2026-09-09 10:10:57,0,normal,NONE
TX-006199,ACC-01028,ACC-00929,6990.5,2026-09-06 08:52:45,0,normal,NONE
TX-008225,ACC-00154,ACC-00386,6213.36,2026-09-08 11:51:27,0,normal,NONE
TX-011698,ACC-00767,ACC-00307,4778.13,2026-09-06 19:32:36,0,normal,NONE
TX-004064,ACC-00945,ACC-01307,2531.04,2026-09-08 12:23:44,0,normal,NONE
TX-002793,ACC-01194,ACC-00169,17787.56,2026-09-01 14:50:10,0,normal,NONE
TX-002223,ACC-01228,ACC-01406,6659.95,2026-09-07 18:43:18,0,normal,NONE
TX-005819,ACC-01730,ACC-00063,14387.48,2026-09-07 18:56:34,0,normal,NONE
TX-003867,ACC-00950,ACC-00777,17984.31,2026-09-01 16:19:29,0,normal,NONE
TX-013039,ACC-00633,ACC-01831,48597.9,2026-09-02 17:53:00,0,normal_high_value,NONE
TX-012471,ACC-00877,ACC-01000,32038.88,2026-09-09 15:26:00,0,normal_high_value,NONE
TX-003228,ACC-00858,ACC-00972,5777.16,2026-09-02 13:53:12,0,normal,NONE
TX-004215,ACC-01016,ACC-00403,11569.7,2026-09-02 23:22:03,0,normal,NONE
TX-003924,ACC-00165,ACC-01357,2890.39,2026-09-01 14:23:00,0,normal,NONE
TX-009898,ACC-00499,ACC-01109,14830.24,2026-09-08 13:28:35,0,normal,NONE
TX-001402,ACC-01233,ACC-01746,7366.99,2026-09-02 19:36:18,0,normal,NONE
TX-008932,ACC-00348,ACC-00359,14439.13,2026-09-01 23:16:42,0,normal,NONE
TX-007704,ACC-01308,ACC-01380,14503.69,2026-09-07 16:54:36,0,normal,NONE
TX-004980,ACC-01251,ACC-01322,7247.33,2026-09-07 21:27:28,0,normal,NONE
TX-003254,ACC-01614,ACC-01162,7506.71,2026-09-02 23:48:47,0,normal,NONE
TX-011433,ACC-00829,ACC-01497,605.77,2026-09-05 11:59:19,0,normal,NONE
TX-002662,ACC-00195,ACC-00022,12315.15,2026-09-01 22:04:32,0,normal,NONE
TX-002159,ACC-01147,ACC-01795,17962.24,2026-09-04 20:23:11,0,normal,NONE
TX-008579,ACC-00388,ACC-00167,14213.69,2026-09-07 18:10:46,0,normal,NONE
TX-008089,ACC-01453,ACC-00531,15423.21,2026-09-06 18:46:33,0,normal,NONE
TX-000675,ACC-01277,ACC-00100,10698.75,2026-09-01 11:41:53,0,normal,NONE
TX-010083,ACC-00476,ACC-01116,16771.85,2026-09-06 16:15:28,0,normal,NONE
TX-007012,ACC-01719,ACC-01766,15240.31,2026-09-07 23:30:02,0,normal,NONE
TX-009736,ACC-01889,ACC-00265,9259.42,2026-09-07 15:19:35,0,normal,NONE
TX-003842,ACC-01905,ACC-00311,14027.07,2026-09-01 18:49:50,0,normal,NONE
TX-001816,ACC-00976,ACC-00235,5025.18,2026-09-01 12:30:09,0,normal,NONE
TX-011025,ACC-01956,ACC-01077,9703.75,2026-09-03 21:47:30,0,normal,NONE
TX-013037,ACC-01896,ACC-00191,45327.18,2026-09-06 20:08:00,0,normal_high_value,NONE
TX-002101,ACC-01040,ACC-00441,16018.79,2026-09-07 09:35:49,0,normal,NONE
TX-011670,ACC-00297,ACC-01787,7612.52,2026-09-09 12:14:39,0,normal,NONE
TX-006709,ACC-01039,ACC-01849,15887.38,2026-09-08 18:42:30,0,normal,NONE
TX-001674,ACC-01837,ACC-00099,3090.04,2026-09-07 13:22:51,0,normal,NONE
TX-004214,ACC-00647,ACC-01742,7296.58,2026-09-01 09:31:31,0,normal,NONE
TX-009643,ACC-01738,ACC-00418,10797.54,2026-09-06 23:48:09,0,normal,NONE
TX-001549,ACC-01572,ACC-00414,16720.19,2026-09-06 15:12:05,0,normal,NONE
TX-012527,ACC-00965,ACC-01389,51770.49,2026-09-04 19:34:00,0,normal_high_value,NONE
TX-008548,ACC-01839,ACC-00327,15080.72,2026-09-09 23:31:18,0,normal,NONE
TX-005185,ACC-00754,ACC-01801,12135.05,2026-09-06 21:02:31,0,normal,NONE
TX-001462,ACC-01823,ACC-01737,12486.68,2026-09-03 09:58:51,0,normal,NONE
TX-012437,ACC-01863,ACC-01410,60284.5,2026-09-06 14:28:00,0,normal_high_value,NONE
TX-003221,ACC-01438,ACC-01538,11081.47,2026-09-09 22:57:09,0,normal,NONE
TX-011174,ACC-00506,ACC-00473,2505.52,2026-09-01 20:04:33,0,normal,NONE
TX-012139,FRAUD-06-SRC-14,FRAUD-06-COLLECTOR,9583.4,2026-09-03 13:26:00,1,funneling,NET-06
TX-007171,ACC-01723,ACC-01578,10571.5,2026-09-02 13:54:31,0,normal,NONE
TX-007431,ACC-00818,ACC-00973,8663.86,2026-09-06 19:28:50,0,normal,NONE
TX-012642,ACC-00299,ACC-00586,77327.29,2026-09-03 12:10:00,0,normal_high_value,NONE
TX-001752,ACC-00172,ACC-00549,2584.59,2026-09-01 08:50:06,0,normal,NONE
TX-003977,ACC-01804,ACC-01559,4984.95,2026-09-08 21:16:49,0,normal,NONE
TX-008354,ACC-00874,ACC-01268,7549.42,2026-09-01 09:59:05,0,normal,NONE
TX-001773,ACC-01962,ACC-00274,16577.86,2026-09-01 19:23:54,0,normal,NONE
TX-009389,ACC-01290,ACC-01384,12409.32,2026-09-07 20:47:55,0,normal,NONE
TX-002017,ACC-01929,ACC-00752,14048.15,2026-09-05 15:33:57,0,normal,NONE
TX-002006,ACC-00054,ACC-01585,14077.17,2026-09-04 20:43:43,0,normal,NONE
TX-003894,ACC-01442,ACC-00560,15540.88,2026-09-07 22:09:45,0,normal,NONE
TX-003238,ACC-01311,ACC-00093,15928.12,2026-09-07 17:53:39,0,normal,NONE
TX-004425,ACC-01936,ACC-01021,6601.61,2026-09-03 12:42:28,0,normal,NONE
TX-008589,ACC-01469,ACC-00354,3648.74,2026-09-06 09:47:11,0,normal,NONE
TX-002258,ACC-01522,ACC-01232,15905.55,2026-09-07 14:54:58,0,normal,NONE
TX-004073,ACC-01109,ACC-00352,17508.44,2026-09-06 21:45:50,0,normal,NONE
TX-005575,ACC-01875,ACC-01053,3539.72,2026-09-08 21:43:47,0,normal,NONE
TX-009084,ACC-00405,ACC-00246,8964.18,2026-09-08 16:45:57,0,normal,NONE
TX-012599,ACC-01953,ACC-00173,73907.88,2026-09-02 14:23:00,0,normal_high_value,NONE
TX-005356,ACC-00940,ACC-00323,1008.27,2026-09-04 19:02:20,0,normal,NONE
TX-008419,ACC-00605,ACC-00143,14535.95,2026-09-07 20:45:44,0,normal,NONE
TX-006094,ACC-00958,ACC-01142,12286.12,2026-09-08 08:19:35,0,normal,NONE
TX-007936,ACC-01931,ACC-00637,16840.15,2026-09-04 09:03:06,0,normal,NONE
TX-010732,ACC-01032,ACC-00598,12011.76,2026-09-07 19:20:33,0,normal,NONE
TX-001520,ACC-01971,ACC-00925,11509.28,2026-09-05 10:10:06,0,normal,NONE
TX-011141,ACC-01092,ACC-01958,16128.05,2026-09-02 18:14:01,0,normal,NONE
TX-001379,ACC-00645,ACC-00823,17675.37,2026-09-03 21:03:25,0,normal,NONE
TX-005673,ACC-01557,ACC-00343,6250.94,2026-09-07 16:42:41,0,normal,NONE
TX-009216,ACC-01674,ACC-01377,12990.5,2026-09-05 20:56:53,0,normal,NONE
TX-002588,ACC-01033,ACC-00579,4483.11,2026-09-07 21:44:52,0,normal,NONE
TX-012941,ACC-00189,ACC-01689,51325.55,2026-09-05 08:20:00,0,normal_high_value,NONE
TX-005622,ACC-01065,ACC-00365,12503.17,2026-09-04 20:36:24,0,normal,NONE
TX-012868,ACC-01065,ACC-00054,51821.32,2026-09-02 09:57:00,0,normal_high_value,NONE
TX-010912,ACC-00296,ACC-00714,848.27,2026-09-07 14:06:03,0,normal,NONE
TX-005843,ACC-00645,ACC-00576,17854.0,2026-09-06 21:50:27,0,normal,NONE
TX-007123,ACC-00605,ACC-00489,994.1,2026-09-03 19:02:47,0,normal,NONE
TX-005833,ACC-00077,ACC-00250,4697.46,2026-09-09 17:00:32,0,normal,NONE
TX-004889,ACC-01520,ACC-00823,13773.13,2026-09-07 22:34:14,0,normal,NONE
TX-005905,ACC-01253,ACC-01865,12889.14,2026-09-01 22:48:49,0,normal,NONE
TX-000523,ACC-00494,ACC-01024,11492.72,2026-09-02 08:23:59,0,normal,NONE
TX-008044,ACC-00883,ACC-00363,8056.91,2026-09-05 13:44:14,0,normal,NONE
TX-003608,ACC-01724,ACC-00653,1070.85,2026-09-04 19:03:10,0,normal,NONE
TX-009121,ACC-00266,ACC-00729,16808.82,2026-09-01 19:25:12,0,normal,NONE
TX-000235,ACC-00282,ACC-01566,4614.24,2026-09-06 11:00:31,0,normal,NONE
TX-003797,ACC-00715,ACC-01044,12976.83,2026-09-07 15:13:22,0,normal,NONE
TX-006319,ACC-00434,ACC-01822,6776.76,2026-09-08 08:33:38,0,normal,NONE
TX-007095,ACC-00491,ACC-00521,15361.14,2026-09-04 09:14:06,0,normal,NONE
TX-001949,ACC-01079,ACC-00906,12500.52,2026-09-09 19:29:22,0,normal,NONE
TX-006362,ACC-00654,ACC-00423,6308.36,2026-09-09 10:04:44,0,normal,NONE
TX-012455,ACC-01579,ACC-01228,26934.11,2026-09-02 19:15:00,0,normal_high_value,NONE
TX-006092,ACC-01348,ACC-00634,17666.42,2026-09-07 19:06:09,0,normal,NONE
TX-012792,ACC-00233,ACC-00672,88345.78,2026-09-02 19:26:00,0,normal_high_value,NONE
TX-002225,ACC-00855,ACC-00036,8052.93,2026-09-05 09:38:07,0,normal,NONE
TX-009299,ACC-00610,ACC-01872,1257.73,2026-09-08 19:13:52,0,normal,NONE
TX-009011,ACC-01072,ACC-00882,6378.55,2026-09-02 16:43:50,0,normal,NONE
TX-005572,ACC-01828,ACC-01739,6432.48,2026-09-09 22:58:02,0,normal,NONE
TX-004524,ACC-00392,ACC-01225,1977.75,2026-09-03 17:00:13,0,normal,NONE
TX-005794,ACC-00189,ACC-00594,10665.29,2026-09-05 09:10:39,0,normal,NONE
TX-011639,ACC-00408,ACC-01361,1948.53,2026-09-02 14:51:55,0,normal,NONE
TX-005739,ACC-01545,ACC-01550,17615.75,2026-09-06 23:15:21,0,normal,NONE
TX-002625,ACC-00539,ACC-00936,16743.66,2026-09-04 11:58:40,0,normal,NONE
TX-004729,ACC-00181,ACC-01187,1385.38,2026-09-05 15:39:45,0,normal,NONE
TX-007819,ACC-00327,ACC-01636,14899.99,2026-09-09 15:19:37,0,normal,NONE
TX-008860,ACC-01092,ACC-01348,13065.41,2026-09-06 14:11:02,0,normal,NONE
TX-013138,ACC-01127,ACC-00583,23201.96,2026-09-06 13:08:00,0,normal_high_value,NONE
TX-012084,FRAUD-04-SRC-09,FRAUD-04-COLLECTOR,12207.09,2026-09-04 12:16:00,1,funneling,NET-04
TX-009081,ACC-00628,ACC-01172,12772.15,2026-09-06 11:54:18,0,normal,NONE
TX-010596,ACC-01056,ACC-00182,11248.38,2026-09-04 12:10:30,0,normal,NONE
TX-002438,ACC-00133,ACC-01953,17924.28,2026-09-01 22:35:41,0,normal,NONE
TX-006057,ACC-01448,ACC-01427,14903.77,2026-09-08 10:46:42,0,normal,NONE
TX-009010,ACC-00771,ACC-00969,10632.53,2026-09-03 21:01:21,0,normal,NONE
TX-006353,ACC-01226,ACC-01384,4996.25,2026-09-09 23:16:30,0,normal,NONE
TX-003168,ACC-01761,ACC-00018,10384.2,2026-09-06 12:09:38,0,normal,NONE
TX-001810,ACC-00117,ACC-01518,14234.82,2026-09-09 08:09:54,0,normal,NONE
TX-010727,ACC-01424,ACC-00339,1129.33,2026-09-08 11:54:02,0,normal,NONE
TX-007162,ACC-01063,ACC-01773,13429.81,2026-09-05 11:45:43,0,normal,NONE
TX-009457,ACC-00616,ACC-01452,13041.35,2026-09-09 18:58:19,0,normal,NONE
TX-005087,ACC-01812,ACC-01896,14455.09,2026-09-01 12:58:40,0,normal,NONE
TX-012326,ACC-01509,ACC-01693,79886.47,2026-09-05 14:43:00,0,normal_high_value,NONE
TX-007017,ACC-00120,ACC-01741,2911.69,2026-09-04 11:08:37,0,normal,NONE
TX-010334,ACC-00215,ACC-00905,11236.77,2026-09-06 11:01:51,0,normal,NONE
TX-004946,ACC-01333,ACC-00352,11641.18,2026-09-05 11:44:39,0,normal,NONE
TX-006047,ACC-01392,ACC-00681,6521.96,2026-09-08 22:18:49,0,normal,NONE
TX-011092,ACC-01104,ACC-01901,481.75,2026-09-02 12:41:51,0,normal,NONE
TX-012268,ACC-00442,ACC-01103,61997.42,2026-09-03 22:36:00,0,normal_high_value,NONE
TX-006920,ACC-00577,ACC-01470,1928.1,2026-09-02 17:19:52,0,normal,NONE
TX-005591,ACC-01336,ACC-01884,9286.76,2026-09-09 18:40:40,0,normal,NONE
TX-007227,ACC-00447,ACC-00138,15035.29,2026-09-03 22:51:12,0,normal,NONE
TX-001229,ACC-00932,ACC-00222,2216.98,2026-09-08 23:14:40,0,normal,NONE
TX-010217,ACC-00816,ACC-00869,8089.81,2026-09-02 10:32:29,0,normal,NONE
TX-006847,ACC-00615,ACC-01852,17103.55,2026-09-08 20:10:19,0,normal,NONE
TX-008245,ACC-01190,ACC-00379,13061.88,2026-09-04 21:35:51,0,normal,NONE
TX-012834,ACC-01543,ACC-00208,57320.62,2026-09-08 09:56:00,0,normal_high_value,NONE
TX-006556,ACC-00331,ACC-00437,10802.63,2026-09-04 20:55:42,0,normal,NONE
TX-000160,ACC-01618,ACC-01750,7480.66,2026-09-09 16:52:00,0,normal,NONE
TX-008852,ACC-01338,ACC-00876,17553.08,2026-09-04 11:13:06,0,normal,NONE
TX-001590,ACC-01996,ACC-01846,1464.66,2026-09-04 21:10:53,0,normal,NONE
TX-013041,ACC-00689,ACC-00246,62163.56,2026-09-09 08:37:00,0,normal_high_value,NONE
TX-012570,ACC-01714,ACC-01828,49330.77,2026-09-01 14:17:00,0,normal_high_value,NONE
TX-012547,ACC-00419,ACC-00169,37391.3,2026-09-08 17:45:00,0,normal_high_value,NONE
TX-012368,ACC-01736,ACC-00003,40968.11,2026-09-06 16:59:00,0,normal_high_value,NONE
TX-006688,ACC-01318,ACC-00452,8821.55,2026-09-06 18:16:28,0,normal,NONE
TX-012382,ACC-01814,ACC-01046,51314.95,2026-09-01 11:36:00,0,normal_high_value,NONE
TX-009981,ACC-01515,ACC-01673,14419.6,2026-09-01 18:39:03,0,normal,NONE
TX-010505,ACC-01475,ACC-01909,9427.74,2026-09-08 08:32:56,0,normal,NONE
TX-007481,ACC-00349,ACC-00892,12494.36,2026-09-04 19:12:18,0,normal,NONE
TX-012271,ACC-01761,ACC-01505,50635.7,2026-09-04 09:07:00,0,normal_high_value,NONE
TX-001557,ACC-00448,ACC-00842,5441.59,2026-09-08 11:45:34,0,normal,NONE
TX-002829,ACC-00599,ACC-01376,4642.52,2026-09-03 21:13:46,0,normal,NONE
TX-000437,ACC-00896,ACC-00476,15099.37,2026-09-06 20:49:20,0,normal,NONE
TX-005790,ACC-01405,ACC-01277,7794.65,2026-09-03 22:27:34,0,normal,NONE
TX-010811,ACC-01007,ACC-01748,5688.14,2026-09-05 12:34:13,0,normal,NONE
TX-001589,ACC-00190,ACC-01320,12814.74,2026-09-07 20:45:37,0,normal,NONE
TX-007399,ACC-00415,ACC-00762,15793.53,2026-09-04 19:39:30,0,normal,NONE
TX-002781,ACC-01897,ACC-00202,12558.92,2026-09-09 19:26:47,0,normal,NONE
TX-011896,ACC-01440,ACC-01960,14237.5,2026-09-06 23:30:32,0,normal,NONE
TX-009243,ACC-01510,ACC-00127,12483.28,2026-09-03 12:26:38,0,normal,NONE
TX-005687,ACC-00239,ACC-00186,12452.71,2026-09-01 19:51:44,0,normal,NONE
TX-003966,ACC-00243,ACC-00504,10413.59,2026-09-06 12:05:20,0,normal,NONE
TX-004728,ACC-00747,ACC-00402,14050.36,2026-09-04 13:08:53,0,normal,NONE
TX-009166,ACC-01970,ACC-00451,1225.17,2026-09-07 22:40:42,0,normal,NONE
TX-001239,ACC-01750,ACC-00321,9130.2,2026-09-07 16:31:37,0,normal,NONE
TX-002952,ACC-01486,ACC-01731,9519.21,2026-09-04 11:19:49,0,normal,NONE
TX-009676,ACC-00116,ACC-00739,2618.26,2026-09-09 19:03:20,0,normal,NONE
TX-010246,ACC-00801,ACC-00261,5734.6,2026-09-04 12:55:35,0,normal,NONE
TX-001498,ACC-01821,ACC-00773,10293.24,2026-09-06 16:35:05,0,normal,NONE
TX-006466,ACC-00524,ACC-00437,13041.78,2026-09-05 17:08:06,0,normal,NONE
TX-007356,ACC-01858,ACC-00747,6061.22,2026-09-03 12:14:44,0,normal,NONE
TX-007824,ACC-00093,ACC-00708,10682.29,2026-09-05 17:44:29,0,normal,NONE
TX-007548,ACC-00016,ACC-00131,8566.95,2026-09-08 11:38:50,0,normal,NONE
TX-007914,ACC-01480,ACC-01654,721.57,2026-09-08 21:27:08,0,normal,NONE
TX-011346,ACC-01626,ACC-00891,9673.6,2026-09-06 14:08:17,0,normal,NONE
TX-005186,ACC-00119,ACC-00931,2323.01,2026-09-09 14:17:49,0,normal,NONE
TX-005648,ACC-01260,ACC-01053,9012.21,2026-09-08 12:34:19,0,normal,NONE
TX-012448,ACC-01714,ACC-00456,83359.58,2026-09-07 12:16:00,0,normal_high_value,NONE
TX-005243,ACC-00520,ACC-01864,16792.81,2026-09-07 08:21:05,0,normal,NONE
TX-002131,ACC-01547,ACC-01152,14308.63,2026-09-09 23:20:41,0,normal,NONE
TX-002093,ACC-00138,ACC-01005,10048.11,2026-09-04 13:02:26,0,normal,NONE
TX-005410,ACC-00570,ACC-00218,7889.54,2026-09-07 18:17:26,0,normal,NONE
TX-000188,ACC-01871,ACC-00559,14951.9,2026-09-05 23:51:18,0,normal,NONE
TX-009933,ACC-01195,ACC-00369,8347.68,2026-09-09 16:55:29,0,normal,NONE
TX-007939,ACC-00009,ACC-01867,11647.84,2026-09-03 12:21:42,0,normal,NONE
TX-003656,ACC-00156,ACC-00687,11945.15,2026-09-09 08:41:42,0,normal,NONE
TX-003427,ACC-01439,ACC-01596,2707.14,2026-09-04 17:21:54,0,normal,NONE
TX-010164,ACC-01083,ACC-01585,4346.03,2026-09-01 14:51:53,0,normal,NONE
TX-001382,ACC-01395,ACC-01436,9973.92,2026-09-05 18:58:22,0,normal,NONE
TX-010352,ACC-00801,ACC-00131,4591.71,2026-09-01 10:53:42,0,normal,NONE
TX-008606,ACC-00655,ACC-01900,13042.48,2026-09-06 15:02:48,0,normal,NONE
TX-007428,ACC-01146,ACC-00535,12308.76,2026-09-09 14:55:27,0,normal,NONE
TX-005038,ACC-00337,ACC-01437,4203.41,2026-09-04 08:46:11,0,normal,NONE
TX-004898,ACC-00813,ACC-01090,13273.45,2026-09-04 21:16:30,0,normal,NONE
TX-003176,ACC-00866,ACC-00253,6525.57,2026-09-03 23:14:35,0,normal,NONE
TX-010568,ACC-01184,ACC-00193,11330.76,2026-09-07 13:01:17,0,normal,NONE
TX-008449,ACC-01996,ACC-00478,16433.21,2026-09-03 10:21:09,0,normal,NONE
TX-013116,ACC-01769,ACC-01632,78607.86,2026-09-04 09:51:00,0,normal_high_value,NONE
TX-010504,ACC-00357,ACC-01171,8274.85,2026-09-03 15:44:07,0,normal,NONE
TX-002236,ACC-00039,ACC-01602,7469.56,2026-09-03 16:17:29,0,normal,NONE
TX-008069,ACC-00069,ACC-00473,1075.78,2026-09-02 19:04:47,0,normal,NONE
TX-004237,ACC-01524,ACC-00044,11888.09,2026-09-09 08:09:25,0,normal,NONE
TX-010010,ACC-00082,ACC-00442,12871.23,2026-09-06 20:46:10,0,normal,NONE
TX-010144,ACC-01101,ACC-00576,4957.59,2026-09-07 18:01:06,0,normal,NONE
TX-000025,ACC-01562,ACC-00331,9718.03,2026-09-09 08:38:20,0,normal,NONE
TX-003364,ACC-00450,ACC-01896,12680.2,2026-09-06 21:17:03,0,normal,NONE
TX-001089,ACC-01902,ACC-00411,10993.23,2026-09-03 23:06:09,0,normal,NONE
TX-008734,ACC-01439,ACC-00829,11576.96,2026-09-08 21:00:50,0,normal,NONE
TX-012134,FRAUD-06-SRC-09,FRAUD-06-COLLECTOR,6471.14,2026-09-03 13:16:00,1,funneling,NET-06
TX-002842,ACC-01316,ACC-00756,3600.05,2026-09-01 09:28:12,0,normal,NONE
TX-007538,ACC-00028,ACC-01791,13355.48,2026-09-08 09:39:37,0,normal,NONE
TX-007471,ACC-00169,ACC-00543,15020.3,2026-09-05 22:05:57,0,normal,NONE
TX-012349,ACC-01218,ACC-00842,55888.73,2026-09-03 23:47:00,0,normal_high_value,NONE
TX-004153,ACC-01604,ACC-01785,12493.41,2026-09-02 22:46:34,0,normal,NONE
TX-009502,ACC-01533,ACC-01690,14250.06,2026-09-02 14:06:25,0,normal,NONE
TX-000696,ACC-00644,ACC-00026,12688.14,2026-09-09 15:42:55,0,normal,NONE
TX-012163,FRAUD-07-SRC-13,FRAUD-07-COLLECTOR,10295.44,2026-09-07 16:24:00,1,funneling,NET-07
TX-006338,ACC-01773,ACC-01672,16230.39,2026-09-02 14:23:25,0,normal,NONE
TX-001228,ACC-01366,ACC-01236,17103.5,2026-09-08 16:09:49,0,normal,NONE
TX-002000,ACC-00686,ACC-01819,13769.95,2026-09-03 14:35:52,0,normal,NONE
TX-000277,ACC-00961,ACC-00919,11083.96,2026-09-02 08:16:13,0,normal,NONE
TX-005930,ACC-01387,ACC-01377,9331.51,2026-09-04 14:05:44,0,normal,NONE
TX-002954,ACC-00799,ACC-00321,6397.08,2026-09-06 17:55:55,0,normal,NONE
TX-003638,ACC-01142,ACC-00931,3288.55,2026-09-01 19:54:18,0,normal,NONE
TX-003907,ACC-00175,ACC-00262,10116.81,2026-09-09 12:29:05,0,normal,NONE
TX-004779,ACC-00224,ACC-01827,17051.1,2026-09-07 18:30:35,0,normal,NONE
TX-005846,ACC-00307,ACC-01959,3985.43,2026-09-09 20:51:37,0,normal,NONE
TX-012851,ACC-00052,ACC-01801,40654.3,2026-09-05 12:10:00,0,normal_high_value,NONE
TX-004118,ACC-00937,ACC-00105,7143.3,2026-09-07 10:34:48,0,normal,NONE
TX-001138,ACC-01187,ACC-00456,16054.97,2026-09-03 08:26:02,0,normal,NONE
TX-002768,ACC-01561,ACC-01874,3550.09,2026-09-07 16:25:14,0,normal,NONE
TX-008183,ACC-00906,ACC-00085,2732.62,2026-09-04 21:00:28,0,normal,NONE
TX-010515,ACC-00884,ACC-00044,16128.18,2026-09-03 15:43:33,0,normal,NONE
TX-007662,ACC-01801,ACC-01617,16579.27,2026-09-01 21:21:53,0,normal,NONE
TX-009135,ACC-00667,ACC-01423,11309.14,2026-09-02 22:37:13,0,normal,NONE
TX-009859,ACC-01933,ACC-00638,12451.74,2026-09-02 15:04:22,0,normal,NONE
TX-002491,ACC-01032,ACC-01571,17541.65,2026-09-04 18:02:36,0,normal,NONE
TX-012829,ACC-01724,ACC-01320,25357.9,2026-09-03 14:34:00,0,normal_high_value,NONE
TX-007743,ACC-00777,ACC-01378,10398.39,2026-09-06 11:07:41,0,normal,NONE
TX-003936,ACC-00860,ACC-01100,437.12,2026-09-07 20:16:55,0,normal,NONE
TX-002385,ACC-00869,ACC-01758,3655.49,2026-09-01 20:18:24,0,normal,NONE
TX-008017,ACC-01324,ACC-01860,2152.19,2026-09-01 14:05:41,0,normal,NONE
TX-007085,ACC-00354,ACC-01742,9727.31,2026-09-09 18:24:18,0,normal,NONE
TX-000116,ACC-01978,ACC-01333,4876.08,2026-09-09 23:29:27,0,normal,NONE
TX-001864,ACC-01519,ACC-00522,16679.97,2026-09-04 08:34:01,0,normal,NONE
TX-003120,ACC-00129,ACC-00259,3619.26,2026-09-03 08:40:19,0,normal,NONE
TX-004259,ACC-01901,ACC-01665,951.97,2026-09-04 09:25:25,0,normal,NONE
TX-012233,FRAUD-10-SRC-08,FRAUD-10-COLLECTOR,5888.14,2026-09-03 12:14:00,1,funneling,NET-10
TX-011208,ACC-00282,ACC-01920,3645.94,2026-09-05 15:23:41,0,normal,NONE
TX-002820,ACC-00615,ACC-01826,11743.94,2026-09-01 15:42:57,0,normal,NONE
TX-010106,ACC-01329,ACC-01280,14841.41,2026-09-01 11:36:52,0,normal,NONE
TX-009955,ACC-01197,ACC-01387,16587.05,2026-09-02 23:47:44,0,normal,NONE
TX-012041,FRAUD-02-COLLECTOR,FRAUD-02-RELAY,141460.84,2026-09-06 17:35:00,1,layering,NET-02
TX-004700,ACC-01187,ACC-01508,12836.27,2026-09-04 14:10:26,0,normal,NONE
TX-003803,ACC-00505,ACC-00805,17218.21,2026-09-01 12:53:32,0,normal,NONE
TX-006069,ACC-01529,ACC-00422,14256.99,2026-09-05 15:18:19,0,normal,NONE
TX-003537,ACC-01884,ACC-01459,9160.28,2026-09-02 17:16:09,0,normal,NONE
TX-003826,ACC-00515,ACC-00194,4201.22,2026-09-01 08:39:58,0,normal,NONE
TX-006643,ACC-00985,ACC-01993,7105.0,2026-09-09 19:08:00,0,normal,NONE
TX-011452,ACC-01306,ACC-00606,3473.25,2026-09-03 15:12:05,0,normal,NONE
TX-001947,ACC-01136,ACC-00409,5433.1,2026-09-02 17:36:59,0,normal,NONE
TX-011565,ACC-00179,ACC-00091,16623.93,2026-09-03 14:51:09,0,normal,NONE
TX-010117,ACC-00091,ACC-01620,7071.16,2026-09-06 09:47:25,0,normal,NONE
TX-012728,ACC-00290,ACC-00394,82584.42,2026-09-06 20:52:00,0,normal_high_value,NONE
TX-007270,ACC-01256,ACC-01515,10939.91,2026-09-06 18:40:30,0,normal,NONE
TX-012393,ACC-00191,ACC-01998,27197.72,2026-09-02 19:54:00,0,normal_high_value,NONE
TX-007930,ACC-00640,ACC-00412,8841.21,2026-09-02 17:53:49,0,normal,NONE
TX-007167,ACC-00948,ACC-00371,4184.15,2026-09-04 17:48:04,0,normal,NONE
TX-006964,ACC-00464,ACC-01664,7001.75,2026-09-07 12:11:12,0,normal,NONE
TX-005868,ACC-00185,ACC-01432,16579.61,2026-09-05 13:40:45,0,normal,NONE
TX-004762,ACC-01239,ACC-00918,11144.84,2026-09-05 12:06:35,0,normal,NONE
TX-000883,ACC-00513,ACC-01674,6880.76,2026-09-01 11:49:45,0,normal,NONE
TX-000558,ACC-00279,ACC-01598,13867.24,2026-09-02 12:06:10,0,normal,NONE
TX-011538,ACC-01133,ACC-01313,1658.55,2026-09-07 23:54:34,0,normal,NONE
TX-001208,ACC-00992,ACC-01552,7773.83,2026-09-04 11:02:50,0,normal,NONE
TX-010046,ACC-00875,ACC-00645,14185.36,2026-09-05 21:53:26,0,normal,NONE
TX-007685,ACC-00183,ACC-01039,2035.65,2026-09-02 20:22:11,0,normal,NONE
TX-010245,ACC-00433,ACC-00490,10206.55,2026-09-03 15:52:51,0,normal,NONE
TX-009703,ACC-01132,ACC-00805,7462.49,2026-09-09 09:47:42,0,normal,NONE
TX-006539,ACC-01119,ACC-00890,2283.79,2026-09-08 19:51:23,0,normal,NONE
TX-003212,ACC-01140,ACC-01536,5281.24,2026-09-07 20:06:09,0,normal,NONE
TX-003631,ACC-00174,ACC-00177,17628.29,2026-09-02 22:32:02,0,normal,NONE
TX-001709,ACC-00879,ACC-00508,11124.68,2026-09-09 13:15:17,0,normal,NONE
TX-008459,ACC-00723,ACC-01460,11643.74,2026-09-01 22:50:41,0,normal,NONE
TX-001141,ACC-00171,ACC-01144,13560.35,2026-09-07 14:08:22,0,normal,NONE
TX-003163,ACC-00406,ACC-01896,11221.07,2026-09-04 09:18:36,0,normal,NONE
TX-006208,ACC-01790,ACC-00369,6671.47,2026-09-02 12:13:32,0,normal,NONE
TX-003731,ACC-01849,ACC-01903,7227.63,2026-09-06 13:19:02,0,normal,NONE
TX-002661,ACC-01132,ACC-01592,12678.64,2026-09-08 14:39:26,0,normal,NONE
TX-008849,ACC-00645,ACC-01061,17853.87,2026-09-03 10:35:07,0,normal,NONE
TX-001308,ACC-01023,ACC-01786,17521.22,2026-09-05 19:59:27,0,normal,NONE
TX-002568,ACC-00406,ACC-00045,8961.86,2026-09-03 17:53:54,0,normal,NONE
TX-009191,ACC-01675,ACC-01706,8075.94,2026-09-06 11:09:27,0,normal,NONE
TX-002835,ACC-00724,ACC-00362,6994.09,2026-09-04 16:46:01,0,normal,NONE
TX-012687,ACC-00662,ACC-01599,33802.87,2026-09-03 15:38:00,0,normal_high_value,NONE
TX-009430,ACC-00206,ACC-01741,5418.52,2026-09-07 21:20:48,0,normal,NONE
TX-002152,ACC-01654,ACC-00901,7668.8,2026-09-08 18:19:32,0,normal,NONE
TX-010342,ACC-01376,ACC-00489,3181.54,2026-09-02 22:02:40,0,normal,NONE
TX-003836,ACC-00799,ACC-00524,15582.59,2026-09-07 14:11:11,0,normal,NONE
TX-012847,ACC-00431,ACC-01391,26552.29,2026-09-07 11:53:00,0,normal_high_value,NONE
TX-010160,ACC-01212,ACC-00836,17793.08,2026-09-02 20:07:42,0,normal,NONE
TX-010884,ACC-00917,ACC-01708,12634.8,2026-09-04 23:40:30,0,normal,NONE
TX-009327,ACC-00566,ACC-00608,17523.2,2026-09-03 22:28:24,0,normal,NONE
TX-005005,ACC-00100,ACC-01826,3907.9,2026-09-06 21:09:03,0,normal,NONE
TX-006627,ACC-01450,ACC-01004,14403.83,2026-09-01 18:16:23,0,normal,NONE
TX-009496,ACC-00818,ACC-00192,3602.88,2026-09-01 22:47:51,0,normal,NONE
TX-001628,ACC-00019,ACC-01103,15345.47,2026-09-06 12:52:18,0,normal,NONE
TX-010606,ACC-01061,ACC-01761,13890.44,2026-09-01 10:11:32,0,normal,NONE
TX-009715,ACC-01908,ACC-01644,8943.14,2026-09-07 19:38:39,0,normal,NONE
TX-012997,ACC-01194,ACC-00456,77274.36,2026-09-07 22:48:00,0,normal_high_value,NONE
TX-000359,ACC-01518,ACC-01202,4322.29,2026-09-01 15:40:14,0,normal,NONE
TX-000139,ACC-00321,ACC-00006,7365.15,2026-09-08 17:02:14,0,normal,NONE
TX-008492,ACC-01243,ACC-00587,9741.04,2026-09-03 16:23:08,0,normal,NONE
TX-009749,ACC-01958,ACC-01786,8416.65,2026-09-07 21:46:04,0,normal,NONE
TX-000383,ACC-01750,ACC-01066,7964.29,2026-09-04 23:05:57,0,normal,NONE
TX-009993,ACC-00084,ACC-00660,7750.62,2026-09-05 17:53:52,0,normal,NONE
TX-004858,ACC-01843,ACC-00155,14167.5,2026-09-08 14:43:29,0,normal,NONE
TX-012316,ACC-01049,ACC-01105,86517.82,2026-09-05 13:06:00,0,normal_high_value,NONE
TX-001440,ACC-01330,ACC-01334,1413.87,2026-09-01 22:43:07,0,normal,NONE
TX-009570,ACC-00195,ACC-01652,4028.73,2026-09-06 13:53:36,0,normal,NONE
TX-000947,ACC-01777,ACC-01810,11696.41,2026-09-04 20:32:45,0,normal,NONE
TX-005499,ACC-00388,ACC-00649,16436.83,2026-09-02 21:54:29,0,normal,NONE
TX-004917,ACC-01957,ACC-00751,14993.8,2026-09-08 13:47:55,0,normal,NONE
TX-008557,ACC-00711,ACC-00285,5986.9,2026-09-07 18:24:56,0,normal,NONE
TX-001933,ACC-01391,ACC-00715,15986.15,2026-09-07 21:17:19,0,normal,NONE
TX-002353,ACC-00126,ACC-01222,14446.8,2026-09-05 19:39:26,0,normal,NONE
TX-003237,ACC-00773,ACC-00726,1944.02,2026-09-08 20:11:18,0,normal,NONE
TX-009494,ACC-00512,ACC-00348,4171.5,2026-09-06 11:35:20,0,normal,NONE
TX-011314,ACC-01416,ACC-00734,8367.67,2026-09-04 21:23:36,0,normal,NONE
TX-003808,ACC-00215,ACC-01277,17985.18,2026-09-08 18:40:57,0,normal,NONE
TX-001937,ACC-01278,ACC-01144,11964.48,2026-09-05 23:18:04,0,normal,NONE
TX-011793,ACC-01990,ACC-01240,10959.83,2026-09-04 12:04:39,0,normal,NONE
TX-004155,ACC-01954,ACC-01313,4894.01,2026-09-04 11:21:56,0,normal,NONE
TX-008989,ACC-00994,ACC-00402,1887.77,2026-09-05 11:09:30,0,normal,NONE
TX-002417,ACC-00208,ACC-01873,13000.49,2026-09-07 18:39:31,0,normal,NONE
TX-010721,ACC-00320,ACC-01427,14745.82,2026-09-03 12:21:03,0,normal,NONE
TX-006140,ACC-00088,ACC-01427,16540.08,2026-09-01 23:14:29,0,normal,NONE
TX-000786,ACC-00158,ACC-01054,11589.72,2026-09-04 12:11:10,0,normal,NONE
TX-006790,ACC-01028,ACC-00656,2965.42,2026-09-05 21:59:31,0,normal,NONE
TX-008037,ACC-00121,ACC-00552,2149.07,2026-09-08 23:28:38,0,normal,NONE
TX-008316,ACC-01080,ACC-01998,3581.56,2026-09-02 19:06:50,0,normal,NONE
TX-012538,ACC-00758,ACC-01504,30949.95,2026-09-09 22:12:00,0,normal_high_value,NONE
TX-005669,ACC-01562,ACC-01906,11288.38,2026-09-03 09:05:00,0,normal,NONE
TX-002173,ACC-00092,ACC-00565,10961.35,2026-09-09 21:11:40,0,normal,NONE
TX-002170,ACC-00347,ACC-01855,17753.14,2026-09-06 08:42:25,0,normal,NONE
TX-006629,ACC-01105,ACC-01484,9000.51,2026-09-02 16:10:31,0,normal,NONE
TX-004010,ACC-00248,ACC-01984,8862.92,2026-09-07 13:03:49,0,normal,NONE
TX-004341,ACC-01543,ACC-01392,5855.72,2026-09-07 22:39:17,0,normal,NONE
TX-000911,ACC-01968,ACC-01064,1766.2,2026-09-04 20:12:12,0,normal,NONE
TX-006269,ACC-00668,ACC-00170,11375.67,2026-09-02 19:42:42,0,normal,NONE
TX-002310,ACC-00725,ACC-01323,14500.57,2026-09-08 16:01:52,0,normal,NONE
TX-009450,ACC-00405,ACC-01914,2986.0,2026-09-07 22:26:47,0,normal,NONE
TX-006592,ACC-00365,ACC-01028,7737.89,2026-09-06 11:34:58,0,normal,NONE
TX-004459,ACC-00539,ACC-01663,1686.41,2026-09-01 08:13:59,0,normal,NONE
TX-007598,ACC-01948,ACC-00744,15063.56,2026-09-02 23:51:55,0,normal,NONE
TX-009371,ACC-00846,ACC-00988,1297.08,2026-09-03 22:21:10,0,normal,NONE
TX-010190,ACC-00145,ACC-00278,6798.4,2026-09-07 11:24:46,0,normal,NONE
TX-012369,ACC-01264,ACC-00367,55259.54,2026-09-07 22:42:00,0,normal_high_value,NONE
TX-004653,ACC-00336,ACC-01435,7714.91,2026-09-05 13:27:28,0,normal,NONE
TX-006219,ACC-01943,ACC-00232,12487.89,2026-09-04 16:06:31,0,normal,NONE
TX-000443,ACC-00553,ACC-00210,2402.48,2026-09-03 21:28:35,0,normal,NONE
TX-003416,ACC-01537,ACC-00499,16369.26,2026-09-06 12:02:23,0,normal,NONE
TX-009592,ACC-00561,ACC-01408,1105.41,2026-09-05 20:52:05,0,normal,NONE
TX-011584,ACC-01921,ACC-01671,7208.55,2026-09-03 21:46:11,0,normal,NONE
TX-010159,ACC-01416,ACC-00773,3584.14,2026-09-05 12:32:40,0,normal,NONE
TX-009650,ACC-01548,ACC-00957,13462.56,2026-09-06 23:23:17,0,normal,NONE
TX-010391,ACC-01915,ACC-00268,3344.78,2026-09-03 12:14:28,0,normal,NONE
TX-005745,ACC-01616,ACC-00522,770.82,2026-09-03 18:21:21,0,normal,NONE
TX-001055,ACC-00931,ACC-01044,7645.76,2026-09-08 20:22:14,0,normal,NONE
TX-011554,ACC-00439,ACC-01973,317.47,2026-09-08 18:42:15,0,normal,NONE
TX-003700,ACC-01426,ACC-01953,14799.12,2026-09-09 20:48:10,0,normal,NONE
TX-000930,ACC-01179,ACC-01034,1639.69,2026-09-07 17:50:25,0,normal,NONE
TX-006469,ACC-00481,ACC-00689,6607.64,2026-09-08 17:08:03,0,normal,NONE
TX-008768,ACC-01790,ACC-01280,10378.84,2026-09-04 14:42:37,0,normal,NONE
TX-001830,ACC-00385,ACC-00861,12542.1,2026-09-03 20:13:22,0,normal,NONE
TX-010252,ACC-00849,ACC-01012,10277.95,2026-09-08 22:25:07,0,normal,NONE
TX-010780,ACC-01140,ACC-01713,12277.41,2026-09-03 16:12:26,0,normal,NONE
TX-002012,ACC-01789,ACC-01475,4513.6,2026-09-01 10:03:08,0,normal,NONE
TX-000914,ACC-00342,ACC-01623,3263.53,2026-09-07 18:42:10,0,normal,NONE
TX-007612,ACC-00380,ACC-00675,7035.34,2026-09-08 12:22:00,0,normal,NONE
TX-010906,ACC-00284,ACC-00547,10774.52,2026-09-05 10:51:31,0,normal,NONE
TX-010213,ACC-00866,ACC-00766,14950.1,2026-09-01 16:06:26,0,normal,NONE
TX-002607,ACC-00594,ACC-01009,442.77,2026-09-07 10:02:12,0,normal,NONE
TX-004929,ACC-00571,ACC-01501,3936.53,2026-09-03 12:58:20,0,normal,NONE
TX-009784,ACC-01553,ACC-00680,13586.31,2026-09-08 17:36:32,0,normal,NONE
TX-006565,ACC-00431,ACC-00652,12591.83,2026-09-04 15:52:40,0,normal,NONE
TX-010783,ACC-01702,ACC-00274,14063.17,2026-09-08 16:46:56,0,normal,NONE
TX-000007,ACC-00199,ACC-00736,15257.95,2026-09-05 09:46:29,0,normal,NONE
TX-007836,ACC-01658,ACC-00125,11146.55,2026-09-03 18:55:17,0,normal,NONE
TX-006584,ACC-00029,ACC-01678,16848.32,2026-09-09 09:50:27,0,normal,NONE
TX-003362,ACC-01184,ACC-00290,2291.39,2026-09-06 23:53:00,0,normal,NONE
TX-010337,ACC-01460,ACC-01092,3538.68,2026-09-04 10:33:23,0,normal,NONE
TX-001636,ACC-01389,ACC-00970,17825.85,2026-09-07 20:04:33,0,normal,NONE
TX-001142,ACC-00606,ACC-00490,11664.57,2026-09-02 08:30:42,0,normal,NONE
TX-000360,ACC-00108,ACC-00206,7451.16,2026-09-08 11:43:49,0,normal,NONE
TX-002071,ACC-00016,ACC-01216,10683.01,2026-09-08 20:20:28,0,normal,NONE
TX-003135,ACC-00745,ACC-01439,17355.44,2026-09-09 14:20:35,0,normal,NONE
TX-005161,ACC-01946,ACC-00683,11589.21,2026-09-08 22:54:14,0,normal,NONE
TX-006991,ACC-00905,ACC-01018,7457.53,2026-09-02 15:25:46,0,normal,NONE
TX-003244,ACC-01091,ACC-01427,9042.52,2026-09-01 21:08:16,0,normal,NONE
TX-002243,ACC-01171,ACC-01982,1433.38,2026-09-08 19:05:13,0,normal,NONE
TX-001475,ACC-01368,ACC-00975,12512.17,2026-09-08 18:54:37,0,normal,NONE
TX-011375,ACC-01333,ACC-00389,10227.59,2026-09-04 08:58:10,0,normal,NONE
TX-003260,ACC-01284,ACC-00772,17050.39,2026-09-09 21:39:42,0,normal,NONE
TX-004021,ACC-01878,ACC-00573,6793.7,2026-09-04 11:55:51,0,normal,NONE
TX-011697,ACC-01626,ACC-01757,17922.43,2026-09-07 13:44:16,0,normal,NONE
TX-008567,ACC-01210,ACC-00807,11677.02,2026-09-04 22:54:55,0,normal,NONE
TX-003501,ACC-01196,ACC-00401,4475.67,2026-09-03 21:52:07,0,normal,NONE
TX-002659,ACC-00189,ACC-00170,4432.1,2026-09-02 22:24:47,0,normal,NONE
TX-011193,ACC-01034,ACC-00297,7691.37,2026-09-02 13:17:53,0,normal,NONE
TX-001131,ACC-01901,ACC-01249,8200.74,2026-09-07 19:08:29,0,normal,NONE
TX-001820,ACC-00361,ACC-00172,2568.45,2026-09-05 20:05:19,0,normal,NONE
TX-007462,ACC-00223,ACC-01392,3267.78,2026-09-02 19:03:06,0,normal,NONE
TX-010401,ACC-00099,ACC-01681,5981.17,2026-09-01 17:37:21,0,normal,NONE
TX-010364,ACC-01165,ACC-00285,17852.47,2026-09-08 11:48:49,0,normal,NONE
TX-011579,ACC-00742,ACC-01670,14731.34,2026-09-09 17:58:03,0,normal,NONE
TX-007065,ACC-01748,ACC-01087,16895.44,2026-09-03 20:12:34,0,normal,NONE
TX-004319,ACC-00761,ACC-01166,16669.55,2026-09-07 13:00:53,0,normal,NONE
TX-009343,ACC-01219,ACC-01951,15165.9,2026-09-04 20:21:14,0,normal,NONE
TX-004670,ACC-00472,ACC-01331,11005.14,2026-09-03 10:18:28,0,normal,NONE
TX-009429,ACC-00564,ACC-01327,1073.68,2026-09-01 08:09:41,0,normal,NONE
TX-005477,ACC-01690,ACC-00655,8335.89,2026-09-03 11:56:45,0,normal,NONE
TX-013034,ACC-01574,ACC-00015,34251.83,2026-09-05 12:07:00,0,normal_high_value,NONE
TX-011617,ACC-01960,ACC-01149,3470.4,2026-09-06 10:48:18,0,normal,NONE
TX-001857,ACC-01915,ACC-00295,11301.34,2026-09-02 11:29:59,0,normal,NONE
TX-002283,ACC-00423,ACC-00460,2718.59,2026-09-02 14:22:31,0,normal,NONE
TX-011525,ACC-01061,ACC-01507,14549.68,2026-09-01 16:49:10,0,normal,NONE
TX-004009,ACC-01560,ACC-00154,15049.78,2026-09-06 23:27:38,0,normal,NONE
TX-006402,ACC-01681,ACC-01456,568.91,2026-09-08 17:56:02,0,normal,NONE
TX-013152,ACC-00633,ACC-00150,38982.71,2026-09-08 23:28:00,0,normal_high_value,NONE
TX-012286,ACC-01264,ACC-00264,77408.86,2026-09-04 21:00:00,0,normal_high_value,NONE
TX-000387,ACC-00706,ACC-01435,1166.4,2026-09-01 10:59:30,0,normal,NONE
TX-001629,ACC-01715,ACC-00449,9006.99,2026-09-08 12:38:18,0,normal,NONE
TX-011161,ACC-00871,ACC-00877,8240.85,2026-09-06 20:18:25,0,normal,NONE
TX-012357,ACC-00705,ACC-01175,47338.58,2026-09-08 10:32:00,0,normal_high_value,NONE
TX-007719,ACC-00074,ACC-01311,14956.41,2026-09-09 18:29:51,0,normal,NONE
TX-010262,ACC-00199,ACC-00820,3518.75,2026-09-03 23:00:13,0,normal,NONE
TX-013209,ACC-00384,ACC-00169,83481.38,2026-09-07 11:07:00,0,normal_high_value,NONE
TX-009102,ACC-00660,ACC-00510,13139.12,2026-09-06 11:12:13,0,normal,NONE
TX-001843,ACC-01602,ACC-00459,9145.94,2026-09-05 16:19:53,0,normal,NONE
TX-002498,ACC-00348,ACC-01483,16791.75,2026-09-06 09:09:57,0,normal,NONE
TX-000202,ACC-01688,ACC-00932,1668.29,2026-09-04 08:03:50,0,normal,NONE
TX-010640,ACC-01870,ACC-01934,11013.83,2026-09-07 18:01:42,0,normal,NONE
TX-003869,ACC-01142,ACC-02000,1612.5,2026-09-02 09:31:18,0,normal,NONE
TX-005055,ACC-01388,ACC-01626,17522.92,2026-09-03 20:21:23,0,normal,NONE
TX-005890,ACC-01469,ACC-00003,14927.37,2026-09-04 23:00:53,0,normal,NONE
TX-002703,ACC-01910,ACC-01164,8274.24,2026-09-06 12:16:38,0,normal,NONE
TX-007923,ACC-00203,ACC-00644,17803.24,2026-09-05 11:14:33,0,normal,NONE
TX-000332,ACC-00100,ACC-00104,5078.79,2026-09-08 17:34:00,0,normal,NONE
TX-003809,ACC-00420,ACC-00686,9646.73,2026-09-05 21:53:16,0,normal,NONE
TX-000936,ACC-00868,ACC-00749,6282.58,2026-09-06 19:38:41,0,normal,NONE
TX-001775,ACC-01711,ACC-01748,9935.98,2026-09-07 15:13:52,0,normal,NONE
TX-010436,ACC-01760,ACC-00550,10678.0,2026-09-08 18:13:41,0,normal,NONE
TX-008612,ACC-00130,ACC-01077,13867.07,2026-09-09 16:56:13,0,normal,NONE
TX-012124,FRAUD-05-NEXTHOP,FRAUD-05-OUT-07,10499.72,2026-09-06 16:54:00,1,fan_out,NET-05
TX-000990,ACC-00180,ACC-00101,1977.8,2026-09-03 13:43:18,0,normal,NONE
TX-005444,ACC-01285,ACC-01190,11049.59,2026-09-09 22:00:38,0,normal,NONE
TX-011040,ACC-01632,ACC-01664,11481.25,2026-09-08 14:19:19,0,normal,NONE
TX-006994,ACC-01538,ACC-00793,1971.2,2026-09-06 16:45:59,0,normal,NONE
TX-011328,ACC-01064,ACC-00967,14699.56,2026-09-09 22:59:29,0,normal,NONE
TX-005807,ACC-01016,ACC-00930,6254.61,2026-09-03 19:45:55,0,normal,NONE
TX-011578,ACC-01909,ACC-01427,17933.19,2026-09-08 17:08:24,0,normal,NONE
TX-011532,ACC-01384,ACC-01179,9476.8,2026-09-07 21:31:51,0,normal,NONE
TX-006575,ACC-01254,ACC-00976,17800.49,2026-09-05 10:47:19,0,normal,NONE
TX-003053,ACC-00244,ACC-00929,8620.22,2026-09-01 20:55:31,0,normal,NONE
TX-011447,ACC-01541,ACC-01169,9361.55,2026-09-05 20:01:25,0,normal,NONE
TX-008366,ACC-00877,ACC-00757,12626.5,2026-09-06 17:27:47,0,normal,NONE
TX-004616,ACC-00995,ACC-00606,17123.99,2026-09-03 12:01:19,0,normal,NONE
TX-003322,ACC-01766,ACC-01493,17757.19,2026-09-09 20:45:16,0,normal,NONE
TX-010071,ACC-01086,ACC-01402,5057.09,2026-09-03 09:37:11,0,normal,NONE
TX-006247,ACC-00346,ACC-00638,6999.3,2026-09-08 10:19:59,0,normal,NONE
TX-006049,ACC-01439,ACC-00616,9050.79,2026-09-09 12:12:47,0,normal,NONE
TX-003312,ACC-00812,ACC-00903,8545.59,2026-09-05 10:53:27,0,normal,NONE
TX-010314,ACC-01847,ACC-00238,2041.43,2026-09-09 18:39:16,0,normal,NONE
TX-010431,ACC-00244,ACC-00709,1708.74,2026-09-02 16:26:08,0,normal,NONE
TX-012427,ACC-01898,ACC-00688,68243.28,2026-09-08 18:22:00,0,normal_high_value,NONE
TX-008211,ACC-00932,ACC-01636,7823.1,2026-09-04 17:15:07,0,normal,NONE
TX-003629,ACC-01094,ACC-00578,12832.76,2026-09-09 12:15:31,0,normal,NONE
TX-011736,ACC-01149,ACC-01793,1126.41,2026-09-01 21:03:59,0,normal,NONE
TX-001357,ACC-00394,ACC-00962,6202.38,2026-09-04 15:37:58,0,normal,NONE
TX-005003,ACC-01317,ACC-01886,9076.8,2026-09-06 12:58:55,0,normal,NONE
TX-011031,ACC-01610,ACC-00794,10606.49,2026-09-08 11:44:27,0,normal,NONE
TX-005824,ACC-00231,ACC-00434,11171.31,2026-09-02 21:50:01,0,normal,NONE
TX-012593,ACC-01311,ACC-01827,41057.84,2026-09-06 19:30:00,0,normal_high_value,NONE
TX-005671,ACC-01620,ACC-01236,8531.21,2026-09-08 18:40:14,0,normal,NONE
TX-003113,ACC-00418,ACC-01298,11401.43,2026-09-09 13:43:06,0,normal,NONE
TX-000183,ACC-01850,ACC-00587,13967.82,2026-09-04 19:14:40,0,normal,NONE
TX-011731,ACC-00391,ACC-00228,1360.67,2026-09-07 18:40:43,0,normal,NONE
TX-000856,ACC-00704,ACC-00468,5656.41,2026-09-05 16:38:41,0,normal,NONE
TX-011168,ACC-00266,ACC-00546,14389.62,2026-09-08 15:05:19,0,normal,NONE
TX-004913,ACC-01119,ACC-01749,7377.76,2026-09-06 21:22:33,0,normal,NONE
TX-011318,ACC-01820,ACC-01704,1269.7,2026-09-08 12:58:05,0,normal,NONE
TX-001801,ACC-01586,ACC-01399,6989.66,2026-09-04 10:09:36,0,normal,NONE
TX-012263,ACC-01175,ACC-01917,49355.18,2026-09-01 17:50:00,0,normal_high_value,NONE
TX-005483,ACC-00974,ACC-01425,15121.91,2026-09-02 20:25:47,0,normal,NONE
TX-011038,ACC-00291,ACC-00785,11575.93,2026-09-09 23:28:14,0,normal,NONE
TX-001969,ACC-00581,ACC-00937,2179.87,2026-09-07 08:37:19,0,normal,NONE
TX-011030,ACC-00050,ACC-01573,5055.71,2026-09-04 15:28:46,0,normal,NONE
TX-010791,ACC-00428,ACC-01483,4994.82,2026-09-04 23:06:01,0,normal,NONE
TX-004698,ACC-00893,ACC-00192,1938.52,2026-09-09 20:27:51,0,normal,NONE
TX-004988,ACC-00788,ACC-01007,11926.11,2026-09-05 13:13:18,0,normal,NONE
TX-004651,ACC-00147,ACC-01808,17738.06,2026-09-04 12:02:06,0,normal,NONE
TX-001160,ACC-01321,ACC-00044,5261.47,2026-09-02 08:55:51,0,normal,NONE
TX-009406,ACC-00540,ACC-01304,9457.25,2026-09-06 22:22:39,0,normal,NONE
TX-010266,ACC-01529,ACC-00161,2870.93,2026-09-05 11:18:21,0,normal,NONE
TX-001326,ACC-00825,ACC-00584,11656.08,2026-09-03 11:19:31,0,normal,NONE
TX-010428,ACC-01401,ACC-01156,14820.05,2026-09-09 14:56:58,0,normal,NONE
TX-004797,ACC-01969,ACC-01224,6627.27,2026-09-07 23:16:03,0,normal,NONE
TX-006797,ACC-01121,ACC-01860,4267.92,2026-09-01 19:06:05,0,normal,NONE
TX-005809,ACC-00428,ACC-00241,7110.84,2026-09-04 23:41:32,0,normal,NONE
TX-013075,ACC-01184,ACC-01204,54670.3,2026-09-08 14:55:00,0,normal_high_value,NONE
TX-001456,ACC-01962,ACC-00153,16507.57,2026-09-04 13:21:19,0,normal,NONE
TX-005411,ACC-01546,ACC-00794,2763.82,2026-09-08 14:22:06,0,normal,NONE
TX-008334,ACC-00782,ACC-01634,151.09,2026-09-08 13:35:56,0,normal,NONE
TX-002801,ACC-01204,ACC-01793,2136.57,2026-09-02 22:08:09,0,normal,NONE
TX-009837,ACC-01516,ACC-01768,3225.94,2026-09-06 14:38:59,0,normal,NONE
TX-007617,ACC-00369,ACC-01860,14122.78,2026-09-05 12:00:38,0,normal,NONE
TX-011851,ACC-00311,ACC-00157,14648.6,2026-09-02 11:33:37,0,normal,NONE
TX-007816,ACC-01869,ACC-00970,9973.67,2026-09-03 17:23:23,0,normal,NONE
TX-004379,ACC-01550,ACC-00574,3000.12,2026-09-07 23:18:59,0,normal,NONE
TX-008922,ACC-00299,ACC-01206,4618.36,2026-09-08 21:07:07,0,normal,NONE
TX-010539,ACC-00999,ACC-00499,17189.56,2026-09-07 23:48:23,0,normal,NONE
TX-006717,ACC-00588,ACC-01680,6826.17,2026-09-07 17:52:49,0,normal,NONE
TX-003737,ACC-01403,ACC-01609,5875.73,2026-09-04 21:20:10,0,normal,NONE
TX-002262,ACC-00909,ACC-00496,14345.63,2026-09-08 11:51:38,0,normal,NONE
TX-007430,ACC-00408,ACC-01098,7116.09,2026-09-06 21:02:59,0,normal,NONE
TX-004006,ACC-01601,ACC-01080,4688.9,2026-09-03 23:13:55,0,normal,NONE
TX-009303,ACC-01877,ACC-01085,3421.63,2026-09-08 19:22:43,0,normal,NONE
TX-011890,ACC-01995,ACC-01935,13956.17,2026-09-04 10:49:30,0,normal,NONE
TX-002395,ACC-00612,ACC-01684,2265.06,2026-09-08 12:04:56,0,normal,NONE
TX-001186,ACC-01547,ACC-01874,2481.95,2026-09-03 20:18:35,0,normal,NONE
TX-002008,ACC-01425,ACC-00257,7746.34,2026-09-07 12:07:28,0,normal,NONE
TX-000194,ACC-00454,ACC-01327,1156.64,2026-09-08 17:41:26,0,normal,NONE
TX-008771,ACC-00623,ACC-00622,4605.2,2026-09-04 22:57:14,0,normal,NONE
TX-005526,ACC-01433,ACC-00300,10413.1,2026-09-03 16:40:35,0,normal,NONE
TX-000772,ACC-01816,ACC-01284,1394.79,2026-09-02 08:54:32,0,normal,NONE
TX-001479,ACC-00490,ACC-00985,13227.86,2026-09-06 20:13:25,0,normal,NONE
TX-001847,ACC-00881,ACC-00496,10012.2,2026-09-07 14:39:41,0,normal,NONE
TX-003741,ACC-00808,ACC-00262,11858.25,2026-09-02 10:59:45,0,normal,NONE
TX-010587,ACC-01623,ACC-01103,4196.16,2026-09-09 21:50:40,0,normal,NONE
TX-007987,ACC-00391,ACC-01271,10608.73,2026-09-07 14:24:36,0,normal,NONE
TX-000406,ACC-00190,ACC-01097,13048.03,2026-09-04 09:17:24,0,normal,NONE
TX-012641,ACC-00971,ACC-01979,29701.18,2026-09-05 16:57:00,0,normal_high_value,NONE
TX-011331,ACC-00015,ACC-00029,13347.42,2026-09-08 22:39:27,0,normal,NONE
TX-006318,ACC-01243,ACC-01576,9876.57,2026-09-04 10:31:37,0,normal,NONE
TX-006582,ACC-00430,ACC-00155,14635.22,2026-09-09 22:22:07,0,normal,NONE
TX-001448,ACC-00397,ACC-01352,13303.89,2026-09-03 10:37:08,0,normal,NONE
TX-000343,ACC-01486,ACC-01787,12391.02,2026-09-01 23:16:41,0,normal,NONE
TX-007469,ACC-01851,ACC-00475,11743.48,2026-09-02 18:49:31,0,normal,NONE
TX-000728,ACC-00067,ACC-00735,14656.19,2026-09-02 15:47:41,0,normal,NONE
TX-004578,ACC-01488,ACC-01539,9985.32,2026-09-08 11:14:23,0,normal,NONE
TX-009169,ACC-01183,ACC-01393,8644.25,2026-09-01 12:51:53,0,normal,NONE
TX-009251,ACC-01353,ACC-00867,3623.88,2026-09-08 19:36:55,0,normal,NONE
TX-003517,ACC-00365,ACC-01494,2321.86,2026-09-05 13:20:29,0,normal,NONE
TX-011774,ACC-01961,ACC-00966,8134.5,2026-09-02 11:00:50,0,normal,NONE
TX-010686,ACC-00945,ACC-01546,16523.52,2026-09-05 17:25:01,0,normal,NONE
TX-007157,ACC-01559,ACC-01206,17150.7,2026-09-01 21:29:34,0,normal,NONE
TX-007852,ACC-00430,ACC-01850,9767.24,2026-09-01 17:11:31,0,normal,NONE
TX-009492,ACC-00349,ACC-00793,13478.35,2026-09-03 11:33:02,0,normal,NONE
TX-001349,ACC-01514,ACC-01439,8025.88,2026-09-08 23:01:55,0,normal,NONE
TX-000661,ACC-01829,ACC-01857,17759.95,2026-09-03 18:55:45,0,normal,NONE
TX-001493,ACC-01620,ACC-01359,11075.66,2026-09-03 20:48:56,0,normal,NONE
TX-010849,ACC-01786,ACC-00467,1821.89,2026-09-06 09:32:04,0,normal,NONE
TX-011301,ACC-00197,ACC-01924,12187.53,2026-09-06 13:10:11,0,normal,NONE
TX-005155,ACC-00741,ACC-00668,5467.8,2026-09-05 14:40:53,0,normal,NONE
TX-009886,ACC-01456,ACC-00828,1307.93,2026-09-02 08:36:58,0,normal,NONE
TX-012699,ACC-00330,ACC-01277,69240.12,2026-09-05 16:10:00,0,normal_high_value,NONE
TX-009278,ACC-01178,ACC-00262,2110.56,2026-09-04 18:02:40,0,normal,NONE
TX-002525,ACC-01132,ACC-01288,8462.83,2026-09-05 15:07:42,0,normal,NONE
TX-010211,ACC-00814,ACC-01000,2250.34,2026-09-08 13:18:39,0,normal,NONE
TX-011225,ACC-01317,ACC-00291,7755.31,2026-09-08 16:51:21,0,normal,NONE
TX-005375,ACC-00442,ACC-01419,17359.05,2026-09-01 09:47:48,0,normal,NONE
TX-003199,ACC-00684,ACC-00408,17995.66,2026-09-04 20:10:52,0,normal,NONE
TX-005718,ACC-01791,ACC-00722,7542.29,2026-09-02 11:08:40,0,normal,NONE
TX-010093,ACC-01460,ACC-01676,6196.95,2026-09-08 18:41:38,0,normal,NONE
TX-012058,FRAUD-03-SRC-08,FRAUD-03-COLLECTOR,12581.46,2026-09-02 09:14:00,1,funneling,NET-03
TX-010892,ACC-01149,ACC-00460,1594.2,2026-09-09 08:44:01,0,normal,NONE
TX-008260,ACC-00358,ACC-00088,7907.31,2026-09-05 21:06:55,0,normal,NONE
TX-010651,ACC-00514,ACC-00916,12285.43,2026-09-07 11:49:11,0,normal,NONE
TX-000041,ACC-01108,ACC-01713,285.35,2026-09-02 15:10:26,0,normal,NONE
TX-012467,ACC-01125,ACC-00834,77863.22,2026-09-02 20:20:00,0,normal_high_value,NONE
TX-006817,ACC-01022,ACC-00358,17612.89,2026-09-03 14:13:40,0,normal,NONE
TX-010187,ACC-01520,ACC-01409,2154.23,2026-09-03 08:55:32,0,normal,NONE
TX-010810,ACC-00508,ACC-01426,2925.76,2026-09-07 23:31:12,0,normal,NONE
TX-002724,ACC-01243,ACC-00421,6725.84,2026-09-02 20:10:50,0,normal,NONE
TX-012175,FRAUD-07-NEXTHOP,FRAUD-07-OUT-08,13557.15,2026-09-07 16:55:00,1,fan_out,NET-07
TX-011362,ACC-00464,ACC-00142,16261.36,2026-09-07 19:58:17,0,normal,NONE
TX-009336,ACC-00192,ACC-00286,10731.65,2026-09-09 09:47:55,0,normal,NONE
TX-012898,ACC-01044,ACC-00415,29834.1,2026-09-06 11:07:00,0,normal_high_value,NONE
TX-007156,ACC-01490,ACC-01003,3646.66,2026-09-08 22:02:17,0,normal,NONE
TX-011220,ACC-01208,ACC-01356,15350.28,2026-09-08 11:48:59,0,normal,NONE
TX-012223,FRAUD-09-NEXTHOP,FRAUD-09-OUT-06,13645.71,2026-09-04 18:53:00,1,fan_out,NET-09
TX-007231,ACC-00305,ACC-01923,12604.43,2026-09-07 18:15:09,0,normal,NONE
TX-005076,ACC-00513,ACC-00275,14405.11,2026-09-02 20:34:09,0,normal,NONE
TX-007881,ACC-00050,ACC-01594,5599.82,2026-09-09 21:59:24,0,normal,NONE
TX-005395,ACC-00425,ACC-00622,4496.01,2026-09-02 09:58:40,0,normal,NONE
TX-009642,ACC-01935,ACC-00747,17491.96,2026-09-03 16:29:25,0,normal,NONE
TX-012576,ACC-01517,ACC-01040,24797.08,2026-09-07 14:10:00,0,normal_high_value,NONE
TX-007790,ACC-01550,ACC-01013,17940.48,2026-09-07 21:03:54,0,normal,NONE
TX-012377,ACC-00608,ACC-00288,75737.0,2026-09-04 19:39:00,0,normal_high_value,NONE
TX-004089,ACC-00364,ACC-00276,2902.59,2026-09-08 10:05:37,0,normal,NONE
TX-001968,ACC-01429,ACC-01639,1949.9,2026-09-07 21:09:01,0,normal,NONE
TX-012113,FRAUD-05-SRC-13,FRAUD-05-COLLECTOR,3149.98,2026-09-06 16:24:00,1,funneling,NET-05
TX-011662,ACC-01091,ACC-01817,9211.9,2026-09-06 21:23:47,0,normal,NONE
TX-012714,ACC-00468,ACC-01679,28917.15,2026-09-08 19:02:00,0,normal_high_value,NONE
TX-007000,ACC-01218,ACC-00710,12970.33,2026-09-08 14:09:13,0,normal,NONE
TX-000424,ACC-01090,ACC-01130,7415.87,2026-09-01 16:34:18,0,normal,NONE
TX-012281,ACC-01386,ACC-00070,78903.64,2026-09-04 16:13:00,0,normal_high_value,NONE
TX-010097,ACC-00650,ACC-01232,13059.22,2026-09-07 15:36:17,0,normal,NONE
TX-012596,ACC-01194,ACC-00776,56783.0,2026-09-04 09:10:00,0,normal_high_value,NONE
TX-013238,ACC-01995,ACC-01322,64190.32,2026-09-07 14:16:00,0,normal_high_value,NONE
TX-006143,ACC-00644,ACC-00212,845.09,2026-09-03 21:23:33,0,normal,NONE
TX-005662,ACC-01484,ACC-01944,1005.56,2026-09-05 09:18:14,0,normal,NONE
TX-009032,ACC-00068,ACC-00677,210.78,2026-09-06 21:49:52,0,normal,NONE
TX-004597,ACC-00101,ACC-01413,5378.71,2026-09-03 21:00:24,0,normal,NONE
TX-002660,ACC-00691,ACC-00495,10872.89,2026-09-08 09:20:19,0,normal,NONE
TX-000142,ACC-00461,ACC-01327,2698.83,2026-09-05 12:04:03,0,normal,NONE
TX-002598,ACC-01462,ACC-00271,8950.25,2026-09-02 12:09:06,0,normal,NONE
TX-006702,ACC-01897,ACC-01447,7060.9,2026-09-06 10:02:00,0,normal,NONE
TX-001378,ACC-00299,ACC-01578,198.88,2026-09-09 10:05:21,0,normal,NONE
TX-003675,ACC-01079,ACC-00198,11737.34,2026-09-09 14:07:47,0,normal,NONE
TX-009659,ACC-00222,ACC-00517,6463.04,2026-09-09 20:41:38,0,normal,NONE
TX-013111,ACC-00728,ACC-00717,57902.03,2026-09-06 11:46:00,0,normal_high_value,NONE
TX-006363,ACC-00677,ACC-01014,6343.9,2026-09-03 22:10:03,0,normal,NONE
TX-012408,ACC-00965,ACC-01631,87537.44,2026-09-04 22:41:00,0,normal_high_value,NONE
TX-004742,ACC-01104,ACC-00683,4764.38,2026-09-03 23:42:08,0,normal,NONE
TX-001139,ACC-00083,ACC-00964,13207.9,2026-09-09 09:27:33,0,normal,NONE
TX-007375,ACC-01832,ACC-01763,2679.19,2026-09-07 13:32:07,0,normal,NONE
TX-001788,ACC-01646,ACC-00761,11646.72,2026-09-04 16:06:06,0,normal,NONE
TX-012065,FRAUD-03-SRC-15,FRAUD-03-COLLECTOR,7774.73,2026-09-02 09:28:00,1,funneling,NET-03
TX-004647,ACC-01440,ACC-01429,1335.23,2026-09-03 16:27:22,0,normal,NONE
TX-007569,ACC-01668,ACC-00011,3473.17,2026-09-01 11:41:50,0,normal,NONE
TX-000460,ACC-01225,ACC-00982,10488.75,2026-09-09 21:34:02,0,normal,NONE
TX-006116,ACC-01560,ACC-00397,8256.08,2026-09-07 17:14:43,0,normal,NONE
TX-008180,ACC-00521,ACC-00277,14609.88,2026-09-03 16:13:26,0,normal,NONE
TX-000949,ACC-01026,ACC-01980,8254.59,2026-09-01 09:15:59,0,normal,NONE
TX-009529,ACC-00758,ACC-00129,1689.04,2026-09-09 12:20:27,0,normal,NONE
TX-006371,ACC-00715,ACC-00571,15150.05,2026-09-03 11:58:00,0,normal,NONE
TX-004629,ACC-01626,ACC-01597,6207.43,2026-09-04 12:47:14,0,normal,NONE
TX-007359,ACC-01366,ACC-00310,13824.66,2026-09-09 13:38:59,0,normal,NONE
TX-005926,ACC-00323,ACC-00892,5222.79,2026-09-06 14:45:09,0,normal,NONE
TX-006041,ACC-01858,ACC-01640,15448.98,2026-09-08 23:37:48,0,normal,NONE
TX-000442,ACC-00219,ACC-00188,113.41,2026-09-05 22:23:48,0,normal,NONE
TX-006660,ACC-01920,ACC-00928,17238.47,2026-09-09 14:41:32,0,normal,NONE
TX-009795,ACC-00728,ACC-01867,4683.36,2026-09-05 12:59:10,0,normal,NONE
TX-008832,ACC-00630,ACC-00900,14497.78,2026-09-02 11:22:28,0,normal,NONE
TX-009047,ACC-00804,ACC-01742,11446.46,2026-09-06 13:54:24,0,normal,NONE
TX-003831,ACC-00275,ACC-00015,4848.19,2026-09-05 10:01:03,0,normal,NONE
TX-012449,ACC-00815,ACC-00142,20439.91,2026-09-04 11:34:00,0,normal_high_value,NONE
TX-006145,ACC-00597,ACC-01894,7114.34,2026-09-05 21:17:44,0,normal,NONE
TX-011992,ACC-00299,ACC-01192,2246.89,2026-09-07 11:20:52,0,normal,NONE
TX-006345,ACC-00482,ACC-00764,6971.58,2026-09-08 11:11:22,0,normal,NONE
TX-001959,ACC-01384,ACC-01311,15343.56,2026-09-05 17:46:59,0,normal,NONE
TX-009263,ACC-00524,ACC-01201,6371.57,2026-09-02 09:51:18,0,normal,NONE
TX-000156,ACC-01132,ACC-00836,1695.9,2026-09-02 22:07:41,0,normal,NONE
TX-012180,FRAUD-08-SRC-05,FRAUD-08-COLLECTOR,7303.6,2026-09-07 09:08:00,1,funneling,NET-08
TX-004579,ACC-01823,ACC-01602,1850.0,2026-09-02 15:22:42,0,normal,NONE
TX-001090,ACC-01108,ACC-01575,7773.94,2026-09-02 22:45:16,0,normal,NONE
TX-006050,ACC-01551,ACC-01012,14834.89,2026-09-03 18:19:18,0,normal,NONE
TX-012136,FRAUD-06-SRC-11,FRAUD-06-COLLECTOR,5041.96,2026-09-03 13:20:00,1,funneling,NET-06
TX-009123,ACC-00329,ACC-01039,13608.12,2026-09-03 14:07:13,0,normal,NONE
TX-007951,ACC-01718,ACC-01850,17171.51,2026-09-09 23:21:22,0,normal,NONE
TX-001675,ACC-01519,ACC-01389,17424.65,2026-09-09 20:30:37,0,normal,NONE
TX-006764,ACC-00072,ACC-01708,2040.9,2026-09-06 08:57:54,0,normal,NONE
TX-011095,ACC-01558,ACC-00516,17295.57,2026-09-08 09:14:36,0,normal,NONE
TX-006417,ACC-00637,ACC-01583,2440.39,2026-09-04 23:40:45,0,normal,NONE
TX-012675,ACC-00259,ACC-01292,50106.82,2026-09-01 20:34:00,0,normal_high_value,NONE
TX-002327,ACC-00765,ACC-00034,10191.55,2026-09-01 18:50:34,0,normal,NONE
TX-007097,ACC-01575,ACC-00769,7778.96,2026-09-03 16:23:53,0,normal,NONE
TX-011377,ACC-00700,ACC-00917,15953.48,2026-09-03 14:34:27,0,normal,NONE
TX-010429,ACC-01482,ACC-00657,256.53,2026-09-04 17:34:40,0,normal,NONE
TX-006451,ACC-01623,ACC-01789,9483.38,2026-09-04 19:55:19,0,normal,NONE
TX-001716,ACC-00126,ACC-01045,7698.77,2026-09-01 17:07:17,0,normal,NONE
TX-009891,ACC-01958,ACC-00989,13266.05,2026-09-02 10:11:03,0,normal,NONE
TX-009173,ACC-00510,ACC-01213,17635.81,2026-09-07 13:19:51,0,normal,NONE
TX-008382,ACC-01096,ACC-00559,6826.95,2026-09-04 16:17:57,0,normal,NONE
TX-009434,ACC-00855,ACC-01055,14566.85,2026-09-03 21:52:23,0,normal,NONE
TX-003832,ACC-01449,ACC-01414,8915.57,2026-09-05 11:36:13,0,normal,NONE
TX-006300,ACC-00858,ACC-00678,8525.98,2026-09-01 22:37:18,0,normal,NONE
TX-003349,ACC-01645,ACC-01212,7729.0,2026-09-06 22:54:04,0,normal,NONE
TX-012614,ACC-01138,ACC-00088,57574.19,2026-09-07 13:17:00,0,normal_high_value,NONE
TX-009178,ACC-01260,ACC-00697,4255.3,2026-09-02 08:24:54,0,normal,NONE
TX-010014,ACC-01647,ACC-00113,13777.56,2026-09-05 16:04:22,0,normal,NONE
TX-000588,ACC-01202,ACC-01444,16511.69,2026-09-02 19:04:23,0,normal,NONE
TX-009347,ACC-01430,ACC-00987,7029.33,2026-09-08 17:41:28,0,normal,NONE
TX-012618,ACC-00698,ACC-01244,60155.8,2026-09-06 17:07:00,0,normal_high_value,NONE
TX-010092,ACC-01441,ACC-01382,13154.39,2026-09-03 17:16:57,0,normal,NONE
TX-002991,ACC-00541,ACC-00595,13498.95,2026-09-01 11:15:19,0,normal,NONE
TX-012300,ACC-01112,ACC-00177,48775.14,2026-09-01 14:21:00,0,normal_high_value,NONE
TX-013120,ACC-01391,ACC-00205,64755.49,2026-09-03 15:13:00,0,normal_high_value,NONE
TX-011748,ACC-01467,ACC-01897,7378.6,2026-09-05 18:48:25,0,normal,NONE
TX-009588,ACC-00364,ACC-00202,650.43,2026-09-02 23:08:31,0,normal,NONE
TX-000265,ACC-01703,ACC-01419,13884.34,2026-09-03 22:02:26,0,normal,NONE
TX-011886,ACC-01611,ACC-00097,3989.11,2026-09-06 09:29:29,0,normal,NONE
TX-006789,ACC-00057,ACC-00917,5815.89,2026-09-06 08:33:16,0,normal,NONE
TX-011281,ACC-00043,ACC-01453,12572.73,2026-09-01 20:53:15,0,normal,NONE
TX-010132,ACC-01599,ACC-01579,16266.14,2026-09-03 14:46:15,0,normal,NONE
TX-003865,ACC-00829,ACC-01552,12662.07,2026-09-09 21:16:30,0,normal,NONE
TX-006275,ACC-00419,ACC-01123,1742.28,2026-09-07 09:58:47,0,normal,NONE
TX-011500,ACC-01863,ACC-00627,16993.3,2026-09-07 14:51:42,0,normal,NONE
TX-012988,ACC-00401,ACC-00821,45609.08,2026-09-06 10:37:00,0,normal_high_value,NONE
TX-003712,ACC-01591,ACC-01197,9616.0,2026-09-05 17:20:00,0,normal,NONE
TX-008439,ACC-01084,ACC-00286,6160.15,2026-09-02 23:54:52,0,normal,NONE
TX-009787,ACC-01756,ACC-00394,16889.45,2026-09-04 18:11:04,0,normal,NONE
TX-001530,ACC-01801,ACC-01006,8294.48,2026-09-01 10:18:41,0,normal,NONE
TX-010871,ACC-00761,ACC-01478,7902.07,2026-09-05 12:55:53,0,normal,NONE
TX-000924,ACC-00355,ACC-01000,14866.18,2026-09-02 17:02:46,0,normal,NONE
TX-010411,ACC-00531,ACC-00929,4724.21,2026-09-02 10:25:02,0,normal,NONE
TX-007330,ACC-01551,ACC-00404,6975.7,2026-09-06 12:56:23,0,normal,NONE
TX-004365,ACC-00951,ACC-00420,6383.8,2026-09-07 23:19:32,0,normal,NONE
TX-000670,ACC-01491,ACC-01066,10742.73,2026-09-06 21:56:43,0,normal,NONE
TX-003605,ACC-01838,ACC-00289,10252.07,2026-09-05 20:48:37,0,normal,NONE
TX-005109,ACC-00306,ACC-01215,16038.72,2026-09-06 13:55:56,0,normal,NONE
TX-010103,ACC-00227,ACC-01528,140.39,2026-09-04 22:52:10,0,normal,NONE
TX-011928,ACC-00267,ACC-00575,118.2,2026-09-04 10:39:21,0,normal,NONE
TX-005249,ACC-00363,ACC-00542,10450.99,2026-09-07 22:21:58,0,normal,NONE
TX-007184,ACC-01893,ACC-00423,13372.68,2026-09-05 23:36:52,0,normal,NONE
TX-002592,ACC-01217,ACC-00910,13657.14,2026-09-02 16:29:17,0,normal,NONE
TX-005907,ACC-00178,ACC-00887,9278.63,2026-09-03 12:17:29,0,normal,NONE
TX-009974,ACC-00419,ACC-00574,17168.21,2026-09-03 23:34:23,0,normal,NONE
TX-006510,ACC-00873,ACC-01573,17597.19,2026-09-04 12:15:05,0,normal,NONE
TX-007134,ACC-00349,ACC-00215,1087.18,2026-09-01 23:16:18,0,normal,NONE
TX-002308,ACC-00684,ACC-01489,6383.73,2026-09-06 22:19:27,0,normal,NONE
TX-008805,ACC-01337,ACC-00496,7510.03,2026-09-09 18:04:28,0,normal,NONE
TX-003691,ACC-00383,ACC-00945,13274.37,2026-09-02 23:20:45,0,normal,NONE
TX-000688,ACC-01359,ACC-01326,3085.81,2026-09-06 22:39:17,0,normal,NONE
TX-000613,ACC-00540,ACC-00464,15070.68,2026-09-01 12:48:44,0,normal,NONE
TX-007168,ACC-00244,ACC-00066,4761.15,2026-09-06 22:35:58,0,normal,NONE
TX-010466,ACC-01911,ACC-01987,4219.33,2026-09-08 08:29:40,0,normal,NONE
TX-003201,ACC-00895,ACC-01686,2697.47,2026-09-06 10:33:15,0,normal,NONE
TX-006630,ACC-01037,ACC-00741,15885.17,2026-09-02 16:06:46,0,normal,NONE
TX-004136,ACC-01305,ACC-00620,10286.61,2026-09-03 11:44:29,0,normal,NONE
TX-001899,ACC-01583,ACC-01497,8699.06,2026-09-02 16:49:18,0,normal,NONE
TX-000283,ACC-00176,ACC-01073,17544.29,2026-09-02 08:24:55,0,normal,NONE
TX-000259,ACC-01357,ACC-00803,2338.55,2026-09-02 17:35:24,0,normal,NONE
TX-012490,ACC-01646,ACC-00761,63944.39,2026-09-02 10:53:00,0,normal_high_value,NONE
TX-004944,ACC-00928,ACC-00059,8618.38,2026-09-03 11:30:42,0,normal,NONE
TX-002823,ACC-01964,ACC-00156,14446.99,2026-09-05 21:01:32,0,normal,NONE
TX-003526,ACC-00390,ACC-01831,9409.38,2026-09-03 08:18:23,0,normal,NONE
TX-012800,ACC-00975,ACC-00106,89395.13,2026-09-08 19:38:00,0,normal_high_value,NONE
TX-005224,ACC-00513,ACC-01631,14360.91,2026-09-01 23:41:00,0,normal,NONE
TX-002286,ACC-00556,ACC-01134,17310.58,2026-09-09 10:51:03,0,normal,NONE
TX-006064,ACC-01777,ACC-01224,6887.48,2026-09-05 19:45:29,0,normal,NONE
TX-008079,ACC-01422,ACC-00570,4624.1,2026-09-03 10:15:33,0,normal,NONE
TX-004655,ACC-01000,ACC-00375,17881.75,2026-09-06 19:14:51,0,normal,NONE
TX-005001,ACC-00174,ACC-00045,13860.65,2026-09-03 22:35:36,0,normal,NONE
TX-006711,ACC-00763,ACC-00447,730.07,2026-09-01 09:57:03,0,normal,NONE
TX-012362,ACC-01062,ACC-01531,60162.0,2026-09-03 15:43:00,0,normal_high_value,NONE
TX-008677,ACC-00306,ACC-01822,15157.0,2026-09-05 14:50:07,0,normal,NONE
TX-005417,ACC-01058,ACC-01743,11330.02,2026-09-09 08:21:04,0,normal,NONE
TX-000476,ACC-01374,ACC-01767,8820.92,2026-09-06 20:39:25,0,normal,NONE
TX-002556,ACC-01983,ACC-01400,4544.99,2026-09-03 10:03:04,0,normal,NONE
TX-008088,ACC-01006,ACC-00405,15958.91,2026-09-06 08:00:26,0,normal,NONE
TX-000008,ACC-01099,ACC-00256,17516.62,2026-09-07 10:35:18,0,normal,NONE
TX-006412,ACC-01113,ACC-00514,16814.87,2026-09-01 12:09:56,0,normal,NONE
TX-012597,ACC-01613,ACC-01638,55118.84,2026-09-08 21:31:00,0,normal_high_value,NONE
TX-011806,ACC-01039,ACC-01029,229.88,2026-09-03 16:09:03,0,normal,NONE
TX-005547,ACC-01405,ACC-01120,5187.35,2026-09-06 08:06:21,0,normal,NONE
TX-002427,ACC-00054,ACC-01013,4055.95,2026-09-04 15:56:14,0,normal,NONE
TX-006745,ACC-01491,ACC-01397,4883.27,2026-09-03 14:49:43,0,normal,NONE
TX-010007,ACC-01363,ACC-00386,1049.14,2026-09-08 08:36:39,0,normal,NONE
TX-012759,ACC-01095,ACC-00751,39943.19,2026-09-09 09:27:00,0,normal_high_value,NONE
TX-002275,ACC-00760,ACC-01155,6541.78,2026-09-05 17:45:10,0,normal,NONE
TX-009204,ACC-01020,ACC-00895,7530.12,2026-09-06 18:43:31,0,normal,NONE
TX-001578,ACC-00360,ACC-00527,6860.5,2026-09-05 22:18:24,0,normal,NONE
TX-007265,ACC-00723,ACC-01157,9832.15,2026-09-09 11:37:11,0,normal,NONE
TX-009260,ACC-01941,ACC-00353,3124.73,2026-09-01 12:11:56,0,normal,NONE
TX-010184,ACC-01822,ACC-00203,6732.0,2026-09-09 14:13:58,0,normal,NONE
TX-003971,ACC-00591,ACC-01110,15397.92,2026-09-09 10:14:01,0,normal,NONE
TX-005880,ACC-01181,ACC-00937,6551.07,2026-09-05 13:46:49,0,normal,NONE
TX-011154,ACC-01299,ACC-01292,6040.71,2026-09-02 17:40:50,0,normal,NONE
TX-012366,ACC-01299,ACC-01311,34862.49,2026-09-05 09:54:00,0,normal_high_value,NONE
TX-007194,ACC-00121,ACC-00096,5297.44,2026-09-04 11:26:43,0,normal,NONE
TX-003868,ACC-00531,ACC-00049,9210.87,2026-09-04 22:52:42,0,normal,NONE
TX-012488,ACC-00713,ACC-01442,23586.03,2026-09-02 10:38:00,0,normal_high_value,NONE
TX-006824,ACC-00830,ACC-00341,14206.83,2026-09-03 23:15:21,0,normal,NONE
TX-007549,ACC-01193,ACC-00605,5709.51,2026-09-05 09:21:48,0,normal,NONE
TX-000782,ACC-01298,ACC-01700,4937.45,2026-09-05 13:24:41,0,normal,NONE
TX-001750,ACC-00282,ACC-01489,13512.99,2026-09-01 11:24:24,0,normal,NONE
TX-006520,ACC-00068,ACC-00739,15683.16,2026-09-03 10:43:19,0,normal,NONE
TX-005775,ACC-01454,ACC-00379,1683.71,2026-09-06 23:18:45,0,normal,NONE
TX-009284,ACC-01564,ACC-00113,5213.42,2026-09-05 17:08:43,0,normal,NONE
TX-009370,ACC-01733,ACC-01955,16116.19,2026-09-04 13:51:18,0,normal,NONE
TX-002325,ACC-01911,ACC-00048,2542.05,2026-09-07 21:25:51,0,normal,NONE
TX-010272,ACC-00550,ACC-00613,15048.21,2026-09-09 15:17:46,0,normal,NONE
TX-005056,ACC-01655,ACC-01063,15114.27,2026-09-02 20:29:22,0,normal,NONE
TX-011942,ACC-00954,ACC-00645,15151.2,2026-09-02 13:59:09,0,normal,NONE
TX-001728,ACC-00919,ACC-01290,12917.52,2026-09-07 10:30:26,0,normal,NONE
TX-000611,ACC-00543,ACC-00187,11560.76,2026-09-07 13:23:56,0,normal,NONE
TX-004667,ACC-00402,ACC-00600,16075.77,2026-09-08 08:18:58,0,normal,NONE
TX-005414,ACC-00261,ACC-00512,691.64,2026-09-04 17:02:23,0,normal,NONE
TX-008104,ACC-01341,ACC-01604,13983.42,2026-09-07 18:28:44,0,normal,NONE
TX-008175,ACC-01480,ACC-01974,12798.29,2026-09-08 11:43:58,0,normal,NONE
TX-008536,ACC-01107,ACC-01721,417.69,2026-09-08 13:01:53,0,normal,NONE
TX-003751,ACC-01084,ACC-01499,13385.43,2026-09-05 11:53:50,0,normal,NONE
TX-000098,ACC-01931,ACC-00721,5389.06,2026-09-07 21:34:47,0,normal,NONE
TX-006986,ACC-01027,ACC-00932,10006.97,2026-09-08 10:08:44,0,normal,NONE
TX-003138,ACC-00806,ACC-00594,4463.49,2026-09-01 18:16:55,0,normal,NONE
TX-001538,ACC-00425,ACC-01037,822.54,2026-09-01 10:40:44,0,normal,NONE
TX-003649,ACC-00328,ACC-01868,6469.3,2026-09-03 08:26:05,0,normal,NONE
TX-001518,ACC-01290,ACC-01637,10861.99,2026-09-07 20:13:25,0,normal,NONE
TX-012394,ACC-01911,ACC-01427,64973.95,2026-09-02 10:45:00,0,normal_high_value,NONE
TX-004625,ACC-01192,ACC-01328,6161.82,2026-09-02 20:09:11,0,normal,NONE
TX-006567,ACC-01246,ACC-00857,13859.86,2026-09-03 10:52:22,0,normal,NONE
TX-002091,ACC-00311,ACC-00993,14653.36,2026-09-08 17:08:12,0,normal,NONE
TX-007098,ACC-00652,ACC-00627,1321.22,2026-09-01 18:29:39,0,normal,NONE
TX-006172,ACC-01610,ACC-00799,14468.52,2026-09-05 15:47:05,0,normal,NONE
TX-007522,ACC-00907,ACC-01954,4084.12,2026-09-04 09:33:43,0,normal,NONE
TX-000573,ACC-01808,ACC-01128,8632.98,2026-09-02 16:24:08,0,normal,NONE
TX-012609,ACC-00635,ACC-00380,65233.73,2026-09-09 14:37:00,0,normal_high_value,NONE
TX-012020,FRAUD-01-NEXTHOP,FRAUD-01-OUT-03,11555.55,2026-09-05 13:50:00,1,fan_out,NET-01
TX-003063,ACC-01495,ACC-00471,11928.4,2026-09-09 21:46:38,0,normal,NONE
TX-000598,ACC-01476,ACC-00003,885.69,2026-09-08 21:10:56,0,normal,NONE
TX-006634,ACC-01154,ACC-01609,448.11,2026-09-08 11:13:55,0,normal,NONE
TX-012494,ACC-01567,ACC-01911,43205.16,2026-09-09 13:25:00,0,normal_high_value,NONE
TX-007876,ACC-01186,ACC-00981,15795.79,2026-09-04 15:43:48,0,normal,NONE
TX-007346,ACC-01115,ACC-00804,7943.19,2026-09-08 09:21:23,0,normal,NONE
TX-006305,ACC-00625,ACC-01115,9089.55,2026-09-06 11:03:38,0,normal,NONE
TX-010636,ACC-00613,ACC-00027,10967.72,2026-09-01 22:13:29,0,normal,NONE
TX-012512,ACC-00946,ACC-00147,24084.42,2026-09-07 11:02:00,0,normal_high_value,NONE
TX-010823,ACC-00223,ACC-00686,12469.05,2026-09-03 12:45:56,0,normal,NONE
TX-005977,ACC-01697,ACC-00620,2224.77,2026-09-09 15:13:13,0,normal,NONE
TX-008563,ACC-00544,ACC-01302,11287.66,2026-09-09 17:18:29,0,normal,NONE
TX-001939,ACC-01215,ACC-00253,976.42,2026-09-05 08:27:22,0,normal,NONE
TX-008101,ACC-00999,ACC-00184,4269.93,2026-09-08 23:00:33,0,normal,NONE
TX-001754,ACC-01556,ACC-01153,16065.18,2026-09-03 17:21:30,0,normal,NONE
TX-003671,ACC-00626,ACC-01414,1170.07,2026-09-05 13:39:16,0,normal,NONE
TX-010643,ACC-01461,ACC-00823,630.34,2026-09-03 12:53:37,0,normal,NONE
TX-002362,ACC-01658,ACC-01305,32.97,2026-09-08 23:57:57,0,normal,NONE
TX-004261,ACC-01088,ACC-01817,11546.46,2026-09-07 16:53:00,0,normal,NONE
TX-005433,ACC-00452,ACC-00537,1431.29,2026-09-02 14:48:04,0,normal,NONE
TX-006286,ACC-00916,ACC-00490,17396.35,2026-09-03 09:18:15,0,normal,NONE
TX-010438,ACC-00536,ACC-00659,5851.41,2026-09-06 08:05:08,0,normal,NONE
TX-012545,ACC-01737,ACC-01731,56880.09,2026-09-07 17:28:00,0,normal_high_value,NONE
TX-010388,ACC-01536,ACC-00280,796.81,2026-09-05 19:44:30,0,normal,NONE
TX-012629,ACC-00230,ACC-00975,44305.09,2026-09-03 17:03:00,0,normal_high_value,NONE
TX-010982,ACC-00044,ACC-01624,9275.71,2026-09-04 12:33:40,0,normal,NONE
TX-005592,ACC-01456,ACC-01766,10227.1,2026-09-01 22:51:38,0,normal,NONE
TX-001172,ACC-00606,ACC-00971,16129.67,2026-09-03 22:21:44,0,normal,NONE
TX-007928,ACC-00845,ACC-01830,7764.52,2026-09-02 09:14:23,0,normal,NONE
TX-010662,ACC-01446,ACC-00748,5561.03,2026-09-02 18:27:23,0,normal,NONE
TX-009615,ACC-01717,ACC-01856,5687.3,2026-09-08 15:06:18,0,normal,NONE
TX-012395,ACC-01474,ACC-00968,78935.41,2026-09-09 10:32:00,0,normal_high_value,NONE
TX-010716,ACC-00493,ACC-00685,13662.16,2026-09-04 18:05:29,0,normal,NONE
TX-012144,FRAUD-06-NEXTHOP,FRAUD-06-OUT-02,10537.21,2026-09-03 13:49:00,1,fan_out,NET-06
TX-000875,ACC-01090,ACC-01657,4853.42,2026-09-04 10:11:08,0,normal,NONE
TX-002298,ACC-00510,ACC-00699,4969.68,2026-09-09 17:40:28,0,normal,NONE
TX-012330,ACC-01030,ACC-00084,38037.65,2026-09-08 09:22:00,0,normal_high_value,NONE
TX-002644,ACC-01179,ACC-00009,4599.81,2026-09-09 13:47:14,0,normal,NONE
TX-012282,ACC-00245,ACC-01739,49988.47,2026-09-03 14:46:00,0,normal_high_value,NONE
TX-005348,ACC-00627,ACC-01958,4176.93,2026-09-07 08:17:20,0,normal,NONE
TX-009033,ACC-01704,ACC-00345,4293.19,2026-09-08 13:48:17,0,normal,NONE
TX-013165,ACC-00828,ACC-00427,22780.26,2026-09-03 19:33:00,0,normal_high_value,NONE
TX-000582,ACC-00652,ACC-01652,13291.13,2026-09-06 08:45:44,0,normal,NONE
TX-000205,ACC-01616,ACC-01845,10735.75,2026-09-05 12:08:34,0,normal,NONE
TX-007897,ACC-00207,ACC-01364,11008.41,2026-09-08 22:00:13,0,normal,NONE
TX-009834,ACC-00982,ACC-01289,4924.19,2026-09-03 20:58:14,0,normal,NONE
TX-002015,ACC-00251,ACC-01345,1400.93,2026-09-05 14:31:45,0,normal,NONE
TX-000906,ACC-01713,ACC-00796,11849.42,2026-09-09 16:03:23,0,normal,NONE
TX-000632,ACC-00834,ACC-01518,8730.6,2026-09-09 19:52:03,0,normal,NONE
TX-008462,ACC-00999,ACC-01866,8853.73,2026-09-06 21:04:44,0,normal,NONE
TX-011284,ACC-01377,ACC-01543,10062.17,2026-09-05 22:19:00,0,normal,NONE
TX-001975,ACC-01612,ACC-00287,5024.56,2026-09-05 20:04:58,0,normal,NONE
TX-000163,ACC-00660,ACC-01781,3411.97,2026-09-04 20:14:54,0,normal,NONE
TX-004999,ACC-01554,ACC-01534,7341.53,2026-09-09 09:42:24,0,normal,NONE
TX-010924,ACC-01155,ACC-00050,6733.59,2026-09-01 17:41:41,0,normal,NONE
TX-009558,ACC-00198,ACC-01726,17032.28,2026-09-05 23:32:50,0,normal,NONE
TX-004714,ACC-01156,ACC-01893,8504.79,2026-09-01 22:48:53,0,normal,NONE
TX-009068,ACC-01859,ACC-00907,4579.77,2026-09-02 10:45:42,0,normal,NONE
TX-001432,ACC-01720,ACC-01393,6855.16,2026-09-06 14:37:53,0,normal,NONE
TX-006869,ACC-01231,ACC-01314,9632.87,2026-09-04 20:28:27,0,normal,NONE
TX-012112,FRAUD-05-SRC-12,FRAUD-05-COLLECTOR,7421.96,2026-09-06 16:22:00,1,funneling,NET-05
TX-007711,ACC-01329,ACC-01252,3806.49,2026-09-08 21:55:37,0,normal,NONE
TX-007737,ACC-00706,ACC-00074,1801.97,2026-09-02 19:27:39,0,normal,NONE
TX-004284,ACC-01210,ACC-00669,5550.48,2026-09-05 09:45:24,0,normal,NONE
TX-007532,ACC-01810,ACC-00754,5263.71,2026-09-02 20:50:19,0,normal,NONE
TX-011119,ACC-00937,ACC-00385,13892.33,2026-09-06 11:08:36,0,normal,NONE
TX-010054,ACC-00949,ACC-01468,2255.61,2026-09-04 10:32:03,0,normal,NONE
TX-003385,ACC-00141,ACC-00960,16065.39,2026-09-04 19:28:16,0,normal,NONE
TX-012678,ACC-00582,ACC-01114,87318.09,2026-09-07 15:59:00,0,normal_high_value,NONE
TX-010760,ACC-00730,ACC-01554,7319.13,2026-09-05 13:03:24,0,normal,NONE
TX-011039,ACC-00673,ACC-01516,12106.23,2026-09-01 19:54:43,0,normal,NONE
TX-007463,ACC-00781,ACC-00517,5872.76,2026-09-07 20:09:23,0,normal,NONE
TX-003332,ACC-01632,ACC-00191,5211.97,2026-09-04 17:59:20,0,normal,NONE
TX-012640,ACC-01961,ACC-01489,64186.27,2026-09-04 18:24:00,0,normal_high_value,NONE
TX-006405,ACC-01279,ACC-00609,9796.79,2026-09-09 12:29:11,0,normal,NONE
TX-008896,ACC-00616,ACC-01221,8928.29,2026-09-05 21:17:35,0,normal,NONE
TX-002097,ACC-00606,ACC-00198,3956.37,2026-09-05 21:28:20,0,normal,NONE
TX-010196,ACC-00947,ACC-00652,631.21,2026-09-07 12:12:41,0,normal,NONE
TX-012287,ACC-00779,ACC-01033,33086.65,2026-09-08 12:50:00,0,normal_high_value,NONE
TX-008000,ACC-00631,ACC-01358,11002.29,2026-09-06 22:03:49,0,normal,NONE
TX-005018,ACC-01781,ACC-00057,17322.21,2026-09-04 23:24:29,0,normal,NONE
TX-008739,ACC-01534,ACC-00590,13951.56,2026-09-03 16:13:26,0,normal,NONE
TX-001450,ACC-01389,ACC-00048,17855.29,2026-09-09 16:43:35,0,normal,NONE
TX-006901,ACC-01701,ACC-00387,11869.03,2026-09-09 09:18:06,0,normal,NONE
TX-002611,ACC-01047,ACC-00796,2894.34,2026-09-04 16:21:12,0,normal,NONE
TX-001901,ACC-00154,ACC-01991,8913.01,2026-09-04 08:42:13,0,normal,NONE
TX-008187,ACC-01859,ACC-01180,6248.78,2026-09-02 23:23:17,0,normal,NONE
TX-003921,ACC-01604,ACC-00820,17149.61,2026-09-03 16:04:59,0,normal,NONE
TX-002758,ACC-00109,ACC-00718,8382.31,2026-09-07 21:04:38,0,normal,NONE
TX-006398,ACC-01194,ACC-01865,10944.72,2026-09-09 11:18:07,0,normal,NONE
TX-010078,ACC-00159,ACC-01259,989.92,2026-09-01 14:11:10,0,normal,NONE
TX-011484,ACC-01674,ACC-01543,577.02,2026-09-01 13:16:11,0,normal,NONE
TX-002098,ACC-00507,ACC-01357,7659.08,2026-09-03 22:20:42,0,normal,NONE
TX-008330,ACC-00928,ACC-00283,6534.17,2026-09-05 18:46:09,0,normal,NONE
TX-012524,ACC-01976,ACC-01427,56561.36,2026-09-04 15:12:00,0,normal_high_value,NONE
TX-005625,ACC-00910,ACC-00768,17081.18,2026-09-01 20:06:29,0,normal,NONE
TX-009029,ACC-00779,ACC-00150,927.21,2026-09-07 19:16:18,0,normal,NONE
TX-003472,ACC-01049,ACC-01647,7099.02,2026-09-06 09:19:37,0,normal,NONE
TX-008267,ACC-00439,ACC-01672,8087.16,2026-09-09 21:44:04,0,normal,NONE
TX-002172,ACC-01560,ACC-01028,2672.3,2026-09-05 10:11:28,0,normal,NONE
TX-012295,ACC-01436,ACC-01379,27909.88,2026-09-06 21:13:00,0,normal_high_value,NONE
TX-012172,FRAUD-07-NEXTHOP,FRAUD-07-OUT-05,13528.63,2026-09-07 16:52:00,1,fan_out,NET-07
TX-008591,ACC-01569,ACC-00785,17888.83,2026-09-08 16:49:13,0,normal,NONE
TX-002011,ACC-00466,ACC-00846,13459.61,2026-09-09 09:51:00,0,normal,NONE
TX-012973,ACC-00316,ACC-01956,32939.02,2026-09-07 08:10:00,0,normal_high_value,NONE
TX-001284,ACC-01666,ACC-01122,13285.38,2026-09-08 08:48:03,0,normal,NONE
TX-010029,ACC-01163,ACC-00496,4791.25,2026-09-09 12:54:41,0,normal,NONE
TX-012726,ACC-01689,ACC-00598,83600.13,2026-09-03 12:26:00,0,normal_high_value,NONE
TX-001020,ACC-00095,ACC-00212,9379.99,2026-09-05 08:36:48,0,normal,NONE
TX-009519,ACC-00979,ACC-01793,10878.7,2026-09-02 21:21:00,0,normal,NONE
TX-008668,ACC-01528,ACC-01368,1136.56,2026-09-06 19:47:26,0,normal,NONE
TX-002811,ACC-01477,ACC-00370,7533.31,2026-09-01 19:45:21,0,normal,NONE
TX-011434,ACC-00615,ACC-01512,2792.66,2026-09-01 20:37:12,0,normal,NONE
TX-001652,ACC-01436,ACC-00041,7100.46,2026-09-09 23:04:33,0,normal,NONE
TX-012743,ACC-01259,ACC-01998,72677.48,2026-09-09 13:21:00,0,normal_high_value,NONE
TX-001170,ACC-00052,ACC-00829,16760.62,2026-09-03 22:59:20,0,normal,NONE
TX-009399,ACC-01621,ACC-01646,16923.66,2026-09-07 15:53:11,0,normal,NONE
TX-006257,ACC-01459,ACC-00132,3683.47,2026-09-07 23:58:19,0,normal,NONE
TX-005470,ACC-00317,ACC-00560,9128.07,2026-09-03 14:50:47,0,normal,NONE
TX-011877,ACC-00101,ACC-00990,797.71,2026-09-02 11:16:55,0,normal,NONE
TX-010259,ACC-00213,ACC-00546,14284.86,2026-09-08 10:48:53,0,normal,NONE
TX-000868,ACC-01649,ACC-00184,7964.65,2026-09-06 21:16:09,0,normal,NONE
TX-005094,ACC-00675,ACC-01285,15141.14,2026-09-07 12:14:32,0,normal,NONE
TX-005434,ACC-01057,ACC-00213,2013.34,2026-09-09 11:19:00,0,normal,NONE
TX-000542,ACC-01872,ACC-01463,13337.17,2026-09-07 15:20:15,0,normal,NONE
TX-009325,ACC-01181,ACC-00731,1939.21,2026-09-07 19:54:58,0,normal,NONE
TX-013035,ACC-01635,ACC-00308,89655.2,2026-09-07 20:02:00,0,normal_high_value,NONE
TX-006355,ACC-01751,ACC-01361,10614.42,2026-09-05 19:07:28,0,normal,NONE
TX-012374,ACC-00386,ACC-01645,32123.94,2026-09-07 17:53:00,0,normal_high_value,NONE
TX-003391,ACC-01860,ACC-01292,17443.47,2026-09-05 20:58:08,0,normal,NONE
TX-012802,ACC-01725,ACC-00232,67559.49,2026-09-08 22:58:00,0,normal_high_value,NONE
TX-013164,ACC-01621,ACC-00233,78676.11,2026-09-06 14:40:00,0,normal_high_value,NONE
TX-003960,ACC-01468,ACC-01125,6606.73,2026-09-06 22:55:32,0,normal,NONE
TX-006644,ACC-01025,ACC-01375,13278.31,2026-09-06 12:37:27,0,normal,NONE
TX-006842,ACC-00126,ACC-00952,5703.2,2026-09-02 16:23:41,0,normal,NONE
TX-011201,ACC-00803,ACC-01261,3512.28,2026-09-09 21:57:20,0,normal,NONE
TX-003587,ACC-00323,ACC-00213,17412.74,2026-09-08 12:03:44,0,normal,NONE
TX-010696,ACC-00806,ACC-00066,2885.34,2026-09-09 17:44:39,0,normal,NONE
TX-002564,ACC-00952,ACC-00927,2765.27,2026-09-07 21:01:55,0,normal,NONE
TX-005037,ACC-01230,ACC-01201,6761.19,2026-09-09 10:17:45,0,normal,NONE
TX-001081,ACC-00201,ACC-01076,1888.25,2026-09-08 19:14:46,0,normal,NONE
TX-005892,ACC-00504,ACC-00999,9372.96,2026-09-01 21:58:45,0,normal,NONE
TX-010278,ACC-00616,ACC-00400,11875.62,2026-09-08 22:07:16,0,normal,NONE
TX-004967,ACC-00413,ACC-01651,5412.35,2026-09-09 15:15:16,0,normal,NONE
TX-002024,ACC-00123,ACC-00572,15385.24,2026-09-07 23:01:55,0,normal,NONE
TX-011903,ACC-00729,ACC-01955,16231.25,2026-09-02 14:48:07,0,normal,NONE
TX-007910,ACC-00202,ACC-00482,11378.69,2026-09-08 14:45:04,0,normal,NONE
TX-011559,ACC-01941,ACC-01784,17301.21,2026-09-08 08:02:17,0,normal,NONE
TX-007322,ACC-00988,ACC-00661,884.63,2026-09-02 08:19:45,0,normal,NONE
TX-000227,ACC-00294,ACC-01160,11839.06,2026-09-02 12:47:40,0,normal,NONE
TX-001014,ACC-01608,ACC-00077,14004.67,2026-09-02 22:32:01,0,normal,NONE
TX-001930,ACC-01183,ACC-01518,12530.59,2026-09-07 19:13:47,0,normal,NONE
TX-011103,ACC-01838,ACC-00191,1163.59,2026-09-05 22:41:18,0,normal,NONE
TX-005252,ACC-01436,ACC-01789,17698.28,2026-09-04 11:34:05,0,normal,NONE
TX-009597,ACC-01427,ACC-01538,8085.04,2026-09-02 22:07:11,0,normal,NONE
TX-002180,ACC-00777,ACC-01446,5181.64,2026-09-05 12:36:20,0,normal,NONE
TX-000698,ACC-00510,ACC-00987,6236.58,2026-09-07 12:53:52,0,normal,NONE
TX-001125,ACC-00515,ACC-00685,11110.41,2026-09-08 09:06:47,0,normal,NONE
TX-007379,ACC-01861,ACC-01298,90.21,2026-09-08 12:48:26,0,normal,NONE
TX-010862,ACC-01039,ACC-00574,8964.98,2026-09-06 17:32:31,0,normal,NONE
TX-005111,ACC-00227,ACC-01080,3945.64,2026-09-04 19:13:02,0,normal,NONE
TX-007903,ACC-00205,ACC-00444,1282.99,2026-09-09 08:27:45,0,normal,NONE
TX-001779,ACC-00290,ACC-00162,4425.92,2026-09-01 21:09:48,0,normal,NONE
TX-010560,ACC-01618,ACC-01403,348.17,2026-09-04 14:03:49,0,normal,NONE
TX-002635,ACC-01225,ACC-00753,8223.51,2026-09-08 13:23:42,0,normal,NONE
TX-007545,ACC-00112,ACC-01407,10215.5,2026-09-02 20:47:17,0,normal,NONE
TX-007605,ACC-01518,ACC-01800,10922.06,2026-09-03 17:04:27,0,normal,NONE
TX-003490,ACC-01459,ACC-01833,12975.53,2026-09-05 18:12:23,0,normal,NONE
TX-001038,ACC-01667,ACC-01422,10645.64,2026-09-07 18:34:44,0,normal,NONE
TX-010449,ACC-01699,ACC-01225,6313.69,2026-09-01 11:09:05,0,normal,NONE
TX-012379,ACC-00976,ACC-01369,55478.97,2026-09-05 16:45:00,0,normal_high_value,NONE
TX-008506,ACC-01565,ACC-00797,5877.76,2026-09-05 09:09:44,0,normal,NONE
TX-002650,ACC-01424,ACC-01946,5531.88,2026-09-07 17:52:13,0,normal,NONE
TX-010474,ACC-00632,ACC-00215,13823.49,2026-09-08 11:16:00,0,normal,NONE
TX-002980,ACC-01913,ACC-00075,12523.6,2026-09-05 12:33:34,0,normal,NONE
TX-002548,ACC-01405,ACC-00478,3799.74,2026-09-02 20:20:40,0,normal,NONE
TX-005133,ACC-00403,ACC-01864,5414.22,2026-09-01 10:53:54,0,normal,NONE
TX-002160,ACC-01912,ACC-01532,17917.98,2026-09-04 22:23:33,0,normal,NONE
TX-009115,ACC-01820,ACC-01596,15905.52,2026-09-03 19:22:15,0,normal,NONE
TX-006446,ACC-01549,ACC-00729,13219.74,2026-09-01 18:46:01,0,normal,NONE
TX-003968,ACC-00796,ACC-00149,99.32,2026-09-01 14:12:23,0,normal,NONE
TX-001429,ACC-00765,ACC-01107,17735.85,2026-09-04 21:58:35,0,normal,NONE
TX-011144,ACC-01185,ACC-00280,6374.47,2026-09-09 17:06:45,0,normal,NONE
TX-002521,ACC-00642,ACC-01908,16234.43,2026-09-04 12:13:19,0,normal,NONE
TX-008034,ACC-01645,ACC-01330,6813.41,2026-09-06 09:30:07,0,normal,NONE
TX-011359,ACC-01409,ACC-01188,459.98,2026-09-09 23:22:12,0,normal,NONE
TX-011437,ACC-00414,ACC-01174,6128.84,2026-09-05 18:17:22,0,normal,NONE
TX-013079,ACC-01219,ACC-00605,27028.63,2026-09-04 08:42:00,0,normal_high_value,NONE
TX-000449,ACC-00992,ACC-01603,1403.05,2026-09-05 15:46:40,0,normal,NONE
TX-011242,ACC-01085,ACC-00165,6200.99,2026-09-07 10:12:41,0,normal,NONE
TX-009477,ACC-01815,ACC-01122,8571.23,2026-09-08 10:14:20,0,normal,NONE
TX-005996,ACC-00796,ACC-00819,1929.78,2026-09-03 21:50:47,0,normal,NONE
TX-010657,ACC-00927,ACC-01043,13769.5,2026-09-05 18:29:18,0,normal,NONE
TX-003728,ACC-01537,ACC-00418,7710.53,2026-09-02 09:14:17,0,normal,NONE
TX-007354,ACC-00354,ACC-01435,11264.76,2026-09-06 10:46:37,0,normal,NONE
TX-008554,ACC-00648,ACC-01600,15625.63,2026-09-08 19:29:15,0,normal,NONE
TX-006280,ACC-00370,ACC-00720,11103.26,2026-09-07 11:07:51,0,normal,NONE
TX-013110,ACC-00082,ACC-00662,43995.77,2026-09-09 19:57:00,0,normal_high_value,NONE
TX-007296,ACC-00786,ACC-01181,12634.1,2026-09-04 13:33:21,0,normal,NONE
TX-009497,ACC-00493,ACC-01638,11169.75,2026-09-08 10:41:42,0,normal,NONE
TX-006252,ACC-01957,ACC-01207,7007.05,2026-09-07 10:57:07,0,normal,NONE
TX-005927,ACC-01289,ACC-01688,8116.43,2026-09-07 19:39:13,0,normal,NONE
TX-002461,ACC-00691,ACC-01921,8194.91,2026-09-09 20:50:28,0,normal,NONE
TX-000023,ACC-01794,ACC-01474,4755.74,2026-09-09 13:32:58,0,normal,NONE
TX-002067,ACC-00244,ACC-00690,16155.73,2026-09-06 11:46:02,0,normal,NONE
TX-001654,ACC-00241,ACC-00371,15518.82,2026-09-03 08:35:28,0,normal,NONE
TX-008895,ACC-01387,ACC-01149,9851.28,2026-09-09 08:55:51,0,normal,NONE
TX-008707,ACC-00071,ACC-01515,10982.58,2026-09-03 18:49:14,0,normal,NONE
TX-001377,ACC-00839,ACC-01840,8268.38,2026-09-09 19:01:28,0,normal,NONE
TX-001725,ACC-01896,ACC-00203,1366.34,2026-09-09 18:19:46,0,normal,NONE
TX-003755,ACC-00446,ACC-00863,1514.96,2026-09-02 14:15:52,0,normal,NONE
TX-008653,ACC-01862,ACC-00321,12500.6,2026-09-04 14:41:29,0,normal,NONE
TX-004184,ACC-00820,ACC-00842,2757.82,2026-09-04 12:14:27,0,normal,NONE
TX-004083,ACC-01175,ACC-00359,10700.51,2026-09-01 21:25:10,0,normal,NONE
TX-009679,ACC-01162,ACC-00863,5880.56,2026-09-09 10:35:17,0,normal,NONE
TX-008475,ACC-00412,ACC-00287,7047.29,2026-09-04 17:33:30,0,normal,NONE
TX-006580,ACC-01933,ACC-01543,2199.87,2026-09-05 19:11:15,0,normal,NONE
TX-004559,ACC-01297,ACC-00745,5108.26,2026-09-02 22:37:34,0,normal,NONE
TX-003538,ACC-00709,ACC-01148,17827.2,2026-09-03 13:11:46,0,normal,NONE
TX-007004,ACC-00840,ACC-00071,12704.41,2026-09-08 09:59:28,0,normal,NONE
TX-009561,ACC-01190,ACC-00978,1553.73,2026-09-05 10:29:58,0,normal,NONE
TX-012552,ACC-00297,ACC-01693,23865.66,2026-09-03 09:09:00,0,normal_high_value,NONE
TX-010895,ACC-01474,ACC-01930,1143.11,2026-09-08 21:04:38,0,normal,NONE
TX-008790,ACC-01635,ACC-00214,11131.08,2026-09-05 23:33:27,0,normal,NONE
TX-009952,ACC-01743,ACC-01893,5577.41,2026-09-08 13:05:50,0,normal,NONE
TX-000647,ACC-00222,ACC-00987,1167.79,2026-09-05 18:55:17,0,normal,NONE
TX-006382,ACC-00009,ACC-01004,15060.87,2026-09-02 22:15:42,0,normal,NONE
TX-007528,ACC-00345,ACC-00946,4126.85,2026-09-02 18:11:09,0,normal,NONE
TX-012850,ACC-00758,ACC-01181,32617.98,2026-09-04 09:59:00,0,normal_high_value,NONE
TX-007166,ACC-01388,ACC-01473,7649.69,2026-09-02 20:20:32,0,normal,NONE
TX-011513,ACC-01452,ACC-00704,12257.54,2026-09-06 11:28:48,0,normal,NONE
TX-007698,ACC-01220,ACC-01674,12790.13,2026-09-08 18:36:05,0,normal,NONE
TX-012465,ACC-00384,ACC-01299,74178.95,2026-09-04 09:43:00,0,normal_high_value,NONE
TX-004876,ACC-00019,ACC-00487,9683.73,2026-09-02 23:15:47,0,normal,NONE
TX-011382,ACC-01012,ACC-01861,8790.72,2026-09-06 09:15:51,0,normal,NONE
TX-005342,ACC-01441,ACC-01990,11458.07,2026-09-07 17:53:29,0,normal,NONE
TX-011677,ACC-00362,ACC-01242,11540.56,2026-09-05 18:58:18,0,normal,NONE
TX-007032,ACC-00643,ACC-01157,8083.68,2026-09-01 15:48:49,0,normal,NONE
TX-002161,ACC-00400,ACC-00012,10559.67,2026-09-06 11:58:23,0,normal,NONE
TX-000686,ACC-01791,ACC-00081,15343.43,2026-09-06 18:27:47,0,normal,NONE
TX-002462,ACC-01934,ACC-00239,12043.32,2026-09-02 18:15:23,0,normal,NONE
TX-007129,ACC-00054,ACC-01071,7407.75,2026-09-05 11:18:35,0,normal,NONE
TX-006268,ACC-00934,ACC-01466,1813.54,2026-09-06 12:03:15,0,normal,NONE
TX-004942,ACC-01896,ACC-00191,7545.3,2026-09-09 10:04:56,0,normal,NONE
TX-005947,ACC-01346,ACC-01628,8312.45,2026-09-03 13:46:13,0,normal,NONE
TX-004584,ACC-00952,ACC-01074,4339.95,2026-09-03 08:54:04,0,normal,NONE
TX-005785,ACC-00579,ACC-01895,14715.04,2026-09-05 10:08:51,0,normal,NONE
TX-010423,ACC-01688,ACC-00847,14295.62,2026-09-08 14:03:39,0,normal,NONE
TX-007570,ACC-00186,ACC-01912,8882.71,2026-09-02 22:01:24,0,normal,NONE
TX-011289,ACC-01878,ACC-01384,17123.95,2026-09-08 20:05:02,0,normal,NONE
TX-010513,ACC-00541,ACC-00587,8213.38,2026-09-02 19:15:57,0,normal,NONE
TX-000522,ACC-00606,ACC-01324,1001.15,2026-09-04 23:24:07,0,normal,NONE
TX-008715,ACC-00543,ACC-01303,3467.09,2026-09-06 09:09:25,0,normal,NONE
TX-011829,ACC-01968,ACC-00466,14664.66,2026-09-05 14:24:41,0,normal,NONE
TX-003984,ACC-01512,ACC-01726,17834.14,2026-09-05 21:49:29,0,normal,NONE
TX-012674,ACC-00171,ACC-02000,85985.11,2026-09-04 13:54:00,0,normal_high_value,NONE
TX-011460,ACC-01686,ACC-00402,16887.69,2026-09-07 18:02:38,0,normal,NONE
TX-000781,ACC-00932,ACC-01806,854.95,2026-09-06 11:45:33,0,normal,NONE
TX-010880,ACC-01983,ACC-01548,3311.76,2026-09-01 15:31:38,0,normal,NONE
TX-005608,ACC-00706,ACC-01424,8137.69,2026-09-01 12:02:02,0,normal,NONE
TX-005979,ACC-01669,ACC-00458,9290.94,2026-09-06 08:49:55,0,normal,NONE
TX-008844,ACC-01063,ACC-01364,10282.65,2026-09-08 12:21:29,0,normal,NONE
TX-003748,ACC-01084,ACC-01745,11468.44,2026-09-06 17:38:05,0,normal,NONE
TX-002197,ACC-00341,ACC-01889,5424.48,2026-09-09 14:36:48,0,normal,NONE
TX-008562,ACC-00489,ACC-00586,8016.13,2026-09-09 19:08:37,0,normal,NONE
TX-013097,ACC-01948,ACC-00753,68583.98,2026-09-09 16:41:00,0,normal_high_value,NONE
TX-004286,ACC-01663,ACC-00656,12505.25,2026-09-08 09:20:46,0,normal,NONE
TX-008570,ACC-01327,ACC-00311,5212.82,2026-09-08 22:46:05,0,normal,NONE
TX-010409,ACC-01135,ACC-01161,1818.24,2026-09-07 15:48:04,0,normal,NONE
TX-009833,ACC-00123,ACC-01144,6288.87,2026-09-02 15:43:17,0,normal,NONE
TX-009806,ACC-00411,ACC-01441,9876.52,2026-09-06 17:21:21,0,normal,NONE
TX-006980,ACC-00574,ACC-00689,202.87,2026-09-04 23:39:03,0,normal,NONE
TX-001828,ACC-01987,ACC-01381,7326.83,2026-09-09 08:28:53,0,normal,NONE
TX-009155,ACC-01115,ACC-00580,5118.28,2026-09-07 15:12:13,0,normal,NONE
TX-012821,ACC-01961,ACC-01208,66352.95,2026-09-09 18:10:00,0,normal_high_value,NONE
TX-002377,ACC-00749,ACC-00874,11568.42,2026-09-09 12:06:14,0,normal,NONE
TX-008552,ACC-00943,ACC-00630,11303.42,2026-09-02 08:52:16,0,normal,NONE
TX-003840,ACC-00784,ACC-01077,7780.55,2026-09-07 14:03:30,0,normal,NONE
TX-001247,ACC-00962,ACC-01205,419.81,2026-09-06 20:36:24,0,normal,NONE
TX-007505,ACC-00825,ACC-00573,9739.1,2026-09-01 13:15:27,0,normal,NONE
TX-006512,ACC-01613,ACC-00256,3005.6,2026-09-06 10:57:52,0,normal,NONE
TX-012130,FRAUD-06-SRC-05,FRAUD-06-COLLECTOR,6117.21,2026-09-03 13:08:00,1,funneling,NET-06
TX-005440,ACC-00538,ACC-01658,14534.18,2026-09-07 16:20:30,0,normal,NONE
TX-010230,ACC-01920,ACC-00604,4729.14,2026-09-06 13:57:51,0,normal,NONE
TX-012249,FRAUD-10-NEXTHOP,FRAUD-10-OUT-07,9989.42,2026-09-03 12:54:00,1,fan_out,NET-10
TX-008965,ACC-01867,ACC-01798,7451.45,2026-09-08 09:31:07,0,normal,NONE
TX-012878,ACC-01799,ACC-01794,57859.19,2026-09-04 21:33:00,0,normal_high_value,NONE
TX-005511,ACC-01864,ACC-00796,12580.84,2026-09-03 23:33:30,0,normal,NONE
TX-005331,ACC-01290,ACC-01996,1074.48,2026-09-02 18:09:29,0,normal,NONE
TX-004532,ACC-01880,ACC-01364,7558.33,2026-09-08 14:43:17,0,normal,NONE
TX-009867,ACC-01371,ACC-01245,8941.64,2026-09-07 17:00:27,0,normal,NONE
TX-000366,ACC-01534,ACC-01971,15703.79,2026-09-05 09:00:19,0,normal,NONE
TX-010715,ACC-01707,ACC-00779,4536.32,2026-09-09 23:09:45,0,normal,NONE
TX-013228,ACC-00548,ACC-01926,49288.12,2026-09-08 22:32:00,0,normal_high_value,NONE
TX-000148,ACC-00372,ACC-01199,7857.21,2026-09-08 10:30:22,0,normal,NONE
TX-001669,ACC-01312,ACC-00183,6543.49,2026-09-06 16:09:55,0,normal,NONE
TX-011713,ACC-01514,ACC-00771,3708.41,2026-09-05 23:03:15,0,normal,NONE
TX-007651,ACC-00914,ACC-01581,310.14,2026-09-07 21:43:57,0,normal,NONE
TX-008600,ACC-00194,ACC-00738,12985.26,2026-09-02 16:43:40,0,normal,NONE
TX-007789,ACC-00987,ACC-00832,10815.65,2026-09-04 16:50:59,0,normal,NONE
TX-003457,ACC-01505,ACC-00027,2313.9,2026-09-04 09:17:59,0,normal,NONE
TX-003272,ACC-01990,ACC-01189,4518.92,2026-09-01 17:58:24,0,normal,NONE
TX-004941,ACC-00944,ACC-00991,11456.2,2026-09-04 18:41:48,0,normal,NONE
TX-009224,ACC-01466,ACC-00970,11747.92,2026-09-06 10:08:00,0,normal,NONE
TX-010801,ACC-00374,ACC-01616,1503.47,2026-09-03 09:02:46,0,normal,NONE
TX-006231,ACC-00861,ACC-00074,9432.75,2026-09-09 19:41:43,0,normal,NONE
TX-012505,ACC-01567,ACC-00471,67795.52,2026-09-05 23:21:00,0,normal_high_value,NONE
TX-010737,ACC-00300,ACC-01647,6484.86,2026-09-07 22:19:39,0,normal,NONE
TX-009048,ACC-00850,ACC-01070,7316.51,2026-09-09 08:34:01,0,normal,NONE
TX-003927,ACC-00557,ACC-01663,3786.36,2026-09-01 17:46:26,0,normal,NONE
TX-011323,ACC-00423,ACC-01709,3375.88,2026-09-02 17:45:14,0,normal,NONE
TX-008081,ACC-01233,ACC-00567,14020.61,2026-09-06 11:13:39,0,normal,NONE
TX-000079,ACC-01362,ACC-01926,6837.03,2026-09-03 17:25:35,0,normal,NONE
TX-007089,ACC-01225,ACC-01621,11726.18,2026-09-05 20:29:59,0,normal,NONE
TX-002248,ACC-00433,ACC-00227,10282.0,2026-09-03 13:49:49,0,normal,NONE
TX-010925,ACC-01202,ACC-01517,6029.33,2026-09-02 23:47:58,0,normal,NONE
TX-013182,ACC-00823,ACC-01022,32572.89,2026-09-01 09:15:00,0,normal_high_value,NONE
TX-012645,ACC-00484,ACC-00325,64292.97,2026-09-01 14:11:00,0,normal_high_value,NONE
TX-007452,ACC-00453,ACC-00483,6303.62,2026-09-05 13:16:17,0,normal,NONE
TX-008981,ACC-00913,ACC-00950,5202.27,2026-09-07 22:33:47,0,normal,NONE
TX-002280,ACC-01844,ACC-00349,17503.81,2026-09-03 18:33:23,0,normal,NONE
TX-008124,ACC-01000,ACC-00276,14036.69,2026-09-04 13:27:54,0,normal,NONE
TX-003898,ACC-01571,ACC-00592,17427.26,2026-09-03 20:09:02,0,normal,NONE
TX-010666,ACC-00668,ACC-00522,7176.86,2026-09-02 21:46:48,0,normal,NONE
TX-007178,ACC-01275,ACC-01710,4613.01,2026-09-09 11:17:47,0,normal,NONE
TX-009313,ACC-01786,ACC-01158,12156.14,2026-09-04 13:18:09,0,normal,NONE
TX-012532,ACC-01749,ACC-00495,24090.34,2026-09-01 22:30:00,0,normal_high_value,NONE
TX-003632,ACC-00483,ACC-01428,6252.87,2026-09-09 21:51:58,0,normal,NONE
TX-011424,ACC-01490,ACC-01049,8553.92,2026-09-05 11:42:45,0,normal,NONE
TX-006273,ACC-01026,ACC-01778,16725.73,2026-09-07 21:45:13,0,normal,NONE
TX-008617,ACC-01380,ACC-00592,200.54,2026-09-05 22:56:58,0,normal,NONE
TX-000393,ACC-01687,ACC-00471,4470.27,2026-09-06 12:17:12,0,normal,NONE
TX-003192,ACC-00222,ACC-01996,6182.09,2026-09-01 22:05:12,0,normal,NONE
TX-000017,ACC-00506,ACC-01526,10113.4,2026-09-05 21:57:37,0,normal,NONE
TX-004201,ACC-01302,ACC-01728,9793.28,2026-09-03 09:37:39,0,normal,NONE
TX-002673,ACC-00865,ACC-00138,1191.85,2026-09-05 19:30:25,0,normal,NONE
TX-012653,ACC-01234,ACC-01009,45935.14,2026-09-03 15:09:00,0,normal_high_value,NONE
TX-006165,ACC-00062,ACC-01677,7703.14,2026-09-01 23:02:29,0,normal,NONE
TX-003494,ACC-00585,ACC-00758,417.83,2026-09-01 18:59:53,0,normal,NONE
TX-009652,ACC-00602,ACC-01267,10184.74,2026-09-02 09:31:31,0,normal,NONE
TX-007395,ACC-00660,ACC-01128,6570.48,2026-09-01 18:46:36,0,normal,NONE
TX-004840,ACC-00257,ACC-01873,12195.69,2026-09-07 22:14:43,0,normal,NONE
TX-000594,ACC-00652,ACC-01887,14562.35,2026-09-04 11:59:31,0,normal,NONE
TX-012345,ACC-01887,ACC-00298,80578.18,2026-09-02 13:17:00,0,normal_high_value,NONE
TX-008738,ACC-01826,ACC-00883,16707.72,2026-09-05 10:37:36,0,normal,NONE
TX-005828,ACC-00035,ACC-00067,4660.6,2026-09-04 21:16:28,0,normal,NONE
TX-007962,ACC-01778,ACC-01617,13302.66,2026-09-09 14:42:49,0,normal,NONE
TX-005888,ACC-01473,ACC-01728,3674.77,2026-09-04 19:29:04,0,normal,NONE
TX-002356,ACC-00418,ACC-00627,7277.7,2026-09-06 16:39:20,0,normal,NONE
TX-006037,ACC-00497,ACC-00307,2301.22,2026-09-02 08:38:05,0,normal,NONE
TX-004799,ACC-00623,ACC-00519,16916.6,2026-09-04 16:21:46,0,normal,NONE
TX-010635,ACC-00010,ACC-00821,7683.3,2026-09-07 23:39:59,0,normal,NONE
TX-011456,ACC-01489,ACC-01981,17403.15,2026-09-09 08:56:02,0,normal,NONE
TX-004593,ACC-01852,ACC-00491,14799.91,2026-09-07 08:20:52,0,normal,NONE
TX-008657,ACC-01652,ACC-01897,10977.19,2026-09-06 15:48:02,0,normal,NONE
TX-000164,ACC-01589,ACC-00842,804.78,2026-09-08 20:24:42,0,normal,NONE
TX-012275,ACC-00890,ACC-00439,23290.04,2026-09-02 12:33:00,0,normal_high_value,NONE
TX-012502,ACC-01221,ACC-00134,77158.2,2026-09-08 18:56:00,0,normal_high_value,NONE
TX-012957,ACC-01545,ACC-01733,77030.3,2026-09-03 21:42:00,0,normal_high_value,NONE
TX-007381,ACC-00553,ACC-00728,17091.57,2026-09-08 22:15:26,0,normal,NONE
TX-013194,ACC-01799,ACC-01097,66452.19,2026-09-02 13:12:00,0,normal_high_value,NONE
TX-010202,ACC-01798,ACC-01923,3797.79,2026-09-02 15:13:00,0,normal,NONE
TX-006357,ACC-00170,ACC-00903,11613.31,2026-09-09 21:21:57,0,normal,NONE
TX-009093,ACC-00901,ACC-01973,1419.72,2026-09-02 20:14:59,0,normal,NONE
TX-005543,ACC-01453,ACC-00812,3995.62,2026-09-07 21:39:24,0,normal,NONE
TX-006008,ACC-00251,ACC-00830,14152.7,2026-09-02 08:16:16,0,normal,NONE
TX-007994,ACC-01317,ACC-00679,13227.65,2026-09-04 14:04:41,0,normal,NONE
TX-007639,ACC-01226,ACC-01116,10072.83,2026-09-04 08:12:28,0,normal,NONE
TX-006794,ACC-01045,ACC-00476,5808.31,2026-09-01 10:31:57,0,normal,NONE
TX-007759,ACC-01472,ACC-00945,13726.09,2026-09-08 15:46:32,0,normal,NONE
TX-004838,ACC-01526,ACC-01012,16939.63,2026-09-05 18:02:45,0,normal,NONE
TX-002294,ACC-00615,ACC-01166,192.65,2026-09-07 11:46:56,0,normal,NONE
TX-006549,ACC-01224,ACC-01042,16820.91,2026-09-05 16:09:29,0,normal,NONE
TX-007899,ACC-01485,ACC-00009,11128.07,2026-09-06 16:16:58,0,normal,NONE
TX-004482,ACC-00196,ACC-00197,5221.18,2026-09-03 08:25:26,0,normal,NONE
TX-003717,ACC-01708,ACC-00518,6467.08,2026-09-02 15:00:35,0,normal,NONE
TX-006141,ACC-00429,ACC-00114,17417.27,2026-09-05 10:22:00,0,normal,NONE
TX-009957,ACC-01432,ACC-01643,7038.83,2026-09-09 20:15:52,0,normal,NONE
TX-001550,ACC-00033,ACC-00864,522.44,2026-09-01 18:52:12,0,normal,NONE
TX-010332,ACC-00006,ACC-00690,10159.39,2026-09-01 21:17:01,0,normal,NONE
TX-002045,ACC-00717,ACC-00224,1413.07,2026-09-08 11:32:04,0,normal,NONE
TX-000768,ACC-00505,ACC-01610,4003.03,2026-09-07 16:53:23,0,normal,NONE
TX-005694,ACC-01983,ACC-01943,8926.21,2026-09-03 08:21:54,0,normal,NONE
TX-007871,ACC-01831,ACC-00882,7020.89,2026-09-05 14:27:19,0,normal,NONE
TX-009701,ACC-00791,ACC-00445,14407.66,2026-09-03 22:16:40,0,normal,NONE
TX-007858,ACC-01587,ACC-00708,261.99,2026-09-06 11:13:55,0,normal,NONE
TX-003303,ACC-01846,ACC-01585,7178.63,2026-09-04 15:42:18,0,normal,NONE
TX-004518,ACC-00121,ACC-00966,12446.58,2026-09-01 11:17:34,0,normal,NONE
TX-012026,FRAUD-02-SRC-01,FRAUD-02-COLLECTOR,12791.9,2026-09-06 17:00:00,1,funneling,NET-02
TX-010697,ACC-01923,ACC-01728,14011.37,2026-09-07 14:56:23,0,normal,NONE
TX-003293,ACC-01496,ACC-00228,16553.0,2026-09-01 14:33:16,0,normal,NONE
TX-009012,ACC-00434,ACC-00554,16180.85,2026-09-03 09:31:52,0,normal,NONE
TX-001404,ACC-00603,ACC-00996,523.04,2026-09-03 12:50:37,0,normal,NONE
TX-001383,ACC-00017,ACC-01694,5050.46,2026-09-09 12:44:25,0,normal,NONE
TX-010341,ACC-01286,ACC-01890,14356.02,2026-09-09 20:45:40,0,normal,NONE
TX-006929,ACC-01390,ACC-01486,6021.97,2026-09-02 16:20:53,0,normal,NONE
TX-005672,ACC-01778,ACC-01228,7612.25,2026-09-08 17:16:53,0,normal,NONE
TX-001639,ACC-00336,ACC-01183,2493.35,2026-09-08 17:57:09,0,normal,NONE
TX-012980,ACC-01929,ACC-00626,27418.08,2026-09-09 20:31:00,0,normal_high_value,NONE
TX-006908,ACC-01402,ACC-01861,1221.32,2026-09-04 21:31:46,0,normal,NONE
TX-008592,ACC-00682,ACC-00211,16389.01,2026-09-05 12:32:52,0,normal,NONE
TX-006407,ACC-01369,ACC-00670,17090.64,2026-09-02 21:19:17,0,normal,NONE
TX-009075,ACC-01510,ACC-01175,2153.87,2026-09-02 16:25:21,0,normal,NONE
TX-001180,ACC-00707,ACC-00720,5559.37,2026-09-08 10:13:46,0,normal,NONE
TX-005449,ACC-01896,ACC-01942,7150.46,2026-09-02 09:05:01,0,normal,NONE
TX-010323,ACC-01245,ACC-01281,11820.89,2026-09-02 23:32:41,0,normal,NONE
TX-005079,ACC-00781,ACC-01712,11136.73,2026-09-07 12:01:33,0,normal,NONE
TX-008649,ACC-01408,ACC-00197,17976.11,2026-09-05 10:10:19,0,normal,NONE
TX-005176,ACC-01462,ACC-00655,10302.86,2026-09-01 14:31:18,0,normal,NONE
TX-010143,ACC-01130,ACC-00279,16880.19,2026-09-08 09:42:47,0,normal,NONE
TX-000690,ACC-00820,ACC-01971,8228.57,2026-09-07 23:51:26,0,normal,NONE
TX-011725,ACC-01943,ACC-01354,17945.95,2026-09-01 23:42:04,0,normal,NONE
TX-006526,ACC-00675,ACC-00645,3789.58,2026-09-06 12:25:33,0,normal,NONE
TX-013011,ACC-01775,ACC-01542,62938.8,2026-09-03 18:50:00,0,normal_high_value,NONE
TX-006489,ACC-01329,ACC-00714,12947.41,2026-09-04 18:17:18,0,normal,NONE
TX-010146,ACC-01465,ACC-01856,12180.28,2026-09-02 17:11:39,0,normal,NONE
TX-007155,ACC-01659,ACC-01234,8809.26,2026-09-05 22:21:17,0,normal,NONE
TX-011743,ACC-01453,ACC-00165,1219.65,2026-09-05 10:18:56,0,normal,NONE
TX-006611,ACC-00326,ACC-00962,17151.87,2026-09-06 23:07:09,0,normal,NONE
TX-011815,ACC-00882,ACC-01035,4340.76,2026-09-08 12:56:01,0,normal,NONE
TX-004350,ACC-00915,ACC-00692,9387.93,2026-09-07 12:18:43,0,normal,NONE
TX-001885,ACC-00584,ACC-00037,11593.13,2026-09-01 22:18:08,0,normal,NONE
TX-011449,ACC-00842,ACC-01776,7877.66,2026-09-04 17:38:07,0,normal,NONE
TX-002495,ACC-00899,ACC-00052,15686.64,2026-09-02 15:38:33,0,normal,NONE
TX-005948,ACC-00584,ACC-01881,9099.76,2026-09-05 14:38:04,0,normal,NONE
TX-003037,ACC-00161,ACC-01235,2957.62,2026-09-07 11:14:48,0,normal,NONE
TX-005778,ACC-00053,ACC-01051,13157.11,2026-09-09 12:19:03,0,normal,NONE
TX-000846,ACC-00402,ACC-00299,14404.67,2026-09-03 23:51:00,0,normal,NONE
TX-008735,ACC-01467,ACC-00698,6388.89,2026-09-09 08:41:02,0,normal,NONE
TX-007968,ACC-00715,ACC-01967,10887.91,2026-09-01 13:18:33,0,normal,NONE
TX-011237,ACC-01133,ACC-00868,10125.44,2026-09-05 15:44:35,0,normal,NONE
TX-007341,ACC-00735,ACC-01391,1408.42,2026-09-05 09:28:32,0,normal,NONE
TX-011927,ACC-01066,ACC-00145,15837.68,2026-09-02 14:25:56,0,normal,NONE
TX-011606,ACC-00087,ACC-01722,1638.19,2026-09-01 20:13:15,0,normal,NONE
TX-007138,ACC-00812,ACC-00675,12142.27,2026-09-08 14:30:18,0,normal,NONE
TX-002965,ACC-00494,ACC-01216,1663.71,2026-09-04 23:13:08,0,normal,NONE
TX-002530,ACC-00758,ACC-00142,3206.69,2026-09-05 20:58:09,0,normal,NONE
TX-005773,ACC-01585,ACC-01085,11621.37,2026-09-09 13:49:48,0,normal,NONE
TX-001049,ACC-00482,ACC-00885,12645.95,2026-09-07 18:45:24,0,normal,NONE
TX-007046,ACC-00897,ACC-00553,622.27,2026-09-09 13:15:43,0,normal,NONE
TX-001961,ACC-00314,ACC-01237,15840.59,2026-09-09 11:15:13,0,normal,NONE
TX-002531,ACC-00228,ACC-01915,14241.6,2026-09-04 18:18:45,0,normal,NONE
TX-008430,ACC-00747,ACC-00922,10674.34,2026-09-04 15:25:40,0,normal,NONE
TX-004918,ACC-01543,ACC-00849,1878.34,2026-09-05 21:13:31,0,normal,NONE
TX-009326,ACC-00116,ACC-01908,1936.37,2026-09-09 09:03:23,0,normal,NONE
TX-005902,ACC-00125,ACC-00381,7885.59,2026-09-03 20:39:14,0,normal,NONE
TX-008287,ACC-01591,ACC-01748,1848.09,2026-09-08 08:55:31,0,normal,NONE
TX-004260,ACC-00489,ACC-00889,14929.65,2026-09-06 09:08:46,0,normal,NONE
TX-011357,ACC-00551,ACC-01758,7375.79,2026-09-08 11:38:13,0,normal,NONE
TX-011438,ACC-00014,ACC-01286,5784.79,2026-09-03 20:22:15,0,normal,NONE
TX-005657,ACC-01405,ACC-00554,1516.04,2026-09-07 08:05:36,0,normal,NONE
TX-006098,ACC-01276,ACC-00506,9003.54,2026-09-04 11:13:48,0,normal,NONE
TX-005908,ACC-00819,ACC-01526,8625.87,2026-09-02 12:21:45,0,normal,NONE
TX-007374,ACC-01524,ACC-01176,7363.46,2026-09-04 14:30:36,0,normal,NONE
TX-002979,ACC-00925,ACC-00564,6046.74,2026-09-07 10:05:16,0,normal,NONE
TX-011735,ACC-01951,ACC-01572,6913.86,2026-09-08 08:42:55,0,normal,NONE
TX-012504,ACC-01777,ACC-00969,62987.66,2026-09-01 19:11:00,0,normal_high_value,NONE
TX-006722,ACC-00844,ACC-00026,771.11,2026-09-04 15:28:47,0,normal,NONE
TX-007843,ACC-00567,ACC-00882,1134.36,2026-09-06 21:00:45,0,normal,NONE
TX-008265,ACC-00216,ACC-01817,15554.23,2026-09-01 14:48:26,0,normal,NONE
TX-011622,ACC-01962,ACC-00434,17981.12,2026-09-05 19:07:13,0,normal,NONE
TX-003139,ACC-00520,ACC-01183,14597.53,2026-09-08 11:11:57,0,normal,NONE
TX-008326,ACC-01238,ACC-01195,7047.45,2026-09-01 23:33:27,0,normal,NONE
TX-013157,ACC-00728,ACC-01948,77882.46,2026-09-03 18:53:00,0,normal_high_value,NONE
TX-001827,ACC-01837,ACC-00940,16810.07,2026-09-08 18:07:50,0,normal,NONE
TX-005549,ACC-01937,ACC-00846,14945.84,2026-09-03 08:37:08,0,normal,NONE
TX-008786,ACC-01548,ACC-00047,9426.69,2026-09-05 17:38:33,0,normal,NONE
TX-000561,ACC-01406,ACC-00624,14878.43,2026-09-01 14:53:54,0,normal,NONE
TX-011669,ACC-00457,ACC-01365,14921.74,2026-09-07 08:25:44,0,normal,NONE
TX-008436,ACC-00949,ACC-01739,600.35,2026-09-01 12:25:49,0,normal,NONE
TX-005436,ACC-00238,ACC-00912,15732.26,2026-09-01 17:19:28,0,normal,NONE
TX-004438,ACC-00615,ACC-01716,4936.76,2026-09-08 20:44:56,0,normal,NONE
TX-010383,ACC-00754,ACC-00206,3227.52,2026-09-09 14:56:44,0,normal,NONE
TX-008598,ACC-00751,ACC-00816,5013.62,2026-09-07 13:37:51,0,normal,NONE
TX-001443,ACC-01918,ACC-00396,8013.51,2026-09-04 08:48:17,0,normal,NONE
TX-008454,ACC-00688,ACC-00393,11451.62,2026-09-05 13:21:11,0,normal,NONE
TX-004407,ACC-00091,ACC-00862,8845.12,2026-09-08 21:55:33,0,normal,NONE
TX-012634,ACC-01965,ACC-01799,56460.44,2026-09-03 15:53:00,0,normal_high_value,NONE
TX-001690,ACC-00777,ACC-00350,6731.64,2026-09-02 18:58:43,0,normal,NONE
TX-013077,ACC-00049,ACC-01634,36840.42,2026-09-09 21:49:00,0,normal_high_value,NONE
TX-009918,ACC-01362,ACC-00603,1394.71,2026-09-04 23:26:59,0,normal,NONE
TX-011911,ACC-00263,ACC-00508,3439.03,2026-09-08 11:43:09,0,normal,NONE
TX-005963,ACC-00503,ACC-01670,4767.13,2026-09-01 20:32:20,0,normal,NONE
TX-002497,ACC-01403,ACC-00134,7390.44,2026-09-09 08:39:46,0,normal,NONE
TX-010841,ACC-00164,ACC-00638,2376.02,2026-09-08 17:01:18,0,normal,NONE
TX-000341,ACC-01044,ACC-01091,8827.44,2026-09-05 23:52:01,0,normal,NONE
TX-002409,ACC-01071,ACC-00077,16924.74,2026-09-07 08:13:36,0,normal,NONE
TX-009794,ACC-00856,ACC-01222,9226.2,2026-09-03 14:09:35,0,normal,NONE
TX-011951,ACC-01611,ACC-01472,10672.67,2026-09-04 09:40:24,0,normal,NONE
TX-005783,ACC-01468,ACC-00182,14812.88,2026-09-01 19:45:53,0,normal,NONE
TX-004577,ACC-01211,ACC-01220,5362.94,2026-09-01 16:05:02,0,normal,NONE
TX-003726,ACC-01167,ACC-00107,9057.71,2026-09-08 08:41:07,0,normal,NONE
TX-013183,ACC-00927,ACC-00288,84466.36,2026-09-05 23:55:00,0,normal_high_value,NONE
TX-002786,ACC-01801,ACC-01008,16702.48,2026-09-07 14:25:27,0,normal,NONE
TX-009716,ACC-01822,ACC-00722,11136.74,2026-09-01 13:42:14,0,normal,NONE
TX-013204,ACC-00978,ACC-01394,54955.2,2026-09-02 20:11:00,0,normal_high_value,NONE
TX-001013,ACC-01948,ACC-00620,3906.2,2026-09-05 13:07:23,0,normal,NONE
TX-005281,ACC-00057,ACC-01391,3264.06,2026-09-04 12:10:07,0,normal,NONE
TX-004896,ACC-00937,ACC-00853,14028.85,2026-09-05 13:40:42,0,normal,NONE
TX-009959,ACC-01180,ACC-00442,15164.64,2026-09-09 16:46:46,0,normal,NONE
TX-007122,ACC-00467,ACC-01460,2462.96,2026-09-02 15:56:38,0,normal,NONE
TX-006550,ACC-01141,ACC-01174,6447.63,2026-09-04 21:05:50,0,normal,NONE
TX-004038,ACC-00322,ACC-00714,17228.99,2026-09-04 14:11:00,0,normal,NONE
TX-000149,ACC-00837,ACC-00683,5792.63,2026-09-02 13:21:26,0,normal,NONE
TX-000286,ACC-01506,ACC-01550,5998.68,2026-09-01 19:34:21,0,normal,NONE
TX-012793,ACC-00956,ACC-00618,65609.23,2026-09-01 23:44:00,0,normal_high_value,NONE
TX-008556,ACC-01739,ACC-00984,6819.07,2026-09-08 19:46:22,0,normal,NONE
TX-011127,ACC-01686,ACC-01223,13678.83,2026-09-04 10:25:54,0,normal,NONE
TX-009733,ACC-01038,ACC-01840,4387.63,2026-09-05 16:09:21,0,normal,NONE
TX-006771,ACC-00237,ACC-00233,8384.23,2026-09-01 22:00:08,0,normal,NONE
TX-004444,ACC-00387,ACC-00852,6800.47,2026-09-08 11:38:47,0,normal,NONE
TX-007447,ACC-01618,ACC-00631,11236.19,2026-09-06 21:41:22,0,normal,NONE
TX-000237,ACC-01707,ACC-01369,14515.48,2026-09-02 20:55:47,0,normal,NONE
TX-012713,ACC-01390,ACC-00709,20907.3,2026-09-07 12:12:00,0,normal_high_value,NONE
TX-010755,ACC-00089,ACC-01012,16756.48,2026-09-09 11:35:33,0,normal,NONE
TX-007124,ACC-01548,ACC-00345,8764.46,2026-09-07 12:50:15,0,normal,NONE
TX-011052,ACC-00941,ACC-00650,16490.96,2026-09-09 12:00:51,0,normal,NONE
TX-012670,ACC-00251,ACC-00422,43465.99,2026-09-09 17:07:00,0,normal_high_value,NONE
TX-003084,ACC-00692,ACC-01480,17809.07,2026-09-08 13:58:21,0,normal,NONE
TX-010295,ACC-00101,ACC-01836,6848.61,2026-09-06 12:18:24,0,normal,NONE
TX-000633,ACC-01056,ACC-01621,2878.32,2026-09-05 20:08:49,0,normal,NONE
TX-006814,ACC-01790,ACC-00333,7938.89,2026-09-03 18:55:12,0,normal,NONE
TX-002494,ACC-01036,ACC-00131,4069.74,2026-09-04 18:42:46,0,normal,NONE
TX-002666,ACC-00318,ACC-01984,15075.99,2026-09-04 23:31:15,0,normal,NONE
TX-012048,FRAUD-02-NEXTHOP,FRAUD-02-OUT-06,12255.04,2026-09-06 17:53:00,1,fan_out,NET-02
TX-011324,ACC-01306,ACC-00251,15073.42,2026-09-04 16:53:04,0,normal,NONE
TX-011147,ACC-01066,ACC-01551,10099.63,2026-09-05 08:19:48,0,normal,NONE
TX-010527,ACC-01924,ACC-01490,5433.71,2026-09-07 11:38:37,0,normal,NONE
TX-010061,ACC-01051,ACC-01314,198.58,2026-09-05 20:38:33,0,normal,NONE
TX-011218,ACC-00089,ACC-00330,14728.19,2026-09-03 10:16:39,0,normal,NONE
TX-004212,ACC-01629,ACC-01924,5546.22,2026-09-05 11:45:10,0,normal,NONE
TX-009687,ACC-00108,ACC-00855,7117.29,2026-09-06 20:27:53,0,normal,NONE
TX-010594,ACC-01310,ACC-00513,1291.15,2026-09-09 23:43:47,0,normal,NONE
TX-003875,ACC-00885,ACC-00384,2681.66,2026-09-01 13:04:10,0,normal,NONE
TX-009425,ACC-01739,ACC-00951,13860.16,2026-09-03 13:51:29,0,normal,NONE
TX-002818,ACC-01977,ACC-01622,1149.12,2026-09-07 22:58:56,0,normal,NONE
TX-010931,ACC-00031,ACC-00058,2572.36,2026-09-04 18:34:08,0,normal,NONE
TX-013004,ACC-01491,ACC-01435,42930.58,2026-09-08 11:18:00,0,normal_high_value,NONE
TX-011895,ACC-00781,ACC-00426,16253.16,2026-09-04 10:02:28,0,normal,NONE
TX-007427,ACC-01698,ACC-01961,9534.69,2026-09-09 14:02:26,0,normal,NONE
TX-011396,ACC-00319,ACC-01251,5849.14,2026-09-07 14:55:54,0,normal,NONE
TX-011222,ACC-00178,ACC-01517,14063.14,2026-09-06 15:35:14,0,normal,NONE
TX-012198,FRAUD-08-NEXTHOP,FRAUD-08-OUT-06,12951.9,2026-09-07 09:53:00,1,fan_out,NET-08
TX-009778,ACC-01733,ACC-01592,14588.91,2026-09-06 21:12:34,0,normal,NONE
TX-001736,ACC-00094,ACC-01093,4303.14,2026-09-01 12:56:17,0,normal,NONE
TX-007398,ACC-01250,ACC-00480,4460.39,2026-09-01 21:21:15,0,normal,NONE
TX-004256,ACC-00745,ACC-00476,17572.49,2026-09-03 20:04:47,0,normal,NONE
TX-010958,ACC-00657,ACC-00414,1849.12,2026-09-06 12:52:59,0,normal,NONE
TX-002476,ACC-01412,ACC-00239,16639.13,2026-09-01 15:42:52,0,normal,NONE
TX-010757,ACC-01137,ACC-01081,10954.98,2026-09-02 23:04:46,0,normal,NONE
TX-013229,ACC-00052,ACC-00397,39892.63,2026-09-04 11:27:00,0,normal_high_value,NONE
TX-003714,ACC-00670,ACC-01977,3092.81,2026-09-01 13:25:08,0,normal,NONE
TX-011892,ACC-01425,ACC-00459,1756.84,2026-09-09 19:15:47,0,normal,NONE
TX-001805,ACC-00745,ACC-00724,1624.34,2026-09-03 22:16:30,0,normal,NONE
TX-000708,ACC-01270,ACC-01229,8526.94,2026-09-06 22:07:06,0,normal,NONE
TX-012187,FRAUD-08-SRC-12,FRAUD-08-COLLECTOR,12695.48,2026-09-07 09:22:00,1,funneling,NET-08
TX-005190,ACC-00886,ACC-00830,15322.16,2026-09-04 18:30:45,0,normal,NONE
TX-011527,ACC-01426,ACC-01257,10649.77,2026-09-08 21:21:47,0,normal,NONE
TX-005473,ACC-00795,ACC-01134,8169.17,2026-09-02 16:44:05,0,normal,NONE
TX-000073,ACC-00890,ACC-00708,13119.24,2026-09-06 21:38:32,0,normal,NONE
TX-007844,ACC-01093,ACC-01248,12539.7,2026-09-08 09:24:17,0,normal,NONE
TX-005102,ACC-01148,ACC-00346,17114.28,2026-09-05 17:04:37,0,normal,NONE
TX-006765,ACC-01943,ACC-00502,1776.34,2026-09-08 23:40:20,0,normal,NONE
TX-009383,ACC-00844,ACC-01708,8270.5,2026-09-01 22:30:51,0,normal,NONE
TX-010794,ACC-00692,ACC-00432,12396.39,2026-09-08 12:19:33,0,normal,NONE
TX-001126,ACC-00108,ACC-01895,9681.74,2026-09-03 08:31:32,0,normal,NONE
TX-001242,ACC-01196,ACC-00056,13778.19,2026-09-06 20:06:27,0,normal,NONE
TX-010911,ACC-01986,ACC-00636,16206.91,2026-09-01 12:54:19,0,normal,NONE
TX-002350,ACC-01333,ACC-01319,14586.85,2026-09-08 08:17:46,0,normal,NONE
TX-006603,ACC-01033,ACC-00917,11254.16,2026-09-08 18:13:29,0,normal,NONE
TX-006781,ACC-00055,ACC-00208,13492.41,2026-09-02 20:28:32,0,normal,NONE
TX-009770,ACC-00890,ACC-00752,7569.61,2026-09-01 13:44:23,0,normal,NONE
TX-004359,ACC-01421,ACC-00682,13169.17,2026-09-09 15:01:38,0,normal,NONE
TX-001344,ACC-01995,ACC-01264,6505.9,2026-09-07 17:05:08,0,normal,NONE
TX-013234,ACC-01179,ACC-01415,46341.41,2026-09-04 12:09:00,0,normal_high_value,NONE
TX-011503,ACC-00763,ACC-00261,15077.44,2026-09-02 10:22:56,0,normal,NONE
TX-012696,ACC-01916,ACC-01352,33283.69,2026-09-02 14:44:00,0,normal_high_value,NONE
TX-008633,ACC-00478,ACC-00688,4159.96,2026-09-03 18:24:07,0,normal,NONE
TX-006653,ACC-00504,ACC-00333,14405.81,2026-09-02 16:15:03,0,normal,NONE
TX-001101,ACC-01292,ACC-01411,6479.51,2026-09-02 22:47:12,0,normal,NONE
TX-010830,ACC-01958,ACC-00437,13568.67,2026-09-03 09:33:59,0,normal,NONE
TX-009161,ACC-01309,ACC-01525,10196.12,2026-09-05 11:31:43,0,normal,NONE
TX-008842,ACC-00830,ACC-01336,17552.99,2026-09-09 21:28:02,0,normal,NONE
TX-009739,ACC-00241,ACC-00624,5520.75,2026-09-04 15:31:44,0,normal,NONE
TX-007328,ACC-01917,ACC-00349,5231.16,2026-09-04 19:24:27,0,normal,NONE
TX-007623,ACC-01982,ACC-01447,10931.66,2026-09-07 17:42:50,0,normal,NONE
TX-000988,ACC-01142,ACC-01680,14858.04,2026-09-01 13:09:03,0,normal,NONE
TX-010659,ACC-01067,ACC-01577,11486.3,2026-09-06 18:35:46,0,normal,NONE
TX-002853,ACC-00195,ACC-01997,4770.31,2026-09-06 18:56:07,0,normal,NONE
TX-008854,ACC-00403,ACC-00396,7216.45,2026-09-05 13:22:20,0,normal,NONE
TX-000631,ACC-01239,ACC-01323,1625.38,2026-09-08 14:58:52,0,normal,NONE
TX-001250,ACC-00745,ACC-01986,7859.12,2026-09-08 10:53:54,0,normal,NONE
TX-003180,ACC-01952,ACC-01770,2871.6,2026-09-01 15:44:45,0,normal,NONE
TX-000483,ACC-01950,ACC-00020,8733.27,2026-09-04 20:35:32,0,normal,NONE
TX-009777,ACC-00939,ACC-00728,7178.72,2026-09-06 11:10:32,0,normal,NONE
TX-009655,ACC-00174,ACC-01549,17820.47,2026-09-04 15:02:00,0,normal,NONE
TX-003041,ACC-01214,ACC-00101,13073.24,2026-09-03 18:03:09,0,normal,NONE
TX-005011,ACC-01717,ACC-00255,15948.64,2026-09-05 16:55:22,0,normal,NONE
TX-011572,ACC-01530,ACC-00630,6227.92,2026-09-09 12:59:31,0,normal,NONE
TX-007001,ACC-01156,ACC-01428,11728.09,2026-09-06 14:24:51,0,normal,NONE
TX-003274,ACC-00841,ACC-00103,5897.2,2026-09-07 16:10:00,0,normal,NONE
TX-007228,ACC-00548,ACC-01568,15632.07,2026-09-06 08:42:04,0,normal,NONE
TX-003684,ACC-01757,ACC-00466,3208.04,2026-09-09 14:56:55,0,normal,NONE
TX-006675,ACC-01671,ACC-01481,4886.5,2026-09-03 12:02:06,0,normal,NONE
TX-006808,ACC-01024,ACC-01630,12519.74,2026-09-08 22:26:57,0,normal,NONE
TX-012900,ACC-01645,ACC-00363,82097.63,2026-09-02 10:48:00,0,normal_high_value,NONE
TX-001317,ACC-01359,ACC-01200,3838.88,2026-09-01 13:26:58,0,normal,NONE
TX-003226,ACC-01511,ACC-01899,4211.82,2026-09-08 19:28:59,0,normal,NONE
TX-001073,ACC-00542,ACC-01548,14755.17,2026-09-01 13:29:25,0,normal,NONE
TX-004816,ACC-00226,ACC-00726,711.36,2026-09-03 08:19:21,0,normal,NONE
TX-011196,ACC-01420,ACC-01750,688.57,2026-09-09 11:11:54,0,normal,NONE
TX-010824,ACC-00438,ACC-01733,967.79,2026-09-05 23:25:02,0,normal,NONE
TX-009853,ACC-01895,ACC-01780,3370.77,2026-09-07 21:17:28,0,normal,NONE
TX-005753,ACC-01278,ACC-01737,1288.54,2026-09-03 17:34:38,0,normal,NONE
TX-010618,ACC-00348,ACC-01223,13428.38,2026-09-01 14:56:30,0,normal,NONE
TX-012121,FRAUD-05-NEXTHOP,FRAUD-05-OUT-04,12803.98,2026-09-06 16:51:00,1,fan_out,NET-05
TX-004617,ACC-00179,ACC-00835,8362.91,2026-09-03 11:22:43,0,normal,NONE
TX-003098,ACC-00650,ACC-00094,308.7,2026-09-05 12:44:55,0,normal,NONE
TX-012499,ACC-01443,ACC-01102,55118.11,2026-09-02 23:20:00,0,normal_high_value,NONE
TX-006870,ACC-00033,ACC-00961,5627.66,2026-09-02 09:23:37,0,normal,NONE
TX-001301,ACC-01451,ACC-00867,13255.15,2026-09-05 10:06:35,0,normal,NONE
TX-007286,ACC-00463,ACC-01928,11095.06,2026-09-03 16:08:23,0,normal,NONE
TX-006285,ACC-01204,ACC-00934,5189.26,2026-09-04 22:07:18,0,normal,NONE
TX-011742,ACC-00719,ACC-01848,12058.49,2026-09-03 12:18:41,0,normal,NONE
TX-005496,ACC-00043,ACC-00842,3855.55,2026-09-02 20:52:18,0,normal,NONE
TX-005292,ACC-00327,ACC-01497,12665.48,2026-09-01 10:46:56,0,normal,NONE
TX-009601,ACC-00627,ACC-00690,3311.03,2026-09-09 17:12:00,0,normal,NONE
TX-010038,ACC-01036,ACC-01628,9404.39,2026-09-07 22:42:45,0,normal,NONE
TX-001799,ACC-01340,ACC-00289,13843.49,2026-09-03 18:28:50,0,normal,NONE
TX-009668,ACC-00163,ACC-00649,7822.45,2026-09-06 09:30:00,0,normal,NONE
TX-005204,ACC-01406,ACC-01678,5720.12,2026-09-05 10:07:33,0,normal,NONE
TX-008228,ACC-00523,ACC-00945,9705.42,2026-09-04 19:19:07,0,normal,NONE
TX-005048,ACC-01532,ACC-01397,12600.27,2026-09-07 21:19:59,0,normal,NONE
TX-006442,ACC-01674,ACC-01733,14843.93,2026-09-01 18:39:04,0,normal,NONE
TX-008637,ACC-01913,ACC-00744,3895.25,2026-09-02 16:00:35,0,normal,NONE
TX-008106,ACC-00591,ACC-00681,2065.63,2026-09-06 20:09:10,0,normal,NONE
TX-002360,ACC-00457,ACC-00189,7569.49,2026-09-02 11:30:29,0,normal,NONE
TX-012430,ACC-01741,ACC-00324,70735.98,2026-09-05 11:17:00,0,normal_high_value,NONE
TX-003655,ACC-01275,ACC-01481,5353.93,2026-09-03 09:27:24,0,normal,NONE
TX-007053,ACC-01473,ACC-00616,17506.66,2026-09-05 12:54:20,0,normal,NONE
TX-001287,ACC-01058,ACC-01462,17454.57,2026-09-03 21:50:20,0,normal,NONE
TX-012094,FRAUD-04-NEXTHOP,FRAUD-04-OUT-02,12748.71,2026-09-04 12:49:00,1,fan_out,NET-04
TX-004446,ACC-01530,ACC-00808,16476.57,2026-09-05 13:51:58,0,normal,NONE
TX-002138,ACC-00762,ACC-01155,11710.97,2026-09-03 17:33:43,0,normal,NONE
TX-006788,ACC-00159,ACC-01246,9403.87,2026-09-02 09:42:21,0,normal,NONE
TX-010829,ACC-00338,ACC-01737,11080.01,2026-09-05 15:59:30,0,normal,NONE
TX-009874,ACC-01910,ACC-00313,13151.8,2026-09-03 20:16:43,0,normal,NONE
TX-012920,ACC-01466,ACC-00223,55962.92,2026-09-08 11:50:00,0,normal_high_value,NONE
TX-011846,ACC-00482,ACC-00433,13226.76,2026-09-04 08:22:27,0,normal,NONE
TX-011873,ACC-00390,ACC-00447,4705.18,2026-09-08 09:32:42,0,normal,NONE
TX-006895,ACC-00414,ACC-01384,16949.76,2026-09-08 20:45:15,0,normal,NONE
TX-009885,ACC-00377,ACC-01722,2855.28,2026-09-09 22:36:20,0,normal,NONE
TX-011351,ACC-01419,ACC-00182,14520.83,2026-09-06 10:24:18,0,normal,NONE
TX-010734,ACC-00901,ACC-00800,9415.82,2026-09-08 18:23:44,0,normal,NONE
TX-008565,ACC-01365,ACC-01527,6953.75,2026-09-04 23:02:27,0,normal,NONE
TX-007152,ACC-00278,ACC-01517,12573.4,2026-09-07 09:33:41,0,normal,NONE
TX-000964,ACC-01733,ACC-01239,8448.37,2026-09-06 13:54:24,0,normal,NONE
TX-006013,ACC-00270,ACC-01418,17005.07,2026-09-05 18:25:27,0,normal,NONE
TX-004883,ACC-01807,ACC-01600,10522.85,2026-09-02 16:51:41,0,normal,NONE
TX-000141,ACC-01893,ACC-00542,14185.15,2026-09-04 21:07:34,0,normal,NONE
TX-011958,ACC-01662,ACC-00248,3926.8,2026-09-03 18:59:56,0,normal,NONE
TX-008907,ACC-00410,ACC-01247,12876.68,2026-09-09 09:12:30,0,normal,NONE
TX-006937,ACC-01859,ACC-01032,12564.26,2026-09-01 17:42:04,0,normal,NONE
TX-006543,ACC-01761,ACC-00739,4574.0,2026-09-06 14:38:27,0,normal,NONE
TX-005244,ACC-01973,ACC-00804,4575.59,2026-09-04 18:13:15,0,normal,NONE
TX-010031,ACC-00296,ACC-00376,12013.12,2026-09-08 14:20:06,0,normal,NONE
TX-004432,ACC-00788,ACC-01734,8487.55,2026-09-05 20:11:46,0,normal,NONE
TX-011064,ACC-01570,ACC-00522,10376.65,2026-09-06 22:28:56,0,normal,NONE
TX-000407,ACC-01380,ACC-01239,10860.54,2026-09-02 14:51:48,0,normal,NONE
TX-008213,ACC-00870,ACC-01246,5674.06,2026-09-08 13:36:24,0,normal,NONE
TX-009197,ACC-00747,ACC-01182,16032.19,2026-09-06 13:40:39,0,normal,NONE
TX-011079,ACC-00217,ACC-00164,15914.8,2026-09-07 18:16:22,0,normal,NONE
TX-010604,ACC-00770,ACC-00175,14802.99,2026-09-03 18:46:38,0,normal,NONE
TX-010738,ACC-00573,ACC-00282,15448.79,2026-09-03 10:27:24,0,normal,NONE
TX-012531,ACC-01641,ACC-01932,57866.9,2026-09-08 13:36:00,0,normal_high_value,NONE
TX-010583,ACC-00900,ACC-01551,6589.76,2026-09-08 12:29:28,0,normal,NONE
TX-009136,ACC-01436,ACC-01706,13841.78,2026-09-05 15:05:19,0,normal,NONE
TX-008235,ACC-01823,ACC-00214,7294.72,2026-09-07 08:33:33,0,normal,NONE
TX-004400,ACC-01121,ACC-01800,14534.9,2026-09-02 12:59:36,0,normal,NONE
TX-005253,ACC-00706,ACC-00793,371.22,2026-09-06 17:10:30,0,normal,NONE
TX-000012,ACC-00728,ACC-00430,12069.75,2026-09-02 13:34:46,0,normal,NONE
TX-004761,ACC-01519,ACC-00501,170.44,2026-09-07 23:59:12,0,normal,NONE
TX-001178,ACC-01236,ACC-01240,9217.77,2026-09-01 19:25:09,0,normal,NONE
TX-010140,ACC-01987,ACC-01433,6270.6,2026-09-06 09:41:01,0,normal,NONE
TX-010694,ACC-01082,ACC-01404,10406.96,2026-09-03 14:39:45,0,normal,NONE
TX-002864,ACC-01396,ACC-01072,15753.81,2026-09-04 23:35:15,0,normal,NONE
TX-006472,ACC-01002,ACC-00774,14312.5,2026-09-02 23:45:35,0,normal,NONE
TX-006229,ACC-01471,ACC-01186,8233.11,2026-09-04 15:25:35,0,normal,NONE
TX-009219,ACC-00966,ACC-01291,1667.16,2026-09-02 12:43:38,0,normal,NONE
TX-002990,ACC-00994,ACC-00870,13739.67,2026-09-03 14:33:53,0,normal,NONE
TX-009154,ACC-01013,ACC-00707,8652.0,2026-09-05 18:24:59,0,normal,NONE
TX-007118,ACC-01845,ACC-01125,1318.6,2026-09-03 09:32:37,0,normal,NONE
TX-007011,ACC-01427,ACC-00006,6268.17,2026-09-06 23:51:18,0,normal,NONE
TX-011337,ACC-01320,ACC-00687,14559.5,2026-09-02 19:16:17,0,normal,NONE
TX-008928,ACC-00425,ACC-00450,17588.73,2026-09-01 11:26:29,0,normal,NONE
TX-001441,ACC-00723,ACC-01991,14633.81,2026-09-06 20:11:53,0,normal,NONE
TX-012913,ACC-00562,ACC-00655,48543.74,2026-09-05 17:14:00,0,normal_high_value,NONE
TX-002876,ACC-01364,ACC-01758,17042.84,2026-09-04 23:31:17,0,normal,NONE
TX-009109,ACC-00929,ACC-01617,9525.09,2026-09-05 08:42:43,0,normal,NONE
TX-012053,FRAUD-03-SRC-03,FRAUD-03-COLLECTOR,10918.12,2026-09-02 09:04:00,1,funneling,NET-03
TX-011648,ACC-01888,ACC-00414,15308.75,2026-09-04 19:15:13,0,normal,NONE
TX-007233,ACC-01386,ACC-01045,1724.15,2026-09-01 11:17:33,0,normal,NONE
TX-003727,ACC-01088,ACC-00967,2932.68,2026-09-01 08:07:40,0,normal,NONE
TX-002773,ACC-00340,ACC-01895,12113.56,2026-09-02 10:42:29,0,normal,NONE
TX-009817,ACC-00419,ACC-00416,3001.45,2026-09-08 09:08:32,0,normal,NONE
TX-000455,ACC-00575,ACC-01673,14149.88,2026-09-06 11:59:36,0,normal,NONE
TX-009014,ACC-00937,ACC-00345,3004.13,2026-09-09 22:16:39,0,normal,NONE
TX-008190,ACC-00913,ACC-00385,11051.9,2026-09-04 20:39:40,0,normal,NONE
TX-001368,ACC-01898,ACC-01938,7892.12,2026-09-08 11:06:50,0,normal,NONE
TX-003713,ACC-01623,ACC-01239,3016.64,2026-09-09 20:56:00,0,normal,NONE
TX-013057,ACC-01808,ACC-01094,35886.24,2026-09-04 17:53:00,0,normal_high_value,NONE
TX-001389,ACC-01586,ACC-00623,13082.64,2026-09-09 11:46:03,0,normal,NONE
TX-009043,ACC-00830,ACC-00767,12239.86,2026-09-03 13:42:16,0,normal,NONE
TX-001001,ACC-00850,ACC-00848,837.95,2026-09-06 14:00:40,0,normal,NONE
TX-007762,ACC-00984,ACC-00527,8971.58,2026-09-09 20:58:39,0,normal,NONE
TX-003554,ACC-00891,ACC-02000,2866.16,2026-09-01 10:39:55,0,normal,NONE
TX-004115,ACC-00067,ACC-01192,14062.61,2026-09-08 10:16:43,0,normal,NONE
TX-009830,ACC-00285,ACC-01317,17441.43,2026-09-01 11:35:02,0,normal,NONE
TX-001668,ACC-00256,ACC-01089,1997.62,2026-09-09 21:04:21,0,normal,NONE
TX-003174,ACC-01562,ACC-01893,2363.4,2026-09-01 16:04:56,0,normal,NONE
TX-009540,ACC-01843,ACC-01596,6337.48,2026-09-04 10:21:04,0,normal,NONE
TX-012453,ACC-01914,ACC-00677,49388.05,2026-09-03 22:00:00,0,normal_high_value,NONE
TX-000489,ACC-00904,ACC-01119,3949.38,2026-09-07 11:47:53,0,normal,NONE
TX-003231,ACC-01210,ACC-00554,14250.51,2026-09-07 12:29:46,0,normal,NONE
TX-003829,ACC-01987,ACC-00081,16630.46,2026-09-02 13:55:55,0,normal,NONE
TX-010825,ACC-00701,ACC-01163,7695.74,2026-09-07 19:42:48,0,normal,NONE
TX-011463,ACC-00552,ACC-00112,6491.62,2026-09-04 15:17:24,0,normal,NONE
TX-005209,ACC-01100,ACC-01595,16162.6,2026-09-08 10:16:24,0,normal,NONE
TX-007849,ACC-00933,ACC-00872,4746.68,2026-09-02 14:00:43,0,normal,NONE
TX-005705,ACC-00009,ACC-00237,16526.85,2026-09-03 14:26:56,0,normal,NONE
TX-012776,ACC-00788,ACC-01319,50209.55,2026-09-01 18:21:00,0,normal_high_value,NONE
TX-008134,ACC-00445,ACC-00118,2377.99,2026-09-04 11:08:04,0,normal,NONE
TX-000704,ACC-01019,ACC-01527,11767.65,2026-09-02 20:26:02,0,normal,NONE
TX-005106,ACC-00679,ACC-01493,3994.71,2026-09-07 23:00:51,0,normal,NONE
TX-011778,ACC-00081,ACC-01361,379.66,2026-09-05 21:55:54,0,normal,NONE
TX-003292,ACC-00837,ACC-01624,4750.94,2026-09-03 21:04:09,0,normal,NONE
TX-008126,ACC-01145,ACC-01601,17151.14,2026-09-02 10:43:59,0,normal,NONE
TX-010601,ACC-00049,ACC-00836,16658.84,2026-09-09 20:28:36,0,normal,NONE
TX-009520,ACC-00200,ACC-01737,9454.69,2026-09-02 22:47:23,0,normal,NONE
TX-012765,ACC-00745,ACC-00296,36490.62,2026-09-08 22:51:00,0,normal_high_value,NONE
TX-011943,ACC-00025,ACC-00993,2485.81,2026-09-06 09:21:24,0,normal,NONE
TX-004910,ACC-00984,ACC-00686,12195.07,2026-09-09 16:53:36,0,normal,NONE
TX-004441,ACC-00592,ACC-01361,11471.86,2026-09-04 14:49:59,0,normal,NONE
TX-012063,FRAUD-03-SRC-13,FRAUD-03-COLLECTOR,13816.98,2026-09-02 09:24:00,1,funneling,NET-03
TX-000987,ACC-01230,ACC-00014,4419.94,2026-09-09 16:39:40,0,normal,NONE
TX-012240,FRAUD-10-SRC-15,FRAUD-10-COLLECTOR,11798.69,2026-09-03 12:28:00,1,funneling,NET-10
TX-012005,FRAUD-01-SRC-05,FRAUD-01-COLLECTOR,11739.72,2026-09-05 13:08:00,1,funneling,NET-01
TX-007706,ACC-00562,ACC-01755,2681.32,2026-09-02 11:54:34,0,normal,NONE
TX-006258,ACC-01448,ACC-01809,17808.67,2026-09-06 23:32:15,0,normal,NONE
TX-006090,ACC-00415,ACC-00517,11768.7,2026-09-05 14:21:33,0,normal,NONE
TX-010667,ACC-01578,ACC-00569,16782.63,2026-09-07 09:25:43,0,normal,NONE
TX-005239,ACC-01171,ACC-00677,6630.23,2026-09-08 08:59:14,0,normal,NONE
TX-001199,ACC-01410,ACC-00743,1743.08,2026-09-06 12:00:08,0,normal,NONE
TX-009711,ACC-00876,ACC-00833,1685.97,2026-09-06 16:07:29,0,normal,NONE
TX-012015,FRAUD-01-SRC-15,FRAUD-01-COLLECTOR,4076.89,2026-09-05 13:28:00,1,funneling,NET-01
TX-007520,ACC-00767,ACC-00102,17651.54,2026-09-04 21:35:05,0,normal,NONE
TX-006813,ACC-00516,ACC-01442,17733.46,2026-09-04 17:28:32,0,normal,NONE
TX-009992,ACC-01624,ACC-01093,14487.4,2026-09-08 18:59:21,0,normal,NONE
TX-009207,ACC-01771,ACC-00691,1217.84,2026-09-06 08:20:39,0,normal,NONE
TX-008321,ACC-01194,ACC-00243,14566.86,2026-09-01 17:21:16,0,normal,NONE
TX-009557,ACC-00023,ACC-00896,7164.92,2026-09-05 21:44:23,0,normal,NONE
TX-010226,ACC-01913,ACC-00697,6567.9,2026-09-02 21:50:48,0,normal,NONE
TX-007176,ACC-01842,ACC-00853,3673.57,2026-09-09 18:23:36,0,normal,NONE
TX-004471,ACC-00123,ACC-00205,13021.1,2026-09-09 23:15:05,0,normal,NONE
TX-000892,ACC-01405,ACC-01267,6104.83,2026-09-01 09:22:41,0,normal,NONE
TX-010986,ACC-00458,ACC-00715,6191.23,2026-09-03 17:27:52,0,normal,NONE
TX-001970,ACC-00070,ACC-01322,11714.59,2026-09-08 09:58:58,0,normal,NONE
TX-005758,ACC-00175,ACC-00264,16994.1,2026-09-01 15:55:15,0,normal,NONE
TX-006528,ACC-00553,ACC-01744,11024.49,2026-09-05 09:11:51,0,normal,NONE
TX-006295,ACC-01186,ACC-00006,5759.34,2026-09-02 10:11:05,0,normal,NONE
TX-007596,ACC-01700,ACC-01338,15420.81,2026-09-08 15:27:48,0,normal,NONE
TX-009111,ACC-01750,ACC-00108,4925.88,2026-09-09 21:10:39,0,normal,NONE
TX-003250,ACC-00090,ACC-01881,4596.14,2026-09-09 11:25:21,0,normal,NONE
TX-006571,ACC-01018,ACC-00140,6514.24,2026-09-06 23:15:07,0,normal,NONE
TX-006639,ACC-01123,ACC-01207,15084.09,2026-09-02 11:25:43,0,normal,NONE
TX-007352,ACC-00132,ACC-00512,7833.37,2026-09-09 17:04:23,0,normal,NONE
TX-012154,FRAUD-07-SRC-04,FRAUD-07-COLLECTOR,6110.32,2026-09-07 16:06:00,1,funneling,NET-07
TX-009401,ACC-00527,ACC-01584,2449.43,2026-09-06 20:07:27,0,normal,NONE
TX-007474,ACC-01025,ACC-01516,11399.04,2026-09-07 17:46:23,0,normal,NONE
TX-012206,FRAUD-09-SRC-06,FRAUD-09-COLLECTOR,4746.37,2026-09-04 18:10:00,1,funneling,NET-09
TX-011493,ACC-01369,ACC-01740,9076.93,2026-09-02 12:24:55,0,normal,NONE
TX-001240,ACC-01989,ACC-00774,11112.58,2026-09-06 17:20:03,0,normal,NONE
TX-002290,ACC-00390,ACC-01502,14955.85,2026-09-02 12:33:19,0,normal,NONE
TX-002741,ACC-00313,ACC-01093,16780.06,2026-09-04 08:20:54,0,normal,NONE
TX-008468,ACC-01096,ACC-00119,6337.44,2026-09-02 14:16:59,0,normal,NONE
TX-004586,ACC-00159,ACC-01256,6005.84,2026-09-03 11:59:41,0,normal,NONE
TX-009228,ACC-00053,ACC-01157,9779.26,2026-09-02 09:20:42,0,normal,NONE
TX-001230,ACC-01931,ACC-00276,554.43,2026-09-01 10:31:43,0,normal,NONE
TX-009201,ACC-01021,ACC-00747,16535.66,2026-09-08 21:54:12,0,normal,NONE
TX-006981,ACC-01469,ACC-00355,12027.82,2026-09-05 08:53:14,0,normal,NONE
TX-005179,ACC-00713,ACC-01262,12206.93,2026-09-01 11:28:47,0,normal,NONE
TX-010725,ACC-00745,ACC-01900,14021.9,2026-09-01 15:33:03,0,normal,NONE
TX-004294,ACC-00336,ACC-00053,10870.39,2026-09-07 23:15:13,0,normal,NONE
TX-001059,ACC-01498,ACC-01079,17704.75,2026-09-05 22:33:05,0,normal,NONE
TX-006263,ACC-01505,ACC-00270,16499.82,2026-09-08 21:16:40,0,normal,NONE
TX-011037,ACC-00380,ACC-00153,1969.84,2026-09-08 11:47:24,0,normal,NONE
TX-000282,ACC-00004,ACC-01260,6363.63,2026-09-07 13:42:42,0,normal,NONE
TX-009236,ACC-00072,ACC-01447,6731.31,2026-09-02 18:56:07,0,normal,NONE
TX-009509,ACC-01943,ACC-00097,7587.08,2026-09-07 19:22:55,0,normal,NONE
TX-000969,ACC-00876,ACC-00830,13976.34,2026-09-07 18:25:39,0,normal,NONE
TX-010574,ACC-00719,ACC-00168,780.16,2026-09-06 16:42:10,0,normal,NONE
TX-003954,ACC-01937,ACC-00851,1921.99,2026-09-01 11:49:39,0,normal,NONE
TX-001940,ACC-01353,ACC-01709,31.54,2026-09-05 12:22:56,0,normal,NONE
TX-011204,ACC-00614,ACC-00952,13797.28,2026-09-01 11:26:37,0,normal,NONE
TX-001275,ACC-01919,ACC-00297,6546.7,2026-09-06 17:01:41,0,normal,NONE
TX-000620,ACC-00303,ACC-01709,10718.96,2026-09-06 10:05:24,0,normal,NONE
TX-011264,ACC-00340,ACC-01124,5982.7,2026-09-04 09:02:16,0,normal,NONE
TX-001743,ACC-01782,ACC-01283,11424.81,2026-09-09 14:52:28,0,normal,NONE
TX-001391,ACC-01550,ACC-01334,16945.35,2026-09-08 17:36:47,0,normal,NONE
TX-002204,ACC-01369,ACC-00771,14967.62,2026-09-04 11:24:08,0,normal,NONE
TX-009772,ACC-00846,ACC-00261,9729.53,2026-09-03 13:12:33,0,normal,NONE
TX-009848,ACC-01374,ACC-01732,6318.14,2026-09-04 15:31:38,0,normal,NONE
TX-003569,ACC-01173,ACC-00918,10683.68,2026-09-05 10:26:52,0,normal,NONE
TX-010545,ACC-01217,ACC-01498,5224.22,2026-09-08 20:48:06,0,normal,NONE
TX-010405,ACC-01856,ACC-00375,13286.03,2026-09-01 13:21:50,0,normal,NONE
TX-006117,ACC-00356,ACC-00118,6561.72,2026-09-07 22:10:57,0,normal,NONE
TX-013211,ACC-00659,ACC-00692,86499.16,2026-09-03 08:01:00,0,normal_high_value,NONE
TX-006053,ACC-00679,ACC-00095,17728.59,2026-09-05 18:23:14,0,normal,NONE
TX-003179,ACC-00260,ACC-01762,5079.55,2026-09-02 18:20:16,0,normal,NONE
TX-003193,ACC-01042,ACC-00087,7366.39,2026-09-02 15:03:29,0,normal,NONE
TX-009500,ACC-01669,ACC-01384,13744.25,2026-09-08 23:30:58,0,normal,NONE
TX-006100,ACC-00364,ACC-01002,7207.49,2026-09-07 23:30:31,0,normal,NONE
TX-007030,ACC-01194,ACC-01344,772.46,2026-09-06 17:55:47,0,normal,NONE
TX-000576,ACC-01601,ACC-00993,6205.73,2026-09-09 18:24:17,0,normal,NONE
TX-010553,ACC-00603,ACC-00983,4475.37,2026-09-02 09:56:26,0,normal,NONE
TX-006657,ACC-01021,ACC-00655,6700.12,2026-09-05 19:09:36,0,normal,NONE
TX-007116,ACC-01660,ACC-00136,3089.27,2026-09-09 13:18:48,0,normal,NONE
TX-011741,ACC-00208,ACC-00931,3438.89,2026-09-03 17:27:06,0,normal,NONE
TX-006277,ACC-00745,ACC-00310,2301.84,2026-09-02 16:22:29,0,normal,NONE
TX-009473,ACC-00252,ACC-00453,17996.64,2026-09-02 10:28:22,0,normal,NONE
TX-011899,ACC-00804,ACC-01792,9202.8,2026-09-08 13:25:14,0,normal,NONE
TX-011084,ACC-00313,ACC-00122,17433.3,2026-09-04 11:18:44,0,normal,NONE
TX-005898,ACC-00905,ACC-00273,7698.73,2026-09-07 19:43:17,0,normal,NONE
TX-005725,ACC-01922,ACC-00351,16469.37,2026-09-09 20:27:37,0,normal,NONE
TX-010186,ACC-00092,ACC-01906,17959.68,2026-09-02 17:32:29,0,normal,NONE
TX-010832,ACC-01055,ACC-00864,8069.33,2026-09-05 16:49:52,0,normal,NONE
TX-000270,ACC-00409,ACC-01641,10891.85,2026-09-05 09:41:30,0,normal,NONE
TX-000630,ACC-01996,ACC-01524,7987.13,2026-09-06 16:46:26,0,normal,NONE
TX-003082,ACC-01701,ACC-01775,4015.1,2026-09-04 11:21:25,0,normal,NONE
TX-003467,ACC-00060,ACC-00540,4477.99,2026-09-09 16:04:39,0,normal,NONE
TX-006431,ACC-01795,ACC-00476,6354.03,2026-09-08 15:05:33,0,normal,NONE
TX-012343,ACC-01736,ACC-00477,43465.15,2026-09-09 20:26:00,0,normal_high_value,NONE
TX-007063,ACC-01278,ACC-01990,15945.55,2026-09-03 16:49:20,0,normal,NONE
TX-012887,ACC-00516,ACC-00020,24599.68,2026-09-06 21:52:00,0,normal_high_value,NONE
TX-005544,ACC-01713,ACC-01144,8492.99,2026-09-05 08:15:13,0,normal,NONE
TX-010239,ACC-01922,ACC-00428,10782.35,2026-09-05 20:23:06,0,normal,NONE
TX-004357,ACC-00398,ACC-00094,15876.51,2026-09-05 16:09:58,0,normal,NONE
TX-012079,FRAUD-04-SRC-04,FRAUD-04-COLLECTOR,6832.48,2026-09-04 12:06:00,1,funneling,NET-04
TX-002114,ACC-01410,ACC-00507,627.33,2026-09-02 20:41:25,0,normal,NONE
TX-008220,ACC-01424,ACC-01121,1563.58,2026-09-07 09:59:22,0,normal,NONE
TX-010233,ACC-01257,ACC-00875,15198.26,2026-09-08 23:32:40,0,normal,NONE
TX-012572,ACC-00375,ACC-01816,56222.9,2026-09-06 18:37:00,0,normal_high_value,NONE
TX-003217,ACC-01685,ACC-01866,4768.76,2026-09-07 12:01:13,0,normal,NONE
TX-003815,ACC-01179,ACC-00844,10360.89,2026-09-01 21:31:25,0,normal,NONE
TX-008322,ACC-01373,ACC-00049,16608.02,2026-09-09 16:57:19,0,normal,NONE
TX-011374,ACC-01944,ACC-01134,561.13,2026-09-02 23:11:07,0,normal,NONE
TX-002279,ACC-00532,ACC-00746,12986.09,2026-09-09 20:30:39,0,normal,NONE
TX-004600,ACC-00170,ACC-00818,5743.89,2026-09-08 21:05:59,0,normal,NONE
TX-000014,ACC-01727,ACC-01574,13972.48,2026-09-04 09:51:20,0,normal,NONE
TX-012228,FRAUD-10-SRC-03,FRAUD-10-COLLECTOR,10760.83,2026-09-03 12:04:00,1,funneling,NET-10
TX-001526,ACC-00423,ACC-00267,15670.67,2026-09-05 21:52:45,0,normal,NONE
TX-002366,ACC-01469,ACC-00828,5095.75,2026-09-02 15:14:16,0,normal,NONE
TX-004649,ACC-00260,ACC-01989,8627.88,2026-09-09 16:06:31,0,normal,NONE
TX-010533,ACC-01251,ACC-01881,12270.02,2026-09-08 16:49:16,0,normal,NONE
TX-000375,ACC-01419,ACC-00484,1137.0,2026-09-02 22:19:10,0,normal,NONE
TX-011286,ACC-00584,ACC-01635,2049.94,2026-09-08 19:24:27,0,normal,NONE
TX-006478,ACC-00654,ACC-00700,13311.96,2026-09-07 10:41:47,0,normal,NONE
TX-000526,ACC-00029,ACC-00537,3899.06,2026-09-01 20:32:18,0,normal,NONE
TX-009132,ACC-00552,ACC-01895,6660.05,2026-09-01 21:42:36,0,normal,NONE
TX-006896,ACC-00684,ACC-00330,11078.19,2026-09-07 10:19:08,0,normal,NONE
TX-010340,ACC-01575,ACC-00841,9319.44,2026-09-09 11:00:30,0,normal,NONE
TX-003592,ACC-00887,ACC-01738,5492.87,2026-09-02 12:46:39,0,normal,NONE
TX-011107,ACC-00464,ACC-00307,2102.14,2026-09-08 12:16:30,0,normal,NONE
TX-007905,ACC-01311,ACC-01241,15916.88,2026-09-08 17:14:40,0,normal,NONE
TX-002959,ACC-00680,ACC-01486,17505.12,2026-09-08 09:43:44,0,normal,NONE
TX-000530,ACC-01300,ACC-01564,15024.79,2026-09-02 17:44:27,0,normal,NONE
TX-003715,ACC-01969,ACC-00940,722.74,2026-09-07 17:35:38,0,normal,NONE
TX-004733,ACC-00197,ACC-00090,1264.99,2026-09-03 21:00:01,0,normal,NONE
TX-009462,ACC-01634,ACC-00590,6130.81,2026-09-05 08:46:41,0,normal,NONE
TX-001395,ACC-00301,ACC-01458,7673.94,2026-09-07 10:05:03,0,normal,NONE
TX-009990,ACC-00543,ACC-00198,12429.03,2026-09-05 18:53:10,0,normal,NONE
TX-011172,ACC-01480,ACC-00625,17541.27,2026-09-08 23:13:09,0,normal,NONE
TX-009634,ACC-01459,ACC-00469,12628.06,2026-09-08 10:34:04,0,normal,NONE
TX-010575,ACC-00902,ACC-01594,17494.39,2026-09-06 18:56:29,0,normal,NONE
TX-013065,ACC-01967,ACC-00053,44168.4,2026-09-01 20:36:00,0,normal_high_value,NONE
TX-005632,ACC-00774,ACC-01604,11685.39,2026-09-03 11:00:54,0,normal,NONE
TX-009466,ACC-01159,ACC-01514,15055.19,2026-09-01 19:28:45,0,normal,NONE
TX-006564,ACC-01844,ACC-00861,8836.82,2026-09-05 13:13:39,0,normal,NONE
TX-004704,ACC-01950,ACC-00491,17773.25,2026-09-09 13:18:10,0,normal,NONE
TX-001713,ACC-00079,ACC-00561,17827.37,2026-09-03 21:01:39,0,normal,NONE
TX-012928,ACC-01725,ACC-01458,71543.92,2026-09-08 10:51:00,0,normal_high_value,NONE
TX-000956,ACC-00424,ACC-01337,2511.61,2026-09-09 14:55:08,0,normal,NONE
TX-006676,ACC-00801,ACC-00690,7661.91,2026-09-04 15:38:13,0,normal,NONE
TX-003454,ACC-00569,ACC-00571,8781.2,2026-09-05 14:46:08,0,normal,NONE
TX-009580,ACC-00366,ACC-01783,17726.36,2026-09-01 09:33:49,0,normal,NONE
TX-012436,ACC-00955,ACC-00440,51832.25,2026-09-03 20:54:00,0,normal_high_value,NONE
TX-008596,ACC-01701,ACC-00608,4942.82,2026-09-04 16:43:26,0,normal,NONE
TX-002072,ACC-00362,ACC-01042,13011.15,2026-09-05 11:14:19,0,normal,NONE
TX-012903,ACC-00293,ACC-01246,86902.41,2026-09-05 20:28:00,0,normal_high_value,NONE
TX-010170,ACC-01018,ACC-01194,15039.04,2026-09-04 12:32:05,0,normal,NONE
TX-000159,ACC-01888,ACC-01228,9158.17,2026-09-03 10:17:49,0,normal,NONE
TX-007006,ACC-01459,ACC-00440,9919.44,2026-09-09 11:04:10,0,normal,NONE
TX-009095,ACC-01437,ACC-00735,15691.95,2026-09-04 15:59:40,0,normal,NONE
TX-000353,ACC-01414,ACC-01444,8812.28,2026-09-08 19:35:59,0,normal,NONE
TX-006079,ACC-01138,ACC-00949,5587.58,2026-09-08 23:16:00,0,normal,NONE
TX-006237,ACC-01933,ACC-01342,17897.21,2026-09-02 14:33:19,0,normal,NONE
TX-008947,ACC-00466,ACC-00125,3951.86,2026-09-03 16:54:04,0,normal,NONE
TX-011164,ACC-00194,ACC-00833,9143.15,2026-09-06 14:05:56,0,normal,NONE
TX-013219,ACC-00611,ACC-00301,44785.43,2026-09-02 23:03:00,0,normal_high_value,NONE
TX-002921,ACC-01104,ACC-01794,4187.77,2026-09-03 15:58:03,0,normal,NONE
TX-008504,ACC-00005,ACC-01346,3477.54,2026-09-09 13:10:36,0,normal,NONE
TX-004645,ACC-00395,ACC-00045,739.96,2026-09-04 22:53:21,0,normal,NONE
TX-000662,ACC-00370,ACC-01596,1472.99,2026-09-06 13:20:40,0,normal,NONE
TX-007058,ACC-00755,ACC-00124,11905.12,2026-09-09 08:38:34,0,normal,NONE
TX-010182,ACC-01456,ACC-00862,17111.3,2026-09-06 20:04:33,0,normal,NONE
TX-003666,ACC-01030,ACC-01876,16785.23,2026-09-08 23:15:53,0,normal,NONE
TX-007980,ACC-01302,ACC-01990,8214.02,2026-09-08 09:23:54,0,normal,NONE
TX-000307,ACC-00278,ACC-01747,1351.46,2026-09-03 22:05:51,0,normal,NONE
TX-010528,ACC-01162,ACC-00911,1477.87,2026-09-09 11:49:32,0,normal,NONE
TX-004791,ACC-00033,ACC-00788,3043.3,2026-09-01 08:50:31,0,normal,NONE
TX-002357,ACC-00059,ACC-01605,484.42,2026-09-01 23:02:47,0,normal,NONE
TX-001928,ACC-01405,ACC-01064,13113.32,2026-09-01 12:26:54,0,normal,NONE
TX-012371,ACC-01148,ACC-01059,25333.38,2026-09-06 14:48:00,0,normal_high_value,NONE
TX-003428,ACC-00196,ACC-00143,293.9,2026-09-01 09:41:57,0,normal,NONE
TX-008942,ACC-01075,ACC-00983,16672.78,2026-09-03 09:42:10,0,normal,NONE
TX-003639,ACC-00307,ACC-00296,2051.5,2026-09-03 20:43:20,0,normal,NONE
TX-011274,ACC-01251,ACC-00795,2567.02,2026-09-02 21:30:06,0,normal,NONE
TX-001267,ACC-00172,ACC-00643,10836.76,2026-09-02 21:57:23,0,normal,NONE
TX-001561,ACC-01247,ACC-01868,10538.96,2026-09-07 15:32:37,0,normal,NONE
TX-012422,ACC-00232,ACC-01483,35159.51,2026-09-02 23:09:00,0,normal_high_value,NONE
TX-010327,ACC-01264,ACC-00559,908.34,2026-09-01 10:02:00,0,normal,NONE
TX-007180,ACC-00757,ACC-00841,831.54,2026-09-04 11:03:46,0,normal,NONE
TX-004110,ACC-00776,ACC-01725,13703.95,2026-09-07 09:17:44,0,normal,NONE
TX-007868,ACC-00843,ACC-01662,835.7,2026-09-02 12:19:53,0,normal,NONE
TX-004905,ACC-00119,ACC-00786,5950.35,2026-09-04 16:04:02,0,normal,NONE
TX-007295,ACC-01031,ACC-01622,10701.18,2026-09-08 23:03:56,0,normal,NONE
TX-000515,ACC-01585,ACC-01666,13561.78,2026-09-03 12:04:33,0,normal,NONE
TX-000895,ACC-00044,ACC-01412,6812.29,2026-09-03 16:57:02,0,normal,NONE
TX-008602,ACC-01331,ACC-00406,12040.52,2026-09-09 19:02:16,0,normal,NONE
TX-000022,ACC-00697,ACC-00229,5297.13,2026-09-03 22:00:46,0,normal,NONE
TX-000900,ACC-01590,ACC-01307,9117.12,2026-09-03 08:39:54,0,normal,NONE
TX-000208,ACC-00108,ACC-00260,13356.09,2026-09-09 11:47:04,0,normal,NONE
TX-000459,ACC-00496,ACC-00518,11862.76,2026-09-07 20:04:28,0,normal,NONE
TX-010247,ACC-00878,ACC-00740,8822.96,2026-09-02 11:44:55,0,normal,NONE
TX-002431,ACC-01820,ACC-01848,17624.78,2026-09-05 19:51:51,0,normal,NONE
TX-008443,ACC-01858,ACC-00109,14094.2,2026-09-05 08:34:56,0,normal,NONE
TX-009300,ACC-00978,ACC-00101,16974.52,2026-09-01 21:15:10,0,normal,NONE
TX-003390,ACC-01982,ACC-00363,5736.19,2026-09-04 20:58:51,0,normal,NONE
TX-009906,ACC-00355,ACC-01727,10631.22,2026-09-02 10:13:00,0,normal,NONE
TX-003912,ACC-01826,ACC-01497,16443.77,2026-09-05 17:24:46,0,normal,NONE
TX-005384,ACC-00071,ACC-00025,8635.43,2026-09-03 23:10:52,0,normal,NONE
TX-008908,ACC-00049,ACC-00439,8150.47,2026-09-04 10:09:03,0,normal,NONE
TX-000553,ACC-00191,ACC-00090,16584.51,2026-09-09 21:44:57,0,normal,NONE
TX-009632,ACC-00889,ACC-00380,9632.22,2026-09-01 22:25:28,0,normal,NONE
TX-010463,ACC-01390,ACC-00698,16931.95,2026-09-03 19:18:19,0,normal,NONE
TX-003145,ACC-01383,ACC-01542,17498.09,2026-09-03 19:25:46,0,normal,NONE
TX-006918,ACC-01609,ACC-00059,8371.89,2026-09-03 20:16:01,0,normal,NONE
TX-002057,ACC-00840,ACC-00742,1452.83,2026-09-09 10:58:23,0,normal,NONE
TX-001926,ACC-01359,ACC-00997,4578.59,2026-09-08 08:52:22,0,normal,NONE
TX-000635,ACC-01706,ACC-00412,15068.84,2026-09-04 09:29:03,0,normal,NONE
TX-006083,ACC-01613,ACC-01408,11617.44,2026-09-03 11:37:53,0,normal,NONE
TX-008509,ACC-01903,ACC-00346,4299.29,2026-09-07 18:26:11,0,normal,NONE
TX-012288,ACC-01366,ACC-01360,55780.48,2026-09-01 12:16:00,0,normal_high_value,NONE
TX-012828,ACC-01626,ACC-00635,37114.79,2026-09-03 16:22:00,0,normal_high_value,NONE
TX-008620,ACC-00662,ACC-01096,16800.95,2026-09-08 12:10:12,0,normal,NONE
TX-011380,ACC-01999,ACC-00122,12430.76,2026-09-06 09:50:23,0,normal,NONE
TX-000106,ACC-00107,ACC-01950,6312.29,2026-09-02 09:48:01,0,normal,NONE
TX-003042,ACC-01770,ACC-00811,5306.42,2026-09-01 11:27:17,0,normal,NONE
TX-010362,ACC-00756,ACC-01551,1069.84,2026-09-08 22:35:14,0,normal,NONE
TX-001710,ACC-01571,ACC-00236,15557.72,2026-09-04 21:12:30,0,normal,NONE
TX-000090,ACC-01145,ACC-01220,5725.02,2026-09-08 21:53:58,0,normal,NONE
TX-007015,ACC-01832,ACC-01126,11775.37,2026-09-08 15:45:42,0,normal,NONE
TX-010434,ACC-01794,ACC-01466,3205.18,2026-09-04 11:57:19,0,normal,NONE
TX-003175,ACC-01521,ACC-01595,2827.95,2026-09-03 23:59:03,0,normal,NONE
TX-000918,ACC-00917,ACC-01966,7159.69,2026-09-01 17:38:01,0,normal,NONE
TX-007834,ACC-01529,ACC-00395,6955.97,2026-09-01 12:49:23,0,normal,NONE
TX-006733,ACC-01380,ACC-01367,16996.56,2026-09-05 20:57:08,0,normal,NONE
TX-001950,ACC-00876,ACC-00956,7580.69,2026-09-07 22:01:58,0,normal,NONE
TX-011041,ACC-01600,ACC-01843,7426.33,2026-09-06 08:02:39,0,normal,NONE
TX-006369,ACC-00218,ACC-00124,14149.57,2026-09-02 08:19:09,0,normal,NONE
TX-000002,ACC-01509,ACC-00210,12187.06,2026-09-09 10:37:27,0,normal,NONE
TX-008033,ACC-01705,ACC-00856,2697.81,2026-09-04 09:59:36,0,normal,NONE
TX-006048,ACC-01934,ACC-01784,6255.96,2026-09-03 21:13:49,0,normal,NONE
TX-009128,ACC-01347,ACC-01179,2681.57,2026-09-06 16:14:31,0,normal,NONE
TX-012212,FRAUD-09-SRC-12,FRAUD-09-COLLECTOR,10837.4,2026-09-04 18:22:00,1,funneling,NET-09
TX-002721,ACC-01819,ACC-00788,15313.54,2026-09-07 08:34:48,0,normal,NONE
TX-008784,ACC-00037,ACC-01412,4201.47,2026-09-09 20:12:33,0,normal,NONE
TX-013000,ACC-01390,ACC-00514,38691.68,2026-09-08 10:34:00,0,normal_high_value,NONE
TX-003118,ACC-00590,ACC-00429,17095.66,2026-09-02 14:51:52,0,normal,NONE
TX-011129,ACC-01403,ACC-00692,11048.48,2026-09-02 14:17:04,0,normal,NONE
TX-012548,ACC-00555,ACC-01718,54194.65,2026-09-06 20:22:00,0,normal_high_value,NONE
TX-010641,ACC-01698,ACC-00666,13459.29,2026-09-05 17:04:40,0,normal,NONE
TX-009769,ACC-00793,ACC-00596,1658.48,2026-09-02 10:44:12,0,normal,NONE
TX-003763,ACC-00572,ACC-01781,6879.66,2026-09-02 23:28:47,0,normal,NONE
TX-000214,ACC-01199,ACC-01124,12824.51,2026-09-07 17:29:32,0,normal,NONE
TX-000779,ACC-00449,ACC-01560,8787.81,2026-09-02 16:23:14,0,normal,NONE
TX-003497,ACC-01180,ACC-00781,7159.41,2026-09-08 13:07:54,0,normal,NONE
TX-011682,ACC-00581,ACC-01768,5602.75,2026-09-02 16:28:49,0,normal,NONE
TX-002044,ACC-01731,ACC-01757,15292.34,2026-09-09 09:38:15,0,normal,NONE
TX-008921,ACC-01867,ACC-01722,1072.84,2026-09-04 12:07:21,0,normal,NONE
TX-005421,ACC-00853,ACC-00170,5888.4,2026-09-08 20:39:20,0,normal,NONE
TX-006155,ACC-00761,ACC-00553,12710.54,2026-09-08 14:54:21,0,normal,NONE
TX-009760,ACC-01703,ACC-00426,2647.63,2026-09-07 09:21:37,0,normal,NONE
TX-008358,ACC-00298,ACC-00947,7628.32,2026-09-07 10:41:51,0,normal,NONE
TX-011544,ACC-01978,ACC-00451,14640.77,2026-09-06 22:01:02,0,normal,NONE
TX-010206,ACC-00447,ACC-00113,9226.97,2026-09-09 14:31:52,0,normal,NONE
TX-008466,ACC-01506,ACC-01565,9169.22,2026-09-06 21:25:03,0,normal,NONE
TX-004168,ACC-00068,ACC-01087,2419.77,2026-09-01 15:39:07,0,normal,NONE
TX-010961,ACC-00405,ACC-01012,15108.06,2026-09-06 10:34:14,0,normal,NONE
TX-003789,ACC-00809,ACC-00041,13435.4,2026-09-02 11:36:15,0,normal,NONE
TX-008587,ACC-00430,ACC-00224,14067.63,2026-09-04 19:37:58,0,normal,NONE
TX-000584,ACC-01806,ACC-01988,8870.24,2026-09-05 13:31:02,0,normal,NONE
TX-013132,ACC-01847,ACC-00435,30519.22,2026-09-08 10:26:00,0,normal_high_value,NONE
TX-013231,ACC-00483,ACC-00751,45429.22,2026-09-05 08:34:00,0,normal_high_value,NONE
TX-000117,ACC-01692,ACC-01498,10672.69,2026-09-06 15:53:59,0,normal,NONE
TX-006645,ACC-00637,ACC-00675,15850.74,2026-09-03 10:31:23,0,normal,NONE
TX-011959,ACC-01715,ACC-01039,16094.56,2026-09-05 13:31:14,0,normal,NONE
TX-013185,ACC-01253,ACC-00733,88145.75,2026-09-04 09:31:00,0,normal_high_value,NONE
TX-012944,ACC-00510,ACC-00963,20884.22,2026-09-05 16:39:00,0,normal_high_value,NONE
TX-011861,ACC-01140,ACC-01014,10248.24,2026-09-03 16:18:26,0,normal,NONE
TX-008713,ACC-01732,ACC-01623,11579.11,2026-09-09 22:54:57,0,normal,NONE
TX-001764,ACC-01457,ACC-01636,1393.12,2026-09-01 12:49:41,0,normal,NONE
TX-001876,ACC-00235,ACC-00369,14566.55,2026-09-07 13:22:15,0,normal,NONE
TX-010446,ACC-00326,ACC-01132,2980.13,2026-09-07 22:18:03,0,normal,NONE
TX-003225,ACC-00284,ACC-00330,13645.83,2026-09-08 19:33:32,0,normal,NONE
TX-000527,ACC-01288,ACC-01460,9028.86,2026-09-07 21:44:25,0,normal,NONE
TX-007726,ACC-01281,ACC-01448,12525.47,2026-09-03 23:24:36,0,normal,NONE
TX-002947,ACC-01502,ACC-00530,17319.49,2026-09-03 23:31:56,0,normal,NONE
TX-004474,ACC-01936,ACC-01639,285.78,2026-09-09 10:35:29,0,normal,NONE
TX-005656,ACC-00538,ACC-00274,10028.47,2026-09-06 15:23:43,0,normal,NONE
TX-008885,ACC-00135,ACC-01004,11589.09,2026-09-06 12:01:58,0,normal,NONE
TX-006060,ACC-00211,ACC-00761,13992.9,2026-09-03 20:08:06,0,normal,NONE
TX-000960,ACC-00299,ACC-01490,550.11,2026-09-06 21:26:19,0,normal,NONE
TX-006343,ACC-01004,ACC-01489,8949.54,2026-09-09 22:18:31,0,normal,NONE
TX-003634,ACC-01768,ACC-01689,8735.47,2026-09-01 15:38:09,0,normal,NONE
TX-001051,ACC-00386,ACC-01138,6935.02,2026-09-06 21:09:18,0,normal,NONE
TX-008783,ACC-01308,ACC-01878,766.27,2026-09-05 17:40:21,0,normal,NONE
TX-008712,ACC-01765,ACC-01279,8141.03,2026-09-02 12:42:44,0,normal,NONE
TX-003381,ACC-00181,ACC-01965,11246.81,2026-09-09 12:30:12,0,normal,NONE
TX-003677,ACC-01511,ACC-01410,13417.37,2026-09-01 09:00:22,0,normal,NONE
TX-005777,ACC-01362,ACC-00278,8535.05,2026-09-07 16:29:12,0,normal,NONE
TX-011976,ACC-01495,ACC-01440,2290.38,2026-09-06 20:22:26,0,normal,NONE
TX-006574,ACC-00430,ACC-01723,4208.24,2026-09-08 15:06:08,0,normal,NONE
TX-005180,ACC-00073,ACC-01926,6910.25,2026-09-05 09:31:34,0,normal,NONE
TX-001608,ACC-00252,ACC-01780,9560.72,2026-09-04 19:28:39,0,normal,NONE
TX-003611,ACC-01066,ACC-00314,11232.48,2026-09-04 08:08:01,0,normal,NONE
TX-012931,ACC-00225,ACC-01185,50774.2,2026-09-07 22:33:00,0,normal_high_value,NONE
TX-006636,ACC-01942,ACC-01048,4669.04,2026-09-06 21:29:59,0,normal,NONE
TX-013248,ACC-01586,ACC-01589,55704.82,2026-09-09 16:02:00,0,normal_high_value,NONE
TX-010002,ACC-01359,ACC-00333,8677.76,2026-09-04 15:03:32,0,normal,NONE
TX-000792,ACC-01306,ACC-00039,15815.59,2026-09-05 10:13:28,0,normal,NONE
TX-008985,ACC-00568,ACC-01286,13819.3,2026-09-06 18:42:28,0,normal,NONE
TX-003057,ACC-01789,ACC-01351,6601.41,2026-09-06 22:59:06,0,normal,NONE
TX-010048,ACC-01570,ACC-01512,6311.86,2026-09-04 21:29:02,0,normal,NONE
TX-001981,ACC-01879,ACC-01501,14324.98,2026-09-02 13:46:57,0,normal,NONE
TX-003599,ACC-00454,ACC-00174,1323.17,2026-09-09 19:03:56,0,normal,NONE
TX-000934,ACC-01507,ACC-01074,4447.5,2026-09-02 16:49:27,0,normal,NONE
TX-007425,ACC-01967,ACC-01485,10331.61,2026-09-05 10:14:30,0,normal,NONE
TX-005627,ACC-00138,ACC-01959,6146.87,2026-09-02 13:02:03,0,normal,NONE
TX-001683,ACC-00174,ACC-01523,5159.6,2026-09-08 08:27:43,0,normal,NONE
TX-004180,ACC-00163,ACC-01434,9599.54,2026-09-08 19:49:17,0,normal,NONE
TX-006447,ACC-00516,ACC-00133,8852.43,2026-09-08 12:09:15,0,normal,NONE
TX-004117,ACC-00934,ACC-01035,17212.21,2026-09-09 16:17:13,0,normal,NONE
TX-000989,ACC-01338,ACC-00715,680.24,2026-09-01 17:21:58,0,normal,NONE
TX-002897,ACC-01096,ACC-01513,1325.42,2026-09-09 22:45:08,0,normal,NONE
TX-003779,ACC-01896,ACC-00674,14599.72,2026-09-05 14:27:31,0,normal,NONE
TX-005659,ACC-01070,ACC-00902,69.68,2026-09-02 23:00:44,0,normal,NONE
TX-003094,ACC-00177,ACC-01718,6568.74,2026-09-07 17:05:20,0,normal,NONE
TX-003156,ACC-01687,ACC-00403,16411.55,2026-09-07 23:05:13,0,normal,NONE
TX-001824,ACC-01411,ACC-01606,2909.19,2026-09-07 19:58:44,0,normal,NONE
TX-012756,ACC-01030,ACC-01113,41619.62,2026-09-06 19:21:00,0,normal_high_value,NONE
TX-001099,ACC-00942,ACC-01558,13801.82,2026-09-04 13:35:02,0,normal,NONE
TX-010397,ACC-00965,ACC-00879,11357.36,2026-09-03 09:40:45,0,normal,NONE
TX-002845,ACC-00197,ACC-01218,9378.84,2026-09-02 12:30:31,0,normal,NONE
TX-009079,ACC-01924,ACC-01541,10456.7,2026-09-07 21:37:28,0,normal,NONE
TX-003343,ACC-00962,ACC-00086,9419.81,2026-09-01 19:49:35,0,normal,NONE
TX-000039,ACC-01099,ACC-00919,2540.48,2026-09-03 16:29:15,0,normal,NONE
TX-006541,ACC-01773,ACC-00595,11764.98,2026-09-07 08:37:06,0,normal,NONE
TX-012392,ACC-01588,ACC-01435,51717.64,2026-09-05 14:29:00,0,normal_high_value,NONE
TX-008708,ACC-01665,ACC-00481,7347.02,2026-09-02 08:59:59,0,normal,NONE
TX-003357,ACC-01247,ACC-01460,10668.13,2026-09-03 21:17:11,0,normal,NONE
TX-009646,ACC-01459,ACC-01423,6401.27,2026-09-01 08:37:39,0,normal,NONE
TX-010699,ACC-01347,ACC-01230,12080.87,2026-09-02 16:59:43,0,normal,NONE
TX-011187,ACC-01588,ACC-01472,3937.87,2026-09-04 23:48:33,0,normal,NONE
TX-007814,ACC-00165,ACC-01409,14974.2,2026-09-08 19:48:07,0,normal,NONE
TX-012889,ACC-01643,ACC-00328,45248.85,2026-09-06 13:55:00,0,normal_high_value,NONE
TX-009099,ACC-01409,ACC-00086,3143.56,2026-09-09 17:22:29,0,normal,NONE
TX-008221,ACC-01660,ACC-01477,11298.27,2026-09-02 23:50:00,0,normal,NONE
TX-012230,FRAUD-10-SRC-05,FRAUD-10-COLLECTOR,6732.89,2026-09-03 12:08:00,1,funneling,NET-10
TX-010700,ACC-01213,ACC-01465,10622.96,2026-09-03 18:12:56,0,normal,NONE
TX-002429,ACC-01976,ACC-00043,15438.41,2026-09-08 22:26:35,0,normal,NONE
TX-005044,ACC-01502,ACC-01517,9016.16,2026-09-03 16:29:19,0,normal,NONE
TX-005347,ACC-00908,ACC-01947,6559.05,2026-09-05 15:39:12,0,normal,NONE
TX-008955,ACC-00434,ACC-00713,297.21,2026-09-08 21:50:18,0,normal,NONE
TX-004812,ACC-00353,ACC-01880,17744.89,2026-09-04 09:44:29,0,normal,NONE
TX-008477,ACC-01377,ACC-00346,10091.51,2026-09-01 17:22:16,0,normal,NONE
TX-000687,ACC-00238,ACC-00195,15325.4,2026-09-01 08:54:08,0,normal,NONE
TX-004800,ACC-00135,ACC-00575,6867.09,2026-09-07 21:22:59,0,normal,NONE
TX-007438,ACC-00096,ACC-01079,402.62,2026-09-05 11:01:50,0,normal,NONE
TX-002354,ACC-01687,ACC-00323,7557.92,2026-09-03 12:47:51,0,normal,NONE
TX-006354,ACC-01033,ACC-00254,2064.98,2026-09-09 13:25:37,0,normal,NONE
TX-011828,ACC-00158,ACC-01134,1309.56,2026-09-08 19:55:03,0,normal,NONE
TX-004570,ACC-01613,ACC-01435,9224.88,2026-09-02 08:00:40,0,normal,NONE
TX-008214,ACC-00369,ACC-01510,7372.69,2026-09-03 23:13:10,0,normal,NONE
TX-002753,ACC-00998,ACC-00407,13510.6,2026-09-04 21:49:40,0,normal,NONE
TX-009078,ACC-01807,ACC-01511,15664.66,2026-09-06 19:39:39,0,normal,NONE
TX-008074,ACC-00155,ACC-01227,10315.15,2026-09-02 08:08:55,0,normal,NONE
TX-009110,ACC-00795,ACC-01274,13857.65,2026-09-03 21:28:09,0,normal,NONE
TX-001041,ACC-01958,ACC-00832,1271.55,2026-09-02 20:20:31,0,normal,NONE
TX-007492,ACC-00925,ACC-00507,4404.29,2026-09-07 12:28:28,0,normal,NONE
TX-001266,ACC-00087,ACC-01974,13010.08,2026-09-01 09:55:57,0,normal,NONE
TX-012279,ACC-01129,ACC-01289,37492.28,2026-09-06 22:02:00,0,normal_high_value,NONE
TX-007060,ACC-00663,ACC-01439,1108.37,2026-09-08 18:32:27,0,normal,NONE
TX-000278,ACC-01711,ACC-00307,9887.5,2026-09-09 21:07:49,0,normal,NONE
TX-005085,ACC-01924,ACC-00251,2622.57,2026-09-06 10:18:21,0,normal,NONE
TX-010277,ACC-01622,ACC-01461,29.55,2026-09-07 13:11:01,0,normal,NONE
TX-009438,ACC-00160,ACC-01844,6590.35,2026-09-08 23:00:06,0,normal,NONE
TX-002383,ACC-00743,ACC-01105,4163.02,2026-09-09 13:23:10,0,normal,NONE
TX-000572,ACC-00914,ACC-01810,2692.39,2026-09-04 17:31:26,0,normal,NONE
TX-001436,ACC-01542,ACC-01450,8159.87,2026-09-04 18:21:13,0,normal,NONE
TX-009440,ACC-01582,ACC-01083,1961.04,2026-09-07 12:13:04,0,normal,NONE
TX-005353,ACC-01717,ACC-01392,3763.28,2026-09-03 15:27:19,0,normal,NONE
TX-010707,ACC-01931,ACC-00270,1219.07,2026-09-02 08:02:18,0,normal,NONE
TX-005446,ACC-01986,ACC-01260,5214.97,2026-09-03 20:19:04,0,normal,NONE
TX-001008,ACC-01389,ACC-00647,10002.09,2026-09-01 14:36:43,0,normal,NONE
TX-004544,ACC-01212,ACC-00205,3713.25,2026-09-09 20:03:05,0,normal,NONE
TX-011681,ACC-01392,ACC-00913,8483.65,2026-09-02 11:34:32,0,normal,NONE
TX-002065,ACC-00150,ACC-00272,9277.85,2026-09-09 20:57:27,0,normal,NONE
TX-001137,ACC-00572,ACC-00030,13145.72,2026-09-04 15:20:27,0,normal,NONE
TX-009883,ACC-01997,ACC-00852,13307.52,2026-09-04 17:37:20,0,normal,NONE
TX-012902,ACC-00937,ACC-01319,59010.84,2026-09-08 22:26:00,0,normal_high_value,NONE
TX-005344,ACC-01031,ACC-01002,4504.56,2026-09-06 18:16:42,0,normal,NONE
TX-010178,ACC-01122,ACC-01206,351.41,2026-09-01 10:05:46,0,normal,NONE
TX-000295,ACC-01490,ACC-00870,1439.11,2026-09-03 17:20:06,0,normal,NONE
TX-009740,ACC-01967,ACC-00716,15179.81,2026-09-01 11:52:23,0,normal,NONE
TX-010205,ACC-01673,ACC-00710,6019.36,2026-09-08 20:39:48,0,normal,NONE
TX-008781,ACC-00328,ACC-01446,5601.6,2026-09-06 21:23:35,0,normal,NONE
TX-002404,ACC-00889,ACC-01364,4798.26,2026-09-08 20:38:33,0,normal,NONE
TX-010322,ACC-01584,ACC-00544,17376.58,2026-09-06 10:42:32,0,normal,NONE
TX-003999,ACC-01059,ACC-01882,16851.55,2026-09-07 15:11:03,0,normal,NONE
TX-012361,ACC-01507,ACC-01849,52523.91,2026-09-07 11:05:00,0,normal_high_value,NONE
TX-003742,ACC-01596,ACC-00968,4278.18,2026-09-03 22:31:10,0,normal,NONE
TX-012225,FRAUD-09-NEXTHOP,FRAUD-09-OUT-08,10481.63,2026-09-04 18:55:00,1,fan_out,NET-09
TX-002720,ACC-00206,ACC-01736,1494.31,2026-09-08 22:09:47,0,normal,NONE
TX-012199,FRAUD-08-NEXTHOP,FRAUD-08-OUT-07,13072.31,2026-09-07 09:54:00,1,fan_out,NET-08
TX-005151,ACC-00629,ACC-01238,14057.93,2026-09-06 14:43:06,0,normal,NONE
TX-002809,ACC-00191,ACC-00998,15761.87,2026-09-06 12:02:56,0,normal,NONE
TX-009018,ACC-01030,ACC-01563,15757.88,2026-09-01 11:06:04,0,normal,NONE
TX-000557,ACC-01507,ACC-00669,5738.68,2026-09-05 15:04:12,0,normal,NONE
TX-011819,ACC-01727,ACC-00073,5480.56,2026-09-04 20:56:09,0,normal,NONE
TX-004796,ACC-01414,ACC-00189,14525.54,2026-09-05 17:25:42,0,normal,NONE
TX-002470,ACC-00086,ACC-00386,17043.1,2026-09-05 13:41:20,0,normal,NONE
TX-003739,ACC-01002,ACC-01701,1491.41,2026-09-03 17:21:46,0,normal,NONE
TX-004287,ACC-00943,ACC-00253,10316.6,2026-09-02 20:27:47,0,normal,NONE
TX-009909,ACC-01436,ACC-01967,11400.87,2026-09-07 15:57:12,0,normal,NONE
TX-002605,ACC-00087,ACC-00449,13658.33,2026-09-03 12:32:20,0,normal,NONE
TX-000363,ACC-01323,ACC-00122,16344.71,2026-09-02 15:34:47,0,normal,NONE
TX-006925,ACC-00707,ACC-00344,12007.2,2026-09-03 15:47:51,0,normal,NONE
TX-001705,ACC-01599,ACC-01806,7209.77,2026-09-07 12:07:06,0,normal,NONE
TX-002140,ACC-00432,ACC-01918,5956.59,2026-09-03 13:33:45,0,normal,NONE
TX-003240,ACC-00928,ACC-01048,5636.84,2026-09-02 22:00:09,0,normal,NONE
TX-002384,ACC-00206,ACC-01394,2998.13,2026-09-04 12:34:39,0,normal,NONE
TX-007315,ACC-01418,ACC-01207,17255.71,2026-09-07 19:45:42,0,normal,NONE
TX-004312,ACC-01816,ACC-01487,9122.05,2026-09-01 20:25:59,0,normal,NONE
TX-009478,ACC-01948,ACC-01402,15914.54,2026-09-04 19:57:44,0,normal,NONE
TX-001313,ACC-00957,ACC-00894,2106.11,2026-09-08 09:28:22,0,normal,NONE
TX-012489,ACC-01288,ACC-01483,52305.34,2026-09-06 08:32:00,0,normal_high_value,NONE
TX-003931,ACC-01352,ACC-01416,4989.89,2026-09-05 10:49:07,0,normal,NONE
TX-006184,ACC-02000,ACC-01887,5887.92,2026-09-01 17:08:12,0,normal,NONE
TX-011482,ACC-01832,ACC-00427,8949.93,2026-09-05 14:54:19,0,normal,NONE
TX-001592,ACC-01504,ACC-00843,13549.27,2026-09-02 11:40:36,0,normal,NONE
TX-012439,ACC-01879,ACC-00326,46436.83,2026-09-06 10:18:00,0,normal_high_value,NONE
TX-002163,ACC-00564,ACC-01315,8627.65,2026-09-01 16:17:40,0,normal,NONE
TX-002397,ACC-01826,ACC-00524,2048.82,2026-09-08 21:37:10,0,normal,NONE
TX-000318,ACC-00582,ACC-01733,1437.9,2026-09-04 16:08:40,0,normal,NONE
TX-009517,ACC-01456,ACC-01387,10479.43,2026-09-03 23:05:36,0,normal,NONE
TX-011304,ACC-01854,ACC-00176,15340.19,2026-09-03 12:08:03,0,normal,NONE
TX-005234,ACC-01273,ACC-01309,1506.64,2026-09-07 19:28:15,0,normal,NONE
TX-005069,ACC-00641,ACC-00655,8230.0,2026-09-07 15:47:51,0,normal,NONE
TX-004037,ACC-00573,ACC-00531,9769.01,2026-09-01 15:11:57,0,normal,NONE
TX-008988,ACC-01293,ACC-01311,6731.58,2026-09-04 08:01:04,0,normal,NONE
TX-003021,ACC-00240,ACC-01708,17634.12,2026-09-07 14:04:05,0,normal,NONE
TX-009904,ACC-00783,ACC-01082,1181.26,2026-09-09 17:51:36,0,normal,NONE
TX-008229,ACC-00575,ACC-01690,17355.79,2026-09-06 21:55:19,0,normal,NONE
TX-009106,ACC-00041,ACC-00992,13547.09,2026-09-04 20:30:05,0,normal,NONE
TX-005296,ACC-00037,ACC-01598,1776.2,2026-09-03 20:43:43,0,normal,NONE
TX-003973,ACC-00648,ACC-01758,4130.82,2026-09-03 11:23:58,0,normal,NONE
TX-005371,ACC-00886,ACC-00487,5700.65,2026-09-01 08:29:27,0,normal,NONE
TX-004134,ACC-01421,ACC-01266,15634.87,2026-09-09 23:25:01,0,normal,NONE
TX-000975,ACC-01324,ACC-00926,1646.13,2026-09-09 11:11:49,0,normal,NONE
TX-007292,ACC-01095,ACC-01002,9765.52,2026-09-09 17:11:51,0,normal,NONE
TX-009176,ACC-00021,ACC-01244,818.16,2026-09-01 14:39:43,0,normal,NONE
TX-000955,ACC-00313,ACC-00874,17470.26,2026-09-06 22:34:08,0,normal,NONE
TX-009611,ACC-00294,ACC-00534,13455.43,2026-09-07 17:13:01,0,normal,NONE
TX-009753,ACC-01238,ACC-00065,8213.03,2026-09-01 17:46:59,0,normal,NONE
TX-009548,ACC-00751,ACC-00864,13764.51,2026-09-01 21:52:31,0,normal,NONE
TX-012334,ACC-00669,ACC-01172,32103.16,2026-09-09 14:06:00,0,normal_high_value,NONE
TX-005017,ACC-00726,ACC-01738,3440.84,2026-09-08 16:56:52,0,normal,NONE
TX-012892,ACC-00332,ACC-01805,87823.84,2026-09-05 14:39:00,0,normal_high_value,NONE
TX-009180,ACC-01987,ACC-00656,14764.26,2026-09-05 09:54:11,0,normal,NONE
TX-010875,ACC-01958,ACC-00826,14096.91,2026-09-03 09:16:53,0,normal,NONE
TX-007491,ACC-00216,ACC-01502,14098.62,2026-09-03 21:30:10,0,normal,NONE
TX-001641,ACC-01754,ACC-01179,1853.02,2026-09-03 20:27:43,0,normal,NONE
TX-001291,ACC-01891,ACC-01144,11654.98,2026-09-04 10:29:12,0,normal,NONE
TX-001381,ACC-01637,ACC-01353,15767.12,2026-09-05 21:25:56,0,normal,NONE
TX-001934,ACC-00391,ACC-00085,10439.71,2026-09-06 11:27:50,0,normal,NONE
TX-004676,ACC-00101,ACC-01826,15988.31,2026-09-09 17:32:58,0,normal,NONE
TX-012109,FRAUD-05-SRC-09,FRAUD-05-COLLECTOR,10562.16,2026-09-06 16:16:00,1,funneling,NET-05
TX-011353,ACC-00555,ACC-01852,5021.07,2026-09-02 20:18:53,0,normal,NONE
TX-010223,ACC-01299,ACC-00185,8536.8,2026-09-05 10:30:57,0,normal,NONE
TX-000893,ACC-00316,ACC-01437,9663.63,2026-09-02 12:31:14,0,normal,NONE
TX-007288,ACC-00517,ACC-00742,8037.31,2026-09-06 09:10:06,0,normal,NONE
TX-004877,ACC-00780,ACC-01230,247.09,2026-09-09 17:41:31,0,normal,NONE
TX-007907,ACC-00434,ACC-00912,9442.2,2026-09-06 15:28:06,0,normal,NONE
TX-008195,ACC-01137,ACC-01673,6413.74,2026-09-03 18:57:03,0,normal,NONE
TX-012429,ACC-01709,ACC-01269,22839.47,2026-09-08 09:50:00,0,normal_high_value,NONE
TX-010302,ACC-00258,ACC-01428,6203.58,2026-09-01 11:09:20,0,normal,NONE
TX-009042,ACC-00145,ACC-01131,7986.58,2026-09-08 20:05:31,0,normal,NONE
TX-010930,ACC-01400,ACC-01890,1348.82,2026-09-04 23:47:30,0,normal,NONE
TX-002467,ACC-00600,ACC-01934,11281.58,2026-09-07 21:24:05,0,normal,NONE
TX-007658,ACC-01661,ACC-01103,10461.16,2026-09-01 08:18:58,0,normal,NONE
TX-010107,ACC-00829,ACC-01358,11358.02,2026-09-05 15:47:42,0,normal,NONE
TX-009789,ACC-00044,ACC-01926,14157.31,2026-09-09 12:47:16,0,normal,NONE
TX-001914,ACC-00109,ACC-01834,661.67,2026-09-05 15:04:34,0,normal,NONE
TX-011363,ACC-00403,ACC-00274,4419.69,2026-09-05 21:36:14,0,normal,NONE
TX-002737,ACC-01604,ACC-01607,15695.47,2026-09-03 17:35:30,0,normal,NONE
TX-000727,ACC-00514,ACC-00300,15112.09,2026-09-05 14:48:34,0,normal,NONE
TX-007215,ACC-01953,ACC-00682,8166.45,2026-09-03 11:14:24,0,normal,NONE
TX-008246,ACC-00197,ACC-00417,15802.66,2026-09-08 12:56:44,0,normal,NONE
TX-001797,ACC-01745,ACC-00077,5236.35,2026-09-03 22:05:56,0,normal,NONE
TX-003846,ACC-00499,ACC-00280,6017.02,2026-09-01 08:51:29,0,normal,NONE
TX-006403,ACC-00312,ACC-00106,11154.65,2026-09-09 17:44:19,0,normal,NONE
TX-010746,ACC-00959,ACC-01332,7782.9,2026-09-01 21:20:34,0,normal,NONE
TX-010993,ACC-00204,ACC-01033,6389.69,2026-09-05 08:52:20,0,normal,NONE
TX-000937,ACC-00050,ACC-01577,5500.64,2026-09-06 22:39:09,0,normal,NONE
TX-002266,ACC-01101,ACC-00248,12889.99,2026-09-09 08:28:30,0,normal,NONE
TX-000825,ACC-01979,ACC-00773,10145.77,2026-09-04 18:49:29,0,normal,NONE
TX-007275,ACC-01353,ACC-01554,10293.63,2026-09-05 22:14:49,0,normal,NONE
TX-001390,ACC-01724,ACC-00764,4690.42,2026-09-09 19:07:03,0,normal,NONE
TX-003565,ACC-01587,ACC-00715,8763.49,2026-09-07 16:18:36,0,normal,NONE
TX-009077,ACC-01424,ACC-01361,15441.85,2026-09-06 10:24:29,0,normal,NONE
TX-005430,ACC-01669,ACC-01189,14480.19,2026-09-03 18:54:24,0,normal,NONE
TX-007828,ACC-01006,ACC-01688,11854.08,2026-09-02 20:55:41,0,normal,NONE
TX-005691,ACC-00430,ACC-00108,14740.84,2026-09-08 14:41:17,0,normal,NONE
TX-007879,ACC-01168,ACC-00792,93.13,2026-09-03 18:01:39,0,normal,NONE
TX-001869,ACC-01939,ACC-00820,16603.82,2026-09-05 13:12:43,0,normal,NONE
TX-008203,ACC-00381,ACC-01086,15415.37,2026-09-01 18:12:00,0,normal,NONE
TX-007487,ACC-00824,ACC-01849,9750.19,2026-09-01 16:41:56,0,normal,NONE
TX-009656,ACC-00303,ACC-01018,219.73,2026-09-08 19:47:03,0,normal,NONE
TX-000807,ACC-00847,ACC-01131,14112.52,2026-09-08 13:23:35,0,normal,NONE
TX-004806,ACC-01041,ACC-01846,10968.88,2026-09-04 13:49:56,0,normal,NONE
TX-012662,ACC-01109,ACC-00697,26465.99,2026-09-04 10:06:00,0,normal_high_value,NONE
TX-010301,ACC-01840,ACC-00128,4240.09,2026-09-05 23:15:30,0,normal,NONE
TX-012129,FRAUD-06-SRC-04,FRAUD-06-COLLECTOR,5492.58,2026-09-03 13:06:00,1,funneling,NET-06
TX-013193,ACC-01496,ACC-00825,27069.51,2026-09-06 23:39:00,0,normal_high_value,NONE
TX-010427,ACC-00179,ACC-01559,11874.24,2026-09-04 13:33:59,0,normal,NONE
TX-009156,ACC-01687,ACC-01933,4436.45,2026-09-09 17:56:46,0,normal,NONE
TX-007512,ACC-00814,ACC-00078,17111.33,2026-09-07 13:51:09,0,normal,NONE
TX-008057,ACC-00902,ACC-01217,885.9,2026-09-07 17:18:38,0,normal,NONE
TX-004495,ACC-01049,ACC-00881,7740.59,2026-09-05 13:47:03,0,normal,NONE
TX-002633,ACC-01660,ACC-00004,17925.16,2026-09-01 21:35:44,0,normal,NONE
TX-011786,ACC-01299,ACC-00962,3880.49,2026-09-08 12:13:35,0,normal,NONE
TX-008897,ACC-01810,ACC-01436,5961.7,2026-09-06 11:43:25,0,normal,NONE
TX-008624,ACC-00496,ACC-00697,10659.4,2026-09-02 17:45:09,0,normal,NONE
TX-007833,ACC-01794,ACC-01650,17429.56,2026-09-09 20:59:55,0,normal,NONE
TX-004389,ACC-01464,ACC-01111,11305.82,2026-09-08 09:42:56,0,normal,NONE
TX-000146,ACC-00469,ACC-01970,12143.88,2026-09-01 16:36:02,0,normal,NONE
TX-006468,ACC-00810,ACC-00004,1200.13,2026-09-05 11:12:07,0,normal,NONE
TX-002034,ACC-00809,ACC-00080,11087.54,2026-09-06 16:42:16,0,normal,NONE
TX-012095,FRAUD-04-NEXTHOP,FRAUD-04-OUT-03,14220.9,2026-09-04 12:50:00,1,fan_out,NET-04
TX-001166,ACC-01719,ACC-01451,12477.61,2026-09-03 13:15:07,0,normal,NONE
TX-002051,ACC-01702,ACC-01194,606.14,2026-09-03 20:48:41,0,normal,NONE
TX-003761,ACC-01493,ACC-00464,8697.7,2026-09-09 09:06:32,0,normal,NONE
TX-010817,ACC-00234,ACC-00145,16639.38,2026-09-05 09:55:27,0,normal,NONE
TX-004436,ACC-01361,ACC-00193,7292.72,2026-09-09 10:41:53,0,normal,NONE
TX-003431,ACC-00498,ACC-00029,2743.37,2026-09-02 10:24:25,0,normal,NONE
TX-008191,ACC-01851,ACC-00212,492.88,2026-09-09 13:51:37,0,normal,NONE
TX-011608,ACC-01224,ACC-00958,5691.7,2026-09-07 22:22:26,0,normal,NONE
TX-007070,ACC-00986,ACC-00856,13025.64,2026-09-03 14:40:30,0,normal,NONE
TX-004362,ACC-00975,ACC-01222,8736.54,2026-09-08 12:53:17,0,normal,NONE
TX-010617,ACC-01354,ACC-00956,9245.04,2026-09-01 14:06:31,0,normal,NONE
TX-009455,ACC-00527,ACC-01497,6878.72,2026-09-02 17:12:32,0,normal,NONE
TX-001772,ACC-00006,ACC-00417,17890.42,2026-09-01 19:35:30,0,normal,NONE
TX-003512,ACC-00948,ACC-00928,2394.38,2026-09-07 20:43:20,0,normal,NONE
TX-000272,ACC-01563,ACC-00329,4924.79,2026-09-09 12:53:27,0,normal,NONE
TX-008437,ACC-00960,ACC-00716,6089.17,2026-09-08 19:12:51,0,normal,NONE
TX-002033,ACC-01948,ACC-00562,1557.95,2026-09-04 17:21:36,0,normal,NONE
TX-009006,ACC-00056,ACC-01640,617.78,2026-09-03 09:34:36,0,normal,NONE
TX-012809,ACC-00312,ACC-01666,56810.83,2026-09-05 23:18:00,0,normal_high_value,NONE
TX-003811,ACC-01148,ACC-01120,41.98,2026-09-08 14:00:16,0,normal,NONE
TX-011888,ACC-01911,ACC-00014,10207.98,2026-09-08 09:20:21,0,normal,NONE
TX-009997,ACC-01887,ACC-00571,15085.71,2026-09-02 17:56:10,0,normal,NONE
TX-004347,ACC-01023,ACC-01363,16683.67,2026-09-07 18:20:48,0,normal,NONE
TX-010654,ACC-01048,ACC-01719,1482.14,2026-09-07 09:39:25,0,normal,NONE
TX-000546,ACC-01585,ACC-01731,5606.35,2026-09-02 22:00:23,0,normal,NONE
TX-003242,ACC-01188,ACC-01557,4391.98,2026-09-07 16:34:34,0,normal,NONE
TX-008931,ACC-00630,ACC-00204,5295.89,2026-09-05 17:25:57,0,normal,NONE
TX-008503,ACC-00999,ACC-01168,16382.76,2026-09-05 08:58:33,0,normal,NONE
TX-009324,ACC-01856,ACC-01107,3804.86,2026-09-02 22:31:32,0,normal,NONE
TX-013140,ACC-01264,ACC-00459,81749.78,2026-09-08 18:32:00,0,normal_high_value,NONE
TX-010962,ACC-00704,ACC-00079,11509.99,2026-09-03 12:35:30,0,normal,NONE
TX-007565,ACC-00626,ACC-01979,7508.11,2026-09-04 10:58:43,0,normal,NONE
TX-000921,ACC-00943,ACC-00729,2826.81,2026-09-05 19:56:37,0,normal,NONE
TX-012083,FRAUD-04-SRC-08,FRAUD-04-COLLECTOR,9925.2,2026-09-04 12:14:00,1,funneling,NET-04
TX-006641,ACC-01612,ACC-01678,12019.17,2026-09-08 20:59:23,0,normal,NONE
TX-007695,ACC-00632,ACC-00173,16947.7,2026-09-09 15:11:32,0,normal,NONE
TX-008231,ACC-01595,ACC-00812,9223.17,2026-09-06 13:25:25,0,normal,NONE
TX-007127,ACC-00727,ACC-00527,3804.55,2026-09-05 12:53:46,0,normal,NONE
TX-004279,ACC-00724,ACC-01638,17897.61,2026-09-06 19:01:04,0,normal,NONE
TX-002984,ACC-00874,ACC-01599,15240.73,2026-09-01 14:55:03,0,normal,NONE
TX-000131,ACC-01307,ACC-01779,13555.2,2026-09-02 08:36:18,0,normal,NONE
TX-007981,ACC-00058,ACC-00910,471.99,2026-09-06 08:40:25,0,normal,NONE
TX-002668,ACC-00375,ACC-00458,6134.47,2026-09-08 15:45:28,0,normal,NONE
TX-007139,ACC-01599,ACC-00570,10787.78,2026-09-07 20:00:28,0,normal,NONE
TX-003224,ACC-01744,ACC-00145,17469.74,2026-09-07 16:19:34,0,normal,NONE
TX-009375,ACC-00751,ACC-00418,14667.39,2026-09-01 15:24:04,0,normal,NONE
TX-007694,ACC-00859,ACC-00580,6591.22,2026-09-09 13:16:43,0,normal,NONE
TX-005393,ACC-00141,ACC-01779,10110.14,2026-09-08 11:05:27,0,normal,NONE
TX-000615,ACC-00466,ACC-01134,1116.49,2026-09-07 21:34:43,0,normal,NONE
TX-013121,ACC-00193,ACC-00294,50594.8,2026-09-03 11:00:00,0,normal_high_value,NONE
TX-001467,ACC-01604,ACC-00054,8184.3,2026-09-06 14:06:06,0,normal,NONE
TX-004498,ACC-01127,ACC-01305,11259.06,2026-09-03 23:53:14,0,normal,NONE
TX-003043,ACC-00584,ACC-00109,4272.41,2026-09-04 16:53:06,0,normal,NONE
TX-009127,ACC-00955,ACC-00839,4465.27,2026-09-06 20:45:51,0,normal,NONE
TX-002420,ACC-01965,ACC-00346,5823.22,2026-09-02 14:37:19,0,normal,NONE
TX-005086,ACC-00382,ACC-01846,12915.59,2026-09-01 18:43:32,0,normal,NONE
TX-003295,ACC-00709,ACC-01427,10605.58,2026-09-07 09:29:35,0,normal,NONE
TX-006738,ACC-01245,ACC-00633,12387.24,2026-09-04 21:59:43,0,normal,NONE
TX-001501,ACC-00886,ACC-00838,6627.86,2026-09-08 18:17:24,0,normal,NONE
TX-009019,ACC-01652,ACC-00424,614.89,2026-09-06 13:43:59,0,normal,NONE
TX-001522,ACC-00143,ACC-01867,17334.64,2026-09-05 14:14:18,0,normal,NONE
TX-012082,FRAUD-04-SRC-07,FRAUD-04-COLLECTOR,10329.35,2026-09-04 12:12:00,1,funneling,NET-04
TX-011123,ACC-00402,ACC-01986,13141.94,2026-09-05 22:52:26,0,normal,NONE
TX-004233,ACC-00510,ACC-01238,16617.69,2026-09-09 12:11:05,0,normal,NONE
TX-007687,ACC-00676,ACC-01233,424.47,2026-09-04 11:21:01,0,normal,NONE
TX-008821,ACC-00680,ACC-00527,15940.21,2026-09-08 20:22:32,0,normal,NONE
TX-004431,ACC-00050,ACC-01939,8408.82,2026-09-04 17:18:50,0,normal,NONE
TX-000391,ACC-01101,ACC-00805,9528.59,2026-09-04 08:48:01,0,normal,NONE
TX-013067,ACC-01751,ACC-01785,59061.66,2026-09-08 12:21:00,0,normal_high_value,NONE
TX-007125,ACC-01150,ACC-00472,9114.79,2026-09-05 17:03:48,0,normal,NONE
TX-005914,ACC-01834,ACC-01611,14995.53,2026-09-04 23:43:11,0,normal,NONE
TX-008593,ACC-00844,ACC-00412,2425.68,2026-09-01 12:13:06,0,normal,NONE
TX-004807,ACC-01333,ACC-00837,13890.73,2026-09-09 14:42:53,0,normal,NONE
TX-011855,ACC-01244,ACC-01152,16948.04,2026-09-07 08:10:01,0,normal,NONE
TX-011552,ACC-01466,ACC-00912,2346.9,2026-09-03 09:27:25,0,normal,NONE
TX-008239,ACC-00958,ACC-00421,4736.2,2026-09-07 09:59:51,0,normal,NONE
TX-008045,ACC-00026,ACC-01788,14032.6,2026-09-01 22:04:57,0,normal,NONE
TX-012962,ACC-01487,ACC-00994,48060.45,2026-09-05 23:33:00,0,normal_high_value,NONE
TX-003994,ACC-00878,ACC-00514,2467.2,2026-09-08 20:43:13,0,normal,NONE
TX-012660,ACC-01997,ACC-01641,37761.33,2026-09-04 14:31:00,0,normal_high_value,NONE
TX-006610,ACC-01849,ACC-01208,2529.32,2026-09-01 15:42:46,0,normal,NONE
TX-005320,ACC-00702,ACC-01762,5491.33,2026-09-08 23:10:38,0,normal,NONE
TX-013042,ACC-00641,ACC-01222,63330.5,2026-09-01 19:24:00,0,normal_high_value,NONE
TX-007120,ACC-01122,ACC-00008,2181.16,2026-09-03 21:38:27,0,normal,NONE
TX-002422,ACC-01103,ACC-00365,7175.52,2026-09-02 14:05:05,0,normal,NONE
TX-005605,ACC-00923,ACC-00320,4739.42,2026-09-01 14:08:08,0,normal,NONE
TX-001751,ACC-00043,ACC-00226,14881.59,2026-09-01 12:15:49,0,normal,NONE
TX-013015,ACC-01627,ACC-00521,70429.13,2026-09-08 22:42:00,0,normal_high_value,NONE
TX-011937,ACC-01773,ACC-01998,1711.48,2026-09-05 13:54:45,0,normal,NONE
TX-012876,ACC-01542,ACC-01667,22507.25,2026-09-02 18:04:00,0,normal_high_value,NONE
TX-000339,ACC-01647,ACC-00971,9357.6,2026-09-03 12:20:59,0,normal,NONE
TX-008408,ACC-00483,ACC-01302,1840.33,2026-09-08 10:58:34,0,normal,NONE
TX-001342,ACC-00012,ACC-00809,2117.88,2026-09-03 23:29:44,0,normal,NONE
TX-012652,ACC-01741,ACC-00350,61969.15,2026-09-04 19:51:00,0,normal_high_value,NONE
TX-007983,ACC-00368,ACC-01909,4611.56,2026-09-04 12:27:21,0,normal,NONE
TX-003641,ACC-01516,ACC-01508,47.11,2026-09-09 14:12:18,0,normal,NONE
TX-000330,ACC-01021,ACC-01055,8413.34,2026-09-05 23:01:05,0,normal,NONE
TX-013031,ACC-00191,ACC-00873,23037.25,2026-09-07 13:39:00,0,normal_high_value,NONE
TX-003005,ACC-01433,ACC-00048,17820.61,2026-09-08 12:25:40,0,normal,NONE
TX-006961,ACC-00831,ACC-01201,16502.52,2026-09-01 11:31:24,0,normal,NONE
TX-004091,ACC-01084,ACC-00295,8316.04,2026-09-01 18:25:17,0,normal,NONE
TX-011308,ACC-01649,ACC-00153,14319.85,2026-09-08 13:17:22,0,normal,NONE
TX-009829,ACC-00343,ACC-01520,1843.55,2026-09-06 21:02:27,0,normal,NONE
TX-002323,ACC-00440,ACC-00378,5796.38,2026-09-04 22:23:21,0,normal,NONE
TX-006668,ACC-01076,ACC-01762,6526.74,2026-09-02 23:37:29,0,normal,NONE
TX-007010,ACC-00741,ACC-00862,8704.58,2026-09-08 11:37:40,0,normal,NONE
TX-004198,ACC-00301,ACC-01721,11112.58,2026-09-02 17:47:41,0,normal,NONE
TX-003550,ACC-00877,ACC-01476,4832.67,2026-09-02 18:21:27,0,normal,NONE
TX-009651,ACC-00463,ACC-01713,5181.99,2026-09-06 15:24:53,0,normal,NONE
TX-008364,ACC-00130,ACC-01304,11717.85,2026-09-08 15:42:11,0,normal,NONE
TX-004204,ACC-00675,ACC-01272,17453.79,2026-09-03 09:33:11,0,normal,NONE
TX-012341,ACC-00366,ACC-01729,39360.59,2026-09-04 09:11:00,0,normal_high_value,NONE
TX-011832,ACC-00130,ACC-00672,14664.82,2026-09-03 10:09:05,0,normal,NONE
TX-006186,ACC-01750,ACC-00788,16800.38,2026-09-03 09:19:33,0,normal,NONE
TX-001640,ACC-00430,ACC-00447,14482.36,2026-09-04 08:23:46,0,normal,NONE
TX-009131,ACC-00435,ACC-01977,11471.84,2026-09-06 19:12:38,0,normal,NONE
TX-000061,ACC-01416,ACC-01852,2700.0,2026-09-01 19:37:35,0,normal,NONE
TX-001241,ACC-00058,ACC-01210,831.23,2026-09-06 19:51:47,0,normal,NONE
TX-005761,ACC-00508,ACC-00729,7648.88,2026-09-01 18:57:56,0,normal,NONE
TX-005137,ACC-00316,ACC-01828,7085.26,2026-09-07 23:54:17,0,normal,NONE
TX-002344,ACC-01038,ACC-01871,10417.9,2026-09-09 11:10:48,0,normal,NONE
TX-002121,ACC-00456,ACC-01981,7325.83,2026-09-05 23:18:58,0,normal,NONE
TX-001525,ACC-00265,ACC-01099,7543.07,2026-09-02 20:57:55,0,normal,NONE
TX-007618,ACC-00518,ACC-00380,643.66,2026-09-04 23:16:07,0,normal,NONE
TX-000154,ACC-00269,ACC-01900,5198.76,2026-09-08 11:01:40,0,normal,NONE
TX-000482,ACC-00288,ACC-00384,5676.15,2026-09-08 09:55:22,0,normal,NONE
TX-006123,ACC-00869,ACC-01041,6139.16,2026-09-09 21:48:04,0,normal,NONE
TX-007675,ACC-00050,ACC-00147,4048.9,2026-09-05 10:19:55,0,normal,NONE
TX-007102,ACC-01516,ACC-01352,14231.06,2026-09-03 20:57:00,0,normal,NONE
TX-001763,ACC-00556,ACC-01877,8996.53,2026-09-06 16:51:58,0,normal,NONE
TX-008943,ACC-00047,ACC-01826,2805.39,2026-09-02 22:11:24,0,normal,NONE
TX-007716,ACC-01690,ACC-00228,4905.02,2026-09-06 22:54:54,0,normal,NONE
TX-009978,ACC-01792,ACC-00861,6217.62,2026-09-05 08:06:57,0,normal,NONE
TX-012031,FRAUD-02-SRC-06,FRAUD-02-COLLECTOR,12903.86,2026-09-06 17:10:00,1,funneling,NET-02
TX-007480,ACC-01385,ACC-00248,5611.65,2026-09-05 16:00:50,0,normal,NONE
TX-006213,ACC-00272,ACC-00405,12205.84,2026-09-06 21:42:54,0,normal,NONE
TX-004854,ACC-01603,ACC-01966,6128.38,2026-09-02 22:13:54,0,normal,NONE
TX-002712,ACC-00568,ACC-00583,7747.85,2026-09-04 15:39:38,0,normal,NONE
TX-006767,ACC-01414,ACC-00216,11817.73,2026-09-02 22:24:55,0,normal,NONE
TX-004151,ACC-01244,ACC-01087,2940.06,2026-09-05 15:35:58,0,normal,NONE
TX-001334,ACC-01850,ACC-00616,15150.85,2026-09-09 21:18:36,0,normal,NONE
TX-012468,ACC-01761,ACC-01136,37651.7,2026-09-04 08:02:00,0,normal_high_value,NONE
TX-011047,ACC-01652,ACC-01807,7695.25,2026-09-08 22:52:27,0,normal,NONE
TX-008379,ACC-00160,ACC-00269,1089.03,2026-09-01 21:06:06,0,normal,NONE
TX-009329,ACC-00282,ACC-00696,15188.11,2026-09-06 10:01:02,0,normal,NONE
TX-012442,ACC-00295,ACC-00709,70294.03,2026-09-09 19:15:00,0,normal_high_value,NONE
TX-012862,ACC-01208,ACC-01636,69991.36,2026-09-07 14:22:00,0,normal_high_value,NONE
TX-010251,ACC-01867,ACC-01892,17870.7,2026-09-03 16:23:07,0,normal,NONE
TX-012088,FRAUD-04-SRC-13,FRAUD-04-COLLECTOR,12342.58,2026-09-04 12:24:00,1,funneling,NET-04
TX-003851,ACC-01454,ACC-01585,5042.31,2026-09-07 11:31:07,0,normal,NONE
TX-008341,ACC-00138,ACC-01063,7270.53,2026-09-07 21:46:28,0,normal,NONE
TX-004125,ACC-02000,ACC-00484,6552.87,2026-09-07 09:21:57,0,normal,NONE
TX-012742,ACC-01954,ACC-00328,53119.36,2026-09-08 17:26:00,0,normal_high_value,NONE
TX-011556,ACC-00821,ACC-01149,14772.19,2026-09-05 11:54:28,0,normal,NONE
TX-004789,ACC-01545,ACC-01985,432.78,2026-09-06 12:11:10,0,normal,NONE
TX-002867,ACC-01263,ACC-01754,16014.43,2026-09-07 16:41:38,0,normal,NONE
TX-001387,ACC-00582,ACC-00438,1688.9,2026-09-09 17:33:21,0,normal,NONE
TX-005942,ACC-01153,ACC-00713,5780.52,2026-09-05 21:23:27,0,normal,NONE
TX-003068,ACC-00367,ACC-00482,16115.63,2026-09-07 22:24:30,0,normal,NONE
TX-012000,ACC-00965,ACC-01530,4642.0,2026-09-04 19:02:16,0,normal,NONE
TX-003630,ACC-00511,ACC-01285,3393.52,2026-09-02 13:06:08,0,normal,NONE
TX-012535,ACC-01298,ACC-00679,21816.57,2026-09-05 21:45:00,0,normal_high_value,NONE
TX-011849,ACC-01779,ACC-01702,7579.38,2026-09-01 13:47:07,0,normal,NONE
TX-003029,ACC-01487,ACC-00826,13738.14,2026-09-07 12:38:08,0,normal,NONE
TX-002970,ACC-00428,ACC-01681,497.72,2026-09-01 11:21:49,0,normal,NONE
TX-011665,ACC-00039,ACC-00788,5064.85,2026-09-02 14:15:21,0,normal,NONE
TX-009901,ACC-01578,ACC-00785,14580.34,2026-09-07 18:06:19,0,normal,NONE
TX-011146,ACC-00294,ACC-00766,3981.94,2026-09-04 12:44:22,0,normal,NONE
TX-008647,ACC-00446,ACC-00692,10832.95,2026-09-01 20:09:31,0,normal,NONE
TX-006137,ACC-01076,ACC-00015,6755.26,2026-09-09 14:12:46,0,normal,NONE
TX-008802,ACC-00371,ACC-01991,4572.61,2026-09-05 10:22:48,0,normal,NONE
TX-004264,ACC-00294,ACC-00748,2451.9,2026-09-05 18:10:44,0,normal,NONE
TX-000646,ACC-00016,ACC-01048,17989.74,2026-09-06 17:19:43,0,normal,NONE
TX-012797,ACC-00901,ACC-01753,24345.03,2026-09-01 12:44:00,0,normal_high_value,NONE
TX-002075,ACC-01808,ACC-01498,3808.04,2026-09-09 16:36:56,0,normal,NONE
TX-000342,ACC-00755,ACC-00679,12135.04,2026-09-07 17:50:57,0,normal,NONE
TX-008042,ACC-00637,ACC-01459,8454.26,2026-09-09 12:16:49,0,normal,NONE
TX-001623,ACC-00458,ACC-00531,2100.11,2026-09-02 11:05:21,0,normal,NONE
TX-007142,ACC-01113,ACC-00004,3489.43,2026-09-09 14:32:40,0,normal,NONE
TX-005797,ACC-01689,ACC-01173,1956.31,2026-09-01 12:04:42,0,normal,NONE
TX-007185,ACC-01518,ACC-01228,2702.65,2026-09-06 11:51:54,0,normal,NONE
TX-012364,ACC-00268,ACC-00889,64878.6,2026-09-01 15:21:00,0,normal_high_value,NONE
TX-008233,ACC-01326,ACC-01071,15986.43,2026-09-05 15:35:12,0,normal,NONE
TX-005476,ACC-00749,ACC-00746,10074.69,2026-09-02 23:55:14,0,normal,NONE
TX-010282,ACC-00871,ACC-01126,2420.5,2026-09-01 09:32:11,0,normal,NONE
TX-010368,ACC-00202,ACC-00389,6051.69,2026-09-05 12:52:28,0,normal,NONE
TX-012264,ACC-01055,ACC-01611,21390.2,2026-09-09 08:20:00,0,normal_high_value,NONE
TX-000075,ACC-00894,ACC-00004,9368.17,2026-09-09 14:23:27,0,normal,NONE
TX-013109,ACC-01866,ACC-00587,70824.77,2026-09-07 12:24:00,0,normal_high_value,NONE
TX-010850,ACC-00017,ACC-01134,7838.0,2026-09-08 09:17:59,0,normal,NONE
TX-011373,ACC-00331,ACC-01056,3415.04,2026-09-04 08:55:40,0,normal,NONE
TX-010269,ACC-00907,ACC-00869,5633.1,2026-09-05 16:04:00,0,normal,NONE
TX-008634,ACC-01303,ACC-01928,8734.8,2026-09-07 13:37:17,0,normal,NONE
TX-012232,FRAUD-10-SRC-07,FRAUD-10-COLLECTOR,5933.33,2026-09-03 12:12:00,1,funneling,NET-10
TX-002052,ACC-00161,ACC-01957,1410.06,2026-09-04 21:34:46,0,normal,NONE
TX-002542,ACC-01835,ACC-00233,433.67,2026-09-03 11:15:04,0,normal,NONE
TX-001302,ACC-00121,ACC-00107,6004.87,2026-09-04 23:58:22,0,normal,NONE
TX-005878,ACC-00156,ACC-00616,16795.78,2026-09-05 16:24:45,0,normal,NONE
TX-007369,ACC-00223,ACC-00004,10124.98,2026-09-09 21:31:38,0,normal,NONE
TX-011623,ACC-01866,ACC-00881,17588.53,2026-09-01 12:46:44,0,normal,NONE
TX-001305,ACC-01146,ACC-00085,10457.15,2026-09-05 13:32:31,0,normal,NONE
TX-008429,ACC-01307,ACC-01782,12210.56,2026-09-06 19:29:48,0,normal,NONE
TX-012047,FRAUD-02-NEXTHOP,FRAUD-02-OUT-05,15364.44,2026-09-06 17:52:00,1,fan_out,NET-02
TX-002600,ACC-01992,ACC-00732,6100.08,2026-09-07 18:48:04,0,normal,NONE
TX-002574,ACC-01227,ACC-00266,9542.87,2026-09-06 19:51:44,0,normal,NONE
TX-011473,ACC-01895,ACC-00772,16842.65,2026-09-02 17:10:24,0,normal,NONE
TX-003187,ACC-00122,ACC-01576,2150.8,2026-09-09 11:02:13,0,normal,NONE
TX-002769,ACC-00086,ACC-00091,5466.33,2026-09-03 14:26:36,0,normal,NONE
TX-004832,ACC-01733,ACC-00178,12027.06,2026-09-08 19:27:46,0,normal,NONE
TX-004224,ACC-01882,ACC-01410,10041.39,2026-09-06 10:30:44,0,normal,NONE
TX-012790,ACC-00619,ACC-01199,88152.94,2026-09-07 11:50:00,0,normal_high_value,NONE
TX-002107,ACC-00041,ACC-01947,13005.67,2026-09-07 10:49:45,0,normal,NONE
TX-002680,ACC-01662,ACC-00281,5765.13,2026-09-04 23:51:13,0,normal,NONE
TX-010954,ACC-00922,ACC-01683,8017.92,2026-09-02 21:40:03,0,normal,NONE
TX-001388,ACC-01551,ACC-01302,2897.29,2026-09-01 16:15:53,0,normal,NONE
TX-012823,ACC-00638,ACC-01915,32964.62,2026-09-04 10:05:00,0,normal_high_value,NONE
TX-012580,ACC-00280,ACC-00274,38352.37,2026-09-08 21:05:00,0,normal_high_value,NONE
TX-011825,ACC-01523,ACC-01040,15431.04,2026-09-07 10:33:39,0,normal,NONE
TX-012804,ACC-01335,ACC-00636,68271.24,2026-09-07 08:05:00,0,normal_high_value,NONE
TX-007084,ACC-00303,ACC-01597,13309.82,2026-09-06 09:33:26,0,normal,NONE
TX-001280,ACC-01824,ACC-00329,16487.72,2026-09-06 21:50:02,0,normal,NONE
TX-000805,ACC-00219,ACC-00317,7680.77,2026-09-05 16:54:34,0,normal,NONE
TX-001556,ACC-01348,ACC-01670,5026.67,2026-09-06 09:04:56,0,normal,NONE
TX-012574,ACC-00222,ACC-01001,41966.64,2026-09-07 20:46:00,0,normal_high_value,NONE
TX-011383,ACC-00248,ACC-01050,14136.42,2026-09-05 22:53:18,0,normal,NONE
TX-004567,ACC-00976,ACC-00047,11946.8,2026-09-02 17:54:41,0,normal,NONE
TX-012817,ACC-01195,ACC-00402,86950.79,2026-09-03 20:40:00,0,normal_high_value,NONE
TX-004842,ACC-01696,ACC-01589,9567.66,2026-09-09 09:19:32,0,normal,NONE
TX-003595,ACC-00946,ACC-00683,15455.32,2026-09-06 20:12:21,0,normal,NONE
TX-006036,ACC-00848,ACC-00035,5942.38,2026-09-04 17:42:09,0,normal,NONE
TX-006853,ACC-00870,ACC-00159,15294.09,2026-09-05 22:05:22,0,normal,NONE
TX-010113,ACC-00101,ACC-01084,10291.03,2026-09-01 17:27:24,0,normal,NONE
TX-008706,ACC-01484,ACC-01532,3198.85,2026-09-01 21:46:50,0,normal,NONE
TX-004178,ACC-00602,ACC-00497,6770.28,2026-09-03 17:02:22,0,normal,NONE
TX-001309,ACC-00580,ACC-01849,15787.32,2026-09-05 18:27:57,0,normal,NONE
TX-009107,ACC-00261,ACC-01021,12620.3,2026-09-08 08:26:38,0,normal,NONE
TX-003453,ACC-01718,ACC-00469,2452.16,2026-09-03 09:16:05,0,normal,NONE
TX-003696,ACC-01273,ACC-00261,8418.26,2026-09-08 21:07:29,0,normal,NONE
TX-004243,ACC-00345,ACC-00085,17623.28,2026-09-02 10:34:53,0,normal,NONE
TX-011349,ACC-01066,ACC-01166,15668.21,2026-09-08 16:49:18,0,normal,NONE
TX-002199,ACC-01569,ACC-00290,14430.78,2026-09-08 20:10:29,0,normal,NONE
TX-008967,ACC-00242,ACC-00758,8903.7,2026-09-08 12:15:37,0,normal,NONE
TX-004426,ACC-00479,ACC-00214,9172.61,2026-09-09 14:45:02,0,normal,NONE
TX-006151,ACC-01647,ACC-01093,2000.95,2026-09-06 11:25:19,0,normal,NONE
TX-000944,ACC-01359,ACC-01079,801.81,2026-09-03 09:18:12,0,normal,NONE
TX-000823,ACC-00834,ACC-01037,1934.24,2026-09-02 17:21:07,0,normal,NONE
TX-005006,ACC-01937,ACC-00398,13457.5,2026-09-04 16:19:43,0,normal,NONE
TX-006613,ACC-00511,ACC-00010,503.01,2026-09-06 22:42:32,0,normal,NONE
TX-008357,ACC-01901,ACC-00642,11478.01,2026-09-06 16:44:51,0,normal,NONE
TX-005620,ACC-00444,ACC-00476,11638.06,2026-09-08 21:54:12,0,normal,NONE
TX-004548,ACC-00009,ACC-00331,17472.28,2026-09-09 10:18:05,0,normal,NONE
TX-002539,ACC-00554,ACC-01428,6765.05,2026-09-06 21:26:45,0,normal,NONE
TX-012926,ACC-01640,ACC-01783,78729.26,2026-09-04 13:53:00,0,normal_high_value,NONE
TX-009504,ACC-01949,ACC-01821,4375.21,2026-09-07 14:02:21,0,normal,NONE
TX-005208,ACC-00444,ACC-00911,15078.27,2026-09-07 17:49:06,0,normal,NONE
TX-012610,ACC-00776,ACC-00437,85807.09,2026-09-03 16:31:00,0,normal_high_value,NONE
TX-012778,ACC-00386,ACC-00561,38780.5,2026-09-02 20:05:00,0,normal_high_value,NONE
TX-003055,ACC-00005,ACC-00771,9740.36,2026-09-02 13:11:14,0,normal,NONE
TX-003676,ACC-01126,ACC-00041,1045.09,2026-09-07 21:26:01,0,normal,NONE
TX-007777,ACC-01912,ACC-01435,17968.1,2026-09-08 14:29:13,0,normal,NONE
TX-007219,ACC-00746,ACC-01975,17225.78,2026-09-06 09:35:25,0,normal,NONE
TX-006723,ACC-00645,ACC-00315,3298.44,2026-09-07 16:33:16,0,normal,NONE
TX-003301,ACC-01935,ACC-00397,2791.87,2026-09-08 17:49:34,0,normal,NONE
TX-003311,ACC-01757,ACC-01886,15540.75,2026-09-02 10:45:55,0,normal,NONE
TX-007222,ACC-01911,ACC-01913,5736.99,2026-09-07 12:55:25,0,normal,NONE
TX-008520,ACC-01270,ACC-01359,3016.61,2026-09-05 12:42:35,0,normal,NONE
TX-010683,ACC-00951,ACC-01771,7124.48,2026-09-07 11:24:10,0,normal,NONE
TX-005955,ACC-01882,ACC-00850,5281.59,2026-09-06 11:00:18,0,normal,NONE
TX-010999,ACC-01480,ACC-00584,17453.16,2026-09-02 15:13:22,0,normal,NONE
TX-000833,ACC-01710,ACC-00512,15057.3,2026-09-06 12:49:06,0,normal,NONE
TX-011272,ACC-01024,ACC-00057,5064.83,2026-09-07 21:33:30,0,normal,NONE
TX-003463,ACC-00729,ACC-00815,16257.62,2026-09-02 15:08:49,0,normal,NONE
TX-012365,ACC-01356,ACC-01138,82829.55,2026-09-09 22:18:00,0,normal_high_value,NONE
TX-007644,ACC-00477,ACC-01881,6422.26,2026-09-09 12:54:13,0,normal,NONE
TX-000055,ACC-01136,ACC-00614,16772.97,2026-09-02 12:16:07,0,normal,NONE
TX-003452,ACC-00364,ACC-01129,3863.25,2026-09-05 12:40:59,0,normal,NONE
TX-006306,ACC-00454,ACC-00390,5134.11,2026-09-06 15:14:26,0,normal,NONE
TX-010094,ACC-01974,ACC-00898,1267.82,2026-09-04 11:23:51,0,normal,NONE
TX-001482,ACC-01200,ACC-01870,13784.28,2026-09-01 08:12:12,0,normal,NONE
TX-004874,ACC-00356,ACC-00065,13881.65,2026-09-04 10:56:48,0,normal,NONE
TX-008039,ACC-01163,ACC-01905,11202.27,2026-09-01 22:17:39,0,normal,NONE
TX-003336,ACC-00407,ACC-01502,13920.24,2026-09-01 22:53:48,0,normal,NONE
TX-006017,ACC-01761,ACC-01333,7986.27,2026-09-07 13:20:54,0,normal,NONE
TX-004927,ACC-00682,ACC-01032,4063.84,2026-09-07 15:43:38,0,normal,NONE
TX-009139,ACC-00798,ACC-00302,5616.85,2026-09-03 19:31:16,0,normal,NONE
TX-005798,ACC-00445,ACC-00394,5790.38,2026-09-09 14:06:28,0,normal,NONE
TX-011486,ACC-01622,ACC-00058,7016.32,2026-09-07 12:23:42,0,normal,NONE
TX-010354,ACC-01321,ACC-00616,5616.48,2026-09-07 13:41:47,0,normal,NONE
TX-013027,ACC-01657,ACC-01915,32894.91,2026-09-07 19:55:00,0,normal_high_value,NONE
TX-005084,ACC-01261,ACC-01011,13235.59,2026-09-05 14:35:29,0,normal,NONE
TX-006646,ACC-00128,ACC-00589,10326.61,2026-09-09 23:33:08,0,normal,NONE
TX-011250,ACC-01646,ACC-00995,5702.87,2026-09-04 17:52:17,0,normal,NONE
TX-005491,ACC-01407,ACC-01946,16016.03,2026-09-09 20:30:08,0,normal,NONE
TX-000769,ACC-00276,ACC-01392,13198.85,2026-09-08 22:28:22,0,normal,NONE
TX-002066,ACC-00726,ACC-00262,7253.67,2026-09-09 15:45:18,0,normal,NONE
TX-012591,ACC-00614,ACC-00744,49050.71,2026-09-02 13:52:00,0,normal_high_value,NONE
TX-011688,ACC-00188,ACC-02000,3180.11,2026-09-09 19:07:10,0,normal,NONE
TX-007312,ACC-01296,ACC-01429,14125.35,2026-09-01 08:00:45,0,normal,NONE
TX-008478,ACC-01078,ACC-01618,2795.48,2026-09-03 22:30:57,0,normal,NONE
TX-013168,ACC-00804,ACC-00282,71503.15,2026-09-02 22:46:00,0,normal_high_value,NONE
TX-004525,ACC-00810,ACC-01681,10316.38,2026-09-09 10:42:07,0,normal,NONE
TX-011569,ACC-01055,ACC-00441,1959.34,2026-09-09 11:34:03,0,normal,NONE
TX-010525,ACC-01914,ACC-01320,12021.45,2026-09-05 16:34:42,0,normal,NONE
TX-002718,ACC-01827,ACC-00356,16518.91,2026-09-05 11:00:15,0,normal,NONE
TX-002080,ACC-00082,ACC-01966,16033.79,2026-09-09 14:00:31,0,normal,NONE
TX-011582,ACC-01305,ACC-00554,12675.32,2026-09-02 11:06:44,0,normal,NONE
TX-008915,ACC-01055,ACC-01679,6453.51,2026-09-02 12:43:12,0,normal,NONE
TX-000952,ACC-01663,ACC-00127,11271.75,2026-09-07 08:35:17,0,normal,NONE
TX-008059,ACC-01239,ACC-01558,4024.85,2026-09-05 12:31:35,0,normal,NONE
TX-002483,ACC-01413,ACC-00457,1288.03,2026-09-02 11:10:57,0,normal,NONE
TX-010455,ACC-01269,ACC-01490,4701.39,2026-09-06 23:11:01,0,normal,NONE
TX-009182,ACC-00742,ACC-01122,6224.71,2026-09-06 13:01:04,0,normal,NONE
TX-011405,ACC-01334,ACC-00485,8121.49,2026-09-08 09:40:16,0,normal,NONE
TX-001760,ACC-00684,ACC-00243,6501.67,2026-09-02 09:38:09,0,normal,NONE
TX-009985,ACC-00837,ACC-01202,16370.79,2026-09-07 10:26:44,0,normal,NONE
TX-004423,ACC-00045,ACC-00136,7787.48,2026-09-03 18:30:13,0,normal,NONE
TX-006705,ACC-01534,ACC-01594,10150.42,2026-09-07 10:16:09,0,normal,NONE
TX-009917,ACC-01037,ACC-00213,3540.7,2026-09-01 18:30:45,0,normal,NONE
TX-005183,ACC-00748,ACC-01185,14591.39,2026-09-04 21:28:25,0,normal,NONE
TX-008534,ACC-00991,ACC-00554,10572.55,2026-09-01 09:36:55,0,normal,NONE
TX-003702,ACC-00419,ACC-00631,11109.03,2026-09-03 18:20:14,0,normal,NONE
TX-004244,ACC-01481,ACC-01685,12475.75,2026-09-05 15:05:05,0,normal,NONE
TX-000689,ACC-01800,ACC-01502,1691.26,2026-09-06 13:07:25,0,normal,NONE
TX-003433,ACC-00686,ACC-01962,17555.47,2026-09-08 18:48:56,0,normal,NONE
TX-004945,ACC-00464,ACC-01448,5301.34,2026-09-01 13:19:08,0,normal,NONE
TX-000967,ACC-01375,ACC-00416,13644.82,2026-09-02 13:59:28,0,normal,NONE
TX-012863,ACC-01255,ACC-01422,35332.37,2026-09-03 11:44:00,0,normal_high_value,NONE
TX-012571,ACC-01907,ACC-01355,39124.02,2026-09-04 16:03:00,0,normal_high_value,NONE
TX-010396,ACC-00018,ACC-01718,14287.7,2026-09-04 09:26:51,0,normal,NONE
TX-002714,ACC-00311,ACC-00048,9975.71,2026-09-06 15:10:51,0,normal,NONE
TX-004758,ACC-01559,ACC-01172,5469.73,2026-09-08 16:49:29,0,normal,NONE
TX-012654,ACC-00064,ACC-01559,63371.07,2026-09-08 16:39:00,0,normal_high_value,NONE
TX-006321,ACC-01443,ACC-01470,14429.77,2026-09-05 19:52:09,0,normal,NONE
TX-005976,ACC-00838,ACC-01455,9058.7,2026-09-02 09:02:50,0,normal,NONE
TX-003573,ACC-01263,ACC-00382,17332.69,2026-09-08 10:07:56,0,normal,NONE
TX-005300,ACC-01982,ACC-00763,9148.24,2026-09-08 12:57:15,0,normal,NONE
TX-001991,ACC-00425,ACC-01169,14899.81,2026-09-09 19:22:39,0,normal,NONE
TX-001206,ACC-01422,ACC-00292,12391.09,2026-09-05 12:13:08,0,normal,NONE
TX-004972,ACC-00922,ACC-00551,3691.56,2026-09-01 19:10:48,0,normal,NONE
TX-012886,ACC-01602,ACC-01248,77353.86,2026-09-05 16:28:00,0,normal_high_value,NONE
TX-006784,ACC-01039,ACC-00814,15746.62,2026-09-03 21:28:14,0,normal,NONE
TX-003601,ACC-01374,ACC-01518,2460.46,2026-09-04 14:19:29,0,normal,NONE
TX-006491,ACC-01431,ACC-01982,9069.97,2026-09-09 13:41:45,0,normal,NONE
TX-008610,ACC-00074,ACC-01541,6745.37,2026-09-09 15:14:21,0,normal,NONE
TX-013220,ACC-00250,ACC-00394,76709.15,2026-09-06 10:43:00,0,normal_high_value,NONE
TX-011977,ACC-01409,ACC-01497,8368.43,2026-09-02 21:28:53,0,normal,NONE
TX-008071,ACC-01144,ACC-01247,7844.96,2026-09-03 17:39:19,0,normal,NONE
TX-008578,ACC-00785,ACC-00629,17417.12,2026-09-06 09:34:18,0,normal,NONE
TX-007974,ACC-01336,ACC-00444,1298.66,2026-09-04 18:39:41,0,normal,NONE
TX-012337,ACC-01126,ACC-01912,39571.76,2026-09-02 20:20:00,0,normal_high_value,NONE
TX-001626,ACC-01097,ACC-00389,15251.19,2026-09-07 18:49:23,0,normal,NONE
TX-000537,ACC-01997,ACC-01181,11303.04,2026-09-08 22:32:23,0,normal,NONE
TX-008767,ACC-01204,ACC-00650,6907.42,2026-09-09 20:57:16,0,normal,NONE
TX-007971,ACC-01390,ACC-00719,16062.44,2026-09-06 11:41:09,0,normal,NONE
TX-004213,ACC-00652,ACC-00462,17359.29,2026-09-04 23:42:39,0,normal,NONE
TX-006457,ACC-01500,ACC-01571,6031.24,2026-09-05 08:01:15,0,normal,NONE
TX-003508,ACC-01986,ACC-01348,5042.9,2026-09-03 21:56:57,0,normal,NONE
TX-008394,ACC-01121,ACC-00901,9562.97,2026-09-03 08:43:54,0,normal,NONE
TX-009525,ACC-01708,ACC-00827,15704.01,2026-09-06 10:31:31,0,normal,NONE
TX-007113,ACC-00889,ACC-00911,1715.26,2026-09-09 18:14:59,0,normal,NONE
TX-011695,ACC-01959,ACC-00282,152.82,2026-09-04 19:32:07,0,normal,NONE
TX-002709,ACC-00112,ACC-00085,15252.2,2026-09-05 11:35:34,0,normal,NONE
TX-005032,ACC-01613,ACC-01903,4994.74,2026-09-07 10:19:46,0,normal,NONE
TX-006515,ACC-01651,ACC-01399,8452.55,2026-09-01 18:13:24,0,normal,NONE
TX-004663,ACC-01794,ACC-00856,12803.1,2026-09-03 15:47:20,0,normal,NONE
TX-004022,ACC-00903,ACC-00328,10146.36,2026-09-08 21:15:58,0,normal,NONE
TX-001855,ACC-01839,ACC-00455,5358.67,2026-09-09 15:46:49,0,normal,NONE
TX-012491,ACC-01797,ACC-01746,85977.87,2026-09-06 08:42:00,0,normal_high_value,NONE
TX-002873,ACC-00423,ACC-00916,2616.02,2026-09-02 19:20:26,0,normal,NONE
TX-003031,ACC-01692,ACC-00972,16612.46,2026-09-01 13:36:44,0,normal,NONE
TX-009398,ACC-00082,ACC-01718,17653.58,2026-09-05 17:05:05,0,normal,NONE
TX-001646,ACC-01629,ACC-01374,11860.17,2026-09-08 20:17:40,0,normal,NONE
TX-003418,ACC-00027,ACC-01320,365.6,2026-09-07 09:04:34,0,normal,NONE
TX-003477,ACC-00346,ACC-00790,2441.72,2026-09-02 10:18:09,0,normal,NONE
TX-012661,ACC-01380,ACC-00723,46034.08,2026-09-08 15:31:00,0,normal_high_value,NONE
TX-011054,ACC-01314,ACC-01885,10461.31,2026-09-09 20:07:58,0,normal,NONE
TX-001793,ACC-00191,ACC-01933,5568.72,2026-09-06 17:25:32,0,normal,NONE
TX-003798,ACC-00496,ACC-01636,11143.9,2026-09-01 18:34:20,0,normal,NONE
TX-003369,ACC-00537,ACC-01469,8158.18,2026-09-02 12:26:04,0,normal,NONE
TX-011560,ACC-01547,ACC-01865,8064.56,2026-09-01 13:44:46,0,normal,NONE
TX-011726,ACC-01311,ACC-00356,12256.35,2026-09-04 17:26:06,0,normal,NONE
TX-007197,ACC-01506,ACC-01411,8447.46,2026-09-08 21:13:47,0,normal,NONE
TX-012779,ACC-00746,ACC-01265,23055.31,2026-09-09 22:39:00,0,normal_high_value,NONE
TX-005110,ACC-00326,ACC-01077,16314.07,2026-09-09 08:48:48,0,normal,NONE
TX-006025,ACC-01573,ACC-00389,5565.78,2026-09-09 12:17:51,0,normal,NONE
TX-011642,ACC-00228,ACC-01967,3639.89,2026-09-07 13:05:21,0,normal,NONE
TX-008796,ACC-00049,ACC-00938,14453.84,2026-09-05 15:33:54,0,normal,NONE
TX-011249,ACC-00080,ACC-01190,7792.13,2026-09-08 19:07:05,0,normal,NONE
TX-012317,ACC-00097,ACC-01191,38655.18,2026-09-09 09:22:00,0,normal_high_value,NONE
TX-000127,ACC-00647,ACC-00245,13377.0,2026-09-03 14:13:47,0,normal,NONE
TX-005960,ACC-00062,ACC-01351,5984.96,2026-09-07 19:58:05,0,normal,NONE
TX-003877,ACC-00674,ACC-00004,15818.11,2026-09-04 08:03:01,0,normal,NONE
TX-011128,ACC-00226,ACC-00685,6894.49,2026-09-07 23:45:35,0,normal,NONE
TX-004452,ACC-00827,ACC-00247,4952.77,2026-09-01 13:13:15,0,normal,NONE
TX-007148,ACC-00963,ACC-01072,1269.57,2026-09-06 12:16:53,0,normal,NONE
TX-003532,ACC-00812,ACC-00205,6388.89,2026-09-09 15:57:35,0,normal,NONE
TX-010923,ACC-01247,ACC-01863,7509.56,2026-09-01 19:17:26,0,normal,NONE
TX-000828,ACC-00845,ACC-01957,6368.67,2026-09-09 08:44:53,0,normal,NONE
TX-009832,ACC-01975,ACC-00619,13417.89,2026-09-05 08:22:50,0,normal,NONE
TX-007791,ACC-00671,ACC-00526,16431.56,2026-09-06 20:09:20,0,normal,NONE
TX-000985,ACC-01752,ACC-01022,9792.15,2026-09-01 23:15:13,0,normal,NONE
TX-011474,ACC-01621,ACC-00859,2511.13,2026-09-05 15:26:31,0,normal,NONE
TX-011198,ACC-00076,ACC-01145,7668.5,2026-09-04 12:20:50,0,normal,NONE
TX-007784,ACC-00642,ACC-01752,1548.45,2026-09-05 15:21:34,0,normal,NONE
TX-010381,ACC-00196,ACC-01049,2823.84,2026-09-02 18:21:31,0,normal,NONE
TX-012701,ACC-00863,ACC-00256,50195.25,2026-09-02 08:42:00,0,normal_high_value,NONE
TX-002444,ACC-01396,ACC-01202,5673.97,2026-09-01 09:45:48,0,normal,NONE
TX-008555,ACC-00440,ACC-01592,14873.83,2026-09-09 13:59:32,0,normal,NONE
TX-010542,ACC-00464,ACC-00477,5996.48,2026-09-04 14:31:49,0,normal,NONE
TX-000346,ACC-00497,ACC-00065,10314.81,2026-09-02 14:01:28,0,normal,NONE
TX-000815,ACC-00118,ACC-01937,13929.48,2026-09-03 23:28:00,0,normal,NONE
TX-006167,ACC-00551,ACC-01050,17442.35,2026-09-01 15:16:33,0,normal,NONE
TX-011398,ACC-00015,ACC-00558,8224.4,2026-09-07 20:51:56,0,normal,NONE
TX-012024,FRAUD-01-NEXTHOP,FRAUD-01-OUT-07,11293.2,2026-09-05 13:54:00,1,fan_out,NET-01
TX-012956,ACC-01466,ACC-01284,63962.85,2026-09-04 13:26:00,0,normal_high_value,NONE
TX-011518,ACC-01902,ACC-00191,14236.51,2026-09-03 20:16:09,0,normal,NONE
TX-005780,ACC-00188,ACC-01610,3050.19,2026-09-05 17:00:47,0,normal,NONE
TX-002117,ACC-01701,ACC-01110,10895.6,2026-09-03 11:47:37,0,normal,NONE
TX-010027,ACC-01085,ACC-00694,12187.9,2026-09-08 19:25:52,0,normal,NONE
TX-000794,ACC-01231,ACC-00293,14307.2,2026-09-03 16:10:46,0,normal,NONE
TX-013178,ACC-00870,ACC-00667,79602.7,2026-09-06 12:14:00,0,normal_high_value,NONE
TX-006899,ACC-00835,ACC-00157,1259.68,2026-09-08 23:12:28,0,normal,NONE
TX-002675,ACC-00177,ACC-01169,3378.5,2026-09-04 22:42:34,0,normal,NONE
TX-000095,ACC-01422,ACC-00313,12721.42,2026-09-02 21:26:21,0,normal,NONE
TX-004226,ACC-00721,ACC-00786,3482.69,2026-09-05 09:38:52,0,normal,NONE
TX-003757,ACC-01051,ACC-00972,9118.38,2026-09-03 10:22:50,0,normal,NONE
TX-002892,ACC-00557,ACC-01201,3606.41,2026-09-07 19:06:24,0,normal,NONE
TX-002372,ACC-00985,ACC-00991,15441.09,2026-09-04 20:28:13,0,normal,NONE
TX-011421,ACC-00303,ACC-01527,1983.89,2026-09-03 13:02:37,0,normal,NONE
TX-012440,ACC-01330,ACC-01818,64599.46,2026-09-04 21:38:00,0,normal_high_value,NONE
TX-003229,ACC-00779,ACC-01154,1550.6,2026-09-07 10:48:41,0,normal,NONE
TX-007864,ACC-00316,ACC-00969,7340.84,2026-09-03 20:35:36,0,normal,NONE
TX-006360,ACC-01353,ACC-01014,13051.37,2026-09-02 22:19:13,0,normal,NONE
TX-012193,FRAUD-08-NEXTHOP,FRAUD-08-OUT-01,11726.63,2026-09-07 09:48:00,1,fan_out,NET-08
TX-007327,ACC-00560,ACC-00972,2745.07,2026-09-02 22:07:48,0,normal,NONE
TX-006029,ACC-01684,ACC-01915,8960.38,2026-09-03 14:05:45,0,normal,NONE
TX-011046,ACC-01801,ACC-00272,10259.76,2026-09-09 20:14:41,0,normal,NONE
TX-011105,ACC-00649,ACC-00174,12754.87,2026-09-05 11:21:56,0,normal,NONE
TX-001866,ACC-00445,ACC-00061,5909.16,2026-09-04 10:46:44,0,normal,NONE
TX-004613,ACC-00456,ACC-01738,1504.55,2026-09-09 12:33:24,0,normal,NONE
TX-010050,ACC-00338,ACC-00377,6990.09,2026-09-02 12:16:24,0,normal,NONE
TX-002646,ACC-01714,ACC-01633,6732.33,2026-09-07 20:14:36,0,normal,NONE
TX-002244,ACC-01532,ACC-01085,6658.06,2026-09-05 18:28:43,0,normal,NONE
TX-005374,ACC-00861,ACC-01220,8028.16,2026-09-02 17:12:43,0,normal,NONE
TX-002337,ACC-00304,ACC-00423,5566.5,2026-09-02 08:34:38,0,normal,NONE
TX-000951,ACC-01402,ACC-00721,6409.7,2026-09-05 15:32:17,0,normal,NONE
TX-011261,ACC-01940,ACC-01113,3820.85,2026-09-05 19:18:05,0,normal,NONE
TX-001121,ACC-01086,ACC-00196,11148.2,2026-09-09 15:29:49,0,normal,NONE
TX-010790,ACC-00609,ACC-01313,2604.44,2026-09-01 14:00:26,0,normal,NONE
TX-002205,ACC-00652,ACC-01563,16836.02,2026-09-07 18:57:18,0,normal,NONE
TX-000420,ACC-01822,ACC-01111,17826.02,2026-09-01 09:53:54,0,normal,NONE
TX-000923,ACC-01166,ACC-01880,3929.52,2026-09-02 18:50:30,0,normal,NONE
TX-009447,ACC-00285,ACC-00941,8796.43,2026-09-03 08:43:24,0,normal,NONE
TX-008670,ACC-00836,ACC-00913,7587.44,2026-09-09 08:50:41,0,normal,NONE
TX-010228,ACC-00049,ACC-01414,3551.24,2026-09-04 15:32:26,0,normal,NONE
TX-005409,ACC-01267,ACC-01919,4083.94,2026-09-01 23:44:45,0,normal,NONE
TX-005789,ACC-01455,ACC-00752,8524.39,2026-09-04 14:38:49,0,normal,NONE
TX-005743,ACC-01590,ACC-00947,3986.86,2026-09-03 13:35:22,0,normal,NONE
TX-007668,ACC-01544,ACC-01643,14217.48,2026-09-07 16:17:20,0,normal,NONE
TX-005568,ACC-01244,ACC-01747,1606.97,2026-09-04 22:37:51,0,normal,NONE
TX-008136,ACC-00501,ACC-01780,2547.2,2026-09-06 10:55:05,0,normal,NONE
TX-001203,ACC-01877,ACC-00157,2115.85,2026-09-03 08:30:22,0,normal,NONE
TX-010819,ACC-00372,ACC-01902,17949.41,2026-09-08 16:38:57,0,normal,NONE
TX-005766,ACC-00884,ACC-01352,11185.49,2026-09-08 17:22:31,0,normal,NONE
TX-008390,ACC-01819,ACC-01035,5441.57,2026-09-08 19:24:50,0,normal,NONE
TX-001971,ACC-00727,ACC-01972,2524.68,2026-09-08 16:00:10,0,normal,NONE
TX-011303,ACC-00540,ACC-00057,12912.51,2026-09-07 21:59:57,0,normal,NONE
TX-004019,ACC-00913,ACC-01817,14018.01,2026-09-06 08:02:18,0,normal,NONE
TX-010344,ACC-00868,ACC-00264,4507.45,2026-09-03 18:21:58,0,normal,NONE
TX-003688,ACC-00215,ACC-00508,7824.28,2026-09-05 11:00:04,0,normal,NONE
TX-001998,ACC-00117,ACC-01119,12561.37,2026-09-02 23:59:58,0,normal,NONE
TX-004034,ACC-00045,ACC-00348,821.82,2026-09-01 11:36:53,0,normal,NONE
TX-011247,ACC-01859,ACC-00837,5332.92,2026-09-08 11:34:50,0,normal,NONE
TX-001249,ACC-00422,ACC-00689,8951.23,2026-09-06 13:39:19,0,normal,NONE
TX-002193,ACC-01263,ACC-00935,10692.47,2026-09-07 20:30:53,0,normal,NONE
TX-002713,ACC-01169,ACC-01540,4815.91,2026-09-09 19:53:15,0,normal,NONE
TX-009185,ACC-00556,ACC-00117,6608.55,2026-09-09 22:00:12,0,normal,NONE
TX-002191,ACC-00686,ACC-00690,11668.91,2026-09-02 13:58:22,0,normal,NONE
TX-004671,ACC-01138,ACC-01394,15138.95,2026-09-03 15:12:28,0,normal,NONE
TX-005143,ACC-00350,ACC-00176,15833.03,2026-09-06 18:46:56,0,normal,NONE
TX-005985,ACC-01281,ACC-01607,13037.94,2026-09-01 19:21:07,0,normal,NONE
TX-006566,ACC-01803,ACC-00936,3499.6,2026-09-03 22:33:13,0,normal,NONE
TX-007805,ACC-01049,ACC-01348,7482.62,2026-09-03 21:32:16,0,normal,NONE
TX-011955,ACC-00224,ACC-01984,15999.41,2026-09-09 12:11:10,0,normal,NONE
TX-006944,ACC-01546,ACC-00819,8828.15,2026-09-09 18:58:05,0,normal,NONE
TX-011790,ACC-00347,ACC-01073,10156.71,2026-09-01 16:10:25,0,normal,NONE
TX-009511,ACC-01773,ACC-00220,11680.2,2026-09-05 10:11:43,0,normal,NONE
TX-010056,ACC-01567,ACC-01998,9613.67,2026-09-08 18:52:54,0,normal,NONE
TX-010536,ACC-01605,ACC-00897,15120.37,2026-09-04 12:46:03,0,normal,NONE
TX-010642,ACC-00556,ACC-01169,3249.26,2026-09-03 15:53:20,0,normal,NONE
TX-002137,ACC-00603,ACC-01475,16597.02,2026-09-05 18:39:56,0,normal,NONE
TX-001066,ACC-01279,ACC-00056,5176.95,2026-09-02 12:32:04,0,normal,NONE
TX-000601,ACC-01637,ACC-01733,620.76,2026-09-01 18:16:06,0,normal,NONE
TX-004228,ACC-01116,ACC-01520,1441.39,2026-09-02 18:57:53,0,normal,NONE
TX-010814,ACC-01049,ACC-01660,643.68,2026-09-02 11:21:16,0,normal,NONE
TX-007578,ACC-00574,ACC-00422,4896.8,2026-09-03 17:42:45,0,normal,NONE
TX-000078,ACC-00669,ACC-00825,12555.81,2026-09-09 12:12:26,0,normal,NONE
TX-007547,ACC-00194,ACC-00600,963.68,2026-09-09 12:12:06,0,normal,NONE
TX-002899,ACC-00024,ACC-01881,10583.24,2026-09-02 16:41:37,0,normal,NONE
TX-004821,ACC-01478,ACC-01485,16303.54,2026-09-02 12:15:42,0,normal,NONE
TX-009507,ACC-01473,ACC-00782,7709.75,2026-09-01 20:36:41,0,normal,NONE
TX-012434,ACC-00566,ACC-01708,74302.85,2026-09-06 17:21:00,0,normal_high_value,NONE
TX-006414,ACC-00977,ACC-01708,1488.48,2026-09-04 13:00:08,0,normal,NONE
TX-009445,ACC-00760,ACC-00132,711.74,2026-09-09 10:03:01,0,normal,NONE
TX-009065,ACC-00477,ACC-01633,2426.63,2026-09-08 13:11:57,0,normal,NONE
TX-012043,FRAUD-02-NEXTHOP,FRAUD-02-OUT-01,13364.74,2026-09-06 17:48:00,1,fan_out,NET-02
TX-008008,ACC-01806,ACC-00713,2960.07,2026-09-05 14:34:31,0,normal,NONE
TX-005469,ACC-00931,ACC-00444,17308.29,2026-09-05 21:44:58,0,normal,NONE
TX-005952,ACC-01893,ACC-01548,8061.99,2026-09-09 14:42:30,0,normal,NONE
TX-012943,ACC-00836,ACC-00217,28865.63,2026-09-07 23:56:00,0,normal_high_value,NONE
TX-011158,ACC-01956,ACC-00870,17331.87,2026-09-04 17:12:25,0,normal,NONE
TX-003392,ACC-01107,ACC-00098,5968.65,2026-09-01 22:52:28,0,normal,NONE
TX-005416,ACC-01351,ACC-00756,9345.45,2026-09-01 16:06:59,0,normal,NONE
TX-002561,ACC-01564,ACC-01002,5656.27,2026-09-04 15:37:10,0,normal,NONE
TX-013105,ACC-01841,ACC-00385,30587.69,2026-09-06 14:46:00,0,normal_high_value,NONE
TX-008163,ACC-00739,ACC-01047,12904.65,2026-09-05 20:55:47,0,normal,NONE
TX-002636,ACC-01847,ACC-00761,13077.05,2026-09-09 12:20:47,0,normal,NONE
TX-005257,ACC-01523,ACC-00720,7541.53,2026-09-08 12:32:36,0,normal,NONE
TX-003531,ACC-00410,ACC-00781,713.57,2026-09-01 23:07:09,0,normal,NONE
TX-008568,ACC-00746,ACC-01342,11110.79,2026-09-06 16:10:11,0,normal,NONE
TX-001909,ACC-00928,ACC-00721,4795.11,2026-09-09 10:22:27,0,normal,NONE
TX-012274,ACC-00605,ACC-00754,71337.81,2026-09-07 21:14:00,0,normal_high_value,NONE
TX-000236,ACC-01530,ACC-00882,3178.99,2026-09-07 15:32:35,0,normal,NONE
TX-001605,ACC-01824,ACC-00703,17990.02,2026-09-04 19:42:25,0,normal,NONE
TX-007985,ACC-01006,ACC-00083,8673.12,2026-09-04 22:38:59,0,normal,NONE
TX-009311,ACC-00633,ACC-00401,3392.81,2026-09-08 11:49:38,0,normal,NONE
TX-011870,ACC-01476,ACC-01941,1938.12,2026-09-01 15:53:17,0,normal,NONE
TX-003491,ACC-01981,ACC-00492,7869.82,2026-09-08 16:25:24,0,normal,NONE
TX-013054,ACC-00529,ACC-00416,89177.73,2026-09-02 22:51:00,0,normal_high_value,NONE
TX-011151,ACC-01388,ACC-00612,13621.46,2026-09-02 08:43:44,0,normal,NONE
TX-001995,ACC-00678,ACC-00047,4047.9,2026-09-05 16:24:45,0,normal,NONE
TX-002825,ACC-00438,ACC-01094,11909.97,2026-09-05 11:54:15,0,normal,NONE
TX-012307,ACC-01128,ACC-00709,56966.7,2026-09-04 14:51:00,0,normal_high_value,NONE
TX-010569,ACC-01949,ACC-00879,14952.11,2026-09-09 21:58:12,0,normal,NONE
TX-001343,ACC-00830,ACC-01780,11845.75,2026-09-08 17:39:52,0,normal,NONE
TX-008513,ACC-01119,ACC-01991,7163.33,2026-09-09 23:40:10,0,normal,NONE
TX-001620,ACC-01890,ACC-01095,11411.2,2026-09-08 10:50:44,0,normal,NONE
TX-011906,ACC-00915,ACC-01503,1897.55,2026-09-09 20:40:34,0,normal,NONE
TX-005288,ACC-01183,ACC-00804,5588.58,2026-09-02 21:00:15,0,normal,NONE
TX-002061,ACC-00700,ACC-00643,2140.99,2026-09-07 21:32:09,0,normal,NONE
TX-013189,ACC-01397,ACC-00270,77844.27,2026-09-03 21:15:00,0,normal_high_value,NONE
TX-002220,ACC-01942,ACC-01914,12742.01,2026-09-05 14:32:52,0,normal,NONE
TX-009866,ACC-00646,ACC-01126,4333.46,2026-09-04 19:11:07,0,normal,NONE
TX-006039,ACC-00464,ACC-01486,1979.87,2026-09-05 10:17:55,0,normal,NONE
TX-000261,ACC-00868,ACC-01042,6525.67,2026-09-06 17:11:13,0,normal,NONE
TX-012412,ACC-00795,ACC-01205,31365.93,2026-09-04 20:08:00,0,normal_high_value,NONE
TX-010232,ACC-00474,ACC-00815,4688.49,2026-09-01 20:41:27,0,normal,NONE
TX-009094,ACC-01652,ACC-00401,13679.41,2026-09-05 22:40:05,0,normal,NONE
TX-003745,ACC-01197,ACC-01370,5508.82,2026-09-06 12:45:54,0,normal,NONE
TX-002027,ACC-00713,ACC-01920,487.34,2026-09-06 16:51:48,0,normal,NONE
TX-006989,ACC-01482,ACC-01228,17212.48,2026-09-04 13:58:00,0,normal,NONE
TX-004235,ACC-00329,ACC-01572,16917.09,2026-09-01 15:32:23,0,normal,NONE
TX-001918,ACC-00194,ACC-00380,9068.26,2026-09-08 17:54:58,0,normal,NONE
TX-001829,ACC-01756,ACC-00258,11424.59,2026-09-02 09:13:47,0,normal,NONE
TX-009766,ACC-00122,ACC-01298,6849.61,2026-09-01 08:39:35,0,normal,NONE
TX-006234,ACC-00832,ACC-00584,891.81,2026-09-04 15:45:13,0,normal,NONE
TX-012373,ACC-01630,ACC-00410,71999.47,2026-09-04 23:13:00,0,normal_high_value,NONE
TX-006284,ACC-00023,ACC-01220,13526.05,2026-09-03 11:25:35,0,normal,NONE
TX-004209,ACC-00747,ACC-00504,11310.5,2026-09-01 22:39:26,0,normal,NONE
TX-000225,ACC-01348,ACC-01699,12488.61,2026-09-01 13:17:44,0,normal,NONE
TX-008916,ACC-01363,ACC-00514,9123.93,2026-09-02 08:55:46,0,normal,NONE
TX-010003,ACC-01354,ACC-01169,226.94,2026-09-05 18:49:18,0,normal,NONE
TX-009334,ACC-01897,ACC-00362,1946.65,2026-09-02 13:12:26,0,normal,NONE
TX-006470,ACC-01477,ACC-00968,13681.91,2026-09-03 12:43:14,0,normal,NONE
TX-012476,ACC-00153,ACC-00710,27511.06,2026-09-03 13:47:00,0,normal_high_value,NONE
TX-010955,ACC-00205,ACC-01508,580.51,2026-09-04 11:54:59,0,normal,NONE
TX-000847,ACC-00362,ACC-00864,9002.77,2026-09-09 18:50:31,0,normal,NONE
TX-004290,ACC-01462,ACC-01244,8918.23,2026-09-09 22:25:35,0,normal,NONE
TX-005561,ACC-00912,ACC-00566,9576.81,2026-09-01 15:01:16,0,normal,NONE
TX-002552,ACC-01111,ACC-01179,17509.57,2026-09-02 10:12:11,0,normal,NONE
TX-011121,ACC-00688,ACC-00683,9779.02,2026-09-08 15:07:24,0,normal,NONE
TX-000118,ACC-00178,ACC-00572,15871.73,2026-09-04 22:36:39,0,normal,NONE
TX-008838,ACC-01776,ACC-01587,12935.5,2026-09-07 13:19:47,0,normal,NONE
TX-005967,ACC-00611,ACC-01587,15750.08,2026-09-06 16:33:25,0,normal,NONE
TX-008196,ACC-01137,ACC-00536,16592.07,2026-09-01 10:41:55,0,normal,NONE
TX-008660,ACC-00977,ACC-00265,4065.41,2026-09-04 08:00:30,0,normal,NONE
TX-007490,ACC-01360,ACC-00378,11825.22,2026-09-04 23:33:59,0,normal,NONE
TX-000006,ACC-00319,ACC-00441,17230.69,2026-09-06 11:05:24,0,normal,NONE
TX-005343,ACC-00833,ACC-00139,15566.68,2026-09-05 17:09:28,0,normal,NONE
TX-009112,ACC-00401,ACC-00134,11093.18,2026-09-02 20:56:28,0,normal,NONE
TX-010788,ACC-01539,ACC-01489,13147.02,2026-09-05 16:57:17,0,normal,NONE
TX-004325,ACC-01447,ACC-01037,7701.94,2026-09-06 18:00:55,0,normal,NONE
TX-001064,ACC-00604,ACC-00593,3031.8,2026-09-05 16:03:40,0,normal,NONE
TX-002591,ACC-01589,ACC-01864,17873.78,2026-09-08 20:35:10,0,normal,NONE
TX-008435,ACC-01797,ACC-00435,465.98,2026-09-09 13:01:50,0,normal,NONE
TX-009353,ACC-00388,ACC-00595,15311.51,2026-09-09 23:58:14,0,normal,NONE
TX-011063,ACC-01184,ACC-01458,2148.95,2026-09-07 10:29:25,0,normal,NONE
TX-003736,ACC-00530,ACC-01022,5545.31,2026-09-07 17:34:18,0,normal,NONE
TX-010590,ACC-00396,ACC-00798,13838.1,2026-09-06 15:48:52,0,normal,NONE
TX-003518,ACC-01357,ACC-01735,17017.63,2026-09-02 21:01:38,0,normal,NONE
TX-006987,ACC-01758,ACC-01583,7176.35,2026-09-03 17:54:54,0,normal,NONE
TX-011614,ACC-01416,ACC-01300,2415.04,2026-09-05 20:06:00,0,normal,NONE
TX-010756,ACC-00823,ACC-01629,13598.87,2026-09-07 11:05:23,0,normal,NONE
TX-006768,ACC-00702,ACC-01727,17271.53,2026-09-04 13:18:54,0,normal,NONE
TX-005623,ACC-01477,ACC-01354,17695.25,2026-09-03 21:56:59,0,normal,NONE
TX-001606,ACC-00776,ACC-01251,1049.2,2026-09-06 18:51:06,0,normal,NONE
TX-001734,ACC-01620,ACC-01051,8208.83,2026-09-09 16:19:54,0,normal,NONE
TX-010517,ACC-00353,ACC-01217,8517.13,2026-09-01 21:40:30,0,normal,NONE
TX-010902,ACC-00985,ACC-00325,4149.53,2026-09-03 23:19:47,0,normal,NONE
TX-012383,ACC-00098,ACC-00772,31048.17,2026-09-05 21:48:00,0,normal_high_value,NONE
TX-009505,ACC-00936,ACC-01505,6370.31,2026-09-09 20:25:55,0,normal,NONE
TX-011641,ACC-01451,ACC-01365,6873.77,2026-09-07 12:53:38,0,normal,NONE
TX-003813,ACC-01043,ACC-01787,1862.03,2026-09-05 16:29:07,0,normal,NONE
TX-012884,ACC-01072,ACC-01220,87377.86,2026-09-03 19:22:00,0,normal_high_value,NONE
TX-010555,ACC-01617,ACC-01241,14227.64,2026-09-01 23:07:44,0,normal,NONE
TX-010168,ACC-01874,ACC-01119,4335.15,2026-09-02 13:28:46,0,normal,NONE
TX-011707,ACC-01336,ACC-00750,12177.32,2026-09-04 22:01:54,0,normal,NONE
TX-001762,ACC-01367,ACC-01408,5442.12,2026-09-05 19:56:06,0,normal,NONE
TX-005402,ACC-00295,ACC-00538,11972.86,2026-09-03 19:52:18,0,normal,NONE
TX-002740,ACC-00367,ACC-01094,2251.99,2026-09-08 19:46:11,0,normal,NONE
TX-012766,ACC-01538,ACC-01083,54495.52,2026-09-01 08:00:00,0,normal_high_value,NONE
TX-002473,ACC-01395,ACC-01432,824.08,2026-09-04 11:29:11,0,normal,NONE
TX-006739,ACC-01679,ACC-00010,12246.53,2026-09-05 14:33:26,0,normal,NONE
TX-006892,ACC-00121,ACC-01148,4734.86,2026-09-02 18:36:45,0,normal,NONE
TX-007944,ACC-01667,ACC-01014,1695.85,2026-09-05 08:40:09,0,normal,NONE
TX-009686,ACC-00739,ACC-00022,15465.93,2026-09-03 15:58:21,0,normal,NONE
TX-004207,ACC-01921,ACC-01165,16924.17,2026-09-09 09:41:54,0,normal,NONE
TX-006372,ACC-00219,ACC-01743,9451.8,2026-09-02 21:39:57,0,normal,NONE
TX-010351,ACC-00717,ACC-01117,5437.89,2026-09-08 19:05:38,0,normal,NONE
TX-009362,ACC-00920,ACC-01177,10181.48,2026-09-08 16:08:22,0,normal,NONE
TX-010349,ACC-01349,ACC-01931,2518.17,2026-09-06 22:56:26,0,normal,NONE
TX-000233,ACC-00228,ACC-00581,12214.36,2026-09-08 17:02:14,0,normal,NONE
TX-008259,ACC-00502,ACC-01695,13936.39,2026-09-09 12:15:49,0,normal,NONE
TX-007562,ACC-01493,ACC-01135,15516.36,2026-09-02 23:06:20,0,normal,NONE
TX-009796,ACC-00839,ACC-01677,4167.59,2026-09-03 21:47:47,0,normal,NONE
TX-006169,ACC-00673,ACC-01352,5139.77,2026-09-01 17:56:16,0,normal,NONE
TX-011476,ACC-01027,ACC-00083,979.38,2026-09-03 20:57:17,0,normal,NONE
TX-003597,ACC-01989,ACC-01652,1438.29,2026-09-04 10:16:45,0,normal,NONE
TX-006289,ACC-00360,ACC-00454,3638.41,2026-09-02 21:22:21,0,normal,NONE
TX-004633,ACC-00243,ACC-01260,5336.84,2026-09-06 14:43:39,0,normal,NONE
TX-000126,ACC-00930,ACC-00555,5533.08,2026-09-04 11:46:12,0,normal,NONE
TX-007642,ACC-01178,ACC-00546,7134.48,2026-09-05 19:20:19,0,normal,NONE
TX-006230,ACC-00786,ACC-01817,851.14,2026-09-04 10:42:43,0,normal,NONE
TX-001297,ACC-01489,ACC-01387,3424.75,2026-09-03 21:50:09,0,normal,NONE
TX-001977,ACC-01900,ACC-01039,13961.66,2026-09-09 16:08:44,0,normal,NONE
TX-012565,ACC-00739,ACC-01039,88411.42,2026-09-02 15:51:00,0,normal_high_value,NONE
TX-012507,ACC-00396,ACC-00730,71183.22,2026-09-04 20:59:00,0,normal_high_value,NONE
TX-010268,ACC-01252,ACC-00016,5009.91,2026-09-08 17:44:05,0,normal,NONE
TX-005751,ACC-00609,ACC-01975,17376.96,2026-09-09 16:47:42,0,normal,NONE
TX-008153,ACC-01941,ACC-00693,1826.9,2026-09-04 12:01:37,0,normal,NONE
TX-003087,ACC-01763,ACC-01925,9090.57,2026-09-09 20:23:23,0,normal,NONE
TX-012294,ACC-00746,ACC-01952,65866.13,2026-09-08 10:26:00,0,normal_high_value,NONE
TX-006883,ACC-01481,ACC-01832,7524.07,2026-09-06 18:29:57,0,normal,NONE
TX-012333,ACC-01189,ACC-00221,40090.26,2026-09-01 22:16:00,0,normal_high_value,NONE
TX-007674,ACC-00807,ACC-01323,8981.49,2026-09-06 15:02:59,0,normal,NONE
TX-003346,ACC-00941,ACC-01608,297.37,2026-09-04 21:35:35,0,normal,NONE
TX-008173,ACC-00062,ACC-01697,4108.09,2026-09-06 15:18:31,0,normal,NONE
TX-012485,ACC-00541,ACC-01282,33917.11,2026-09-07 19:08:00,0,normal_high_value,NONE
TX-005871,ACC-00990,ACC-00347,12147.56,2026-09-08 19:55:25,0,normal,NONE
TX-006507,ACC-01219,ACC-01799,13337.54,2026-09-03 16:25:53,0,normal,NONE
TX-002798,ACC-01424,ACC-00969,14588.67,2026-09-06 17:18:41,0,normal,NONE
TX-000919,ACC-01061,ACC-00277,17881.55,2026-09-05 08:19:14,0,normal,NONE
TX-001647,ACC-01338,ACC-00912,6624.47,2026-09-02 11:05:07,0,normal,NONE
TX-005123,ACC-00148,ACC-01572,6460.26,2026-09-07 17:56:07,0,normal,NONE
TX-005127,ACC-01715,ACC-00078,1563.79,2026-09-06 23:41:40,0,normal,NONE
TX-004622,ACC-00310,ACC-00093,7535.4,2026-09-01 11:36:15,0,normal,NONE
TX-006810,ACC-01512,ACC-00060,1753.87,2026-09-01 12:50:06,0,normal,NONE
TX-000365,ACC-00361,ACC-01913,16555.03,2026-09-07 23:11:59,0,normal,NONE
TX-011480,ACC-01545,ACC-01197,16828.89,2026-09-01 19:49:14,0,normal,NONE
TX-002126,ACC-01999,ACC-00172,1735.09,2026-09-03 14:55:31,0,normal,NONE
TX-008151,ACC-00667,ACC-01996,1246.86,2026-09-05 16:24:07,0,normal,NONE
TX-008718,ACC-01124,ACC-00129,15819.5,2026-09-01 18:04:49,0,normal,NONE
TX-000056,ACC-01823,ACC-00220,13368.65,2026-09-03 16:18:38,0,normal,NONE
TX-000639,ACC-01716,ACC-01832,4670.71,2026-09-02 17:01:24,0,normal,NONE
TX-000303,ACC-01944,ACC-00760,6708.8,2026-09-02 12:33:23,0,normal,NONE
TX-010959,ACC-01690,ACC-01119,6773.83,2026-09-03 13:16:01,0,normal,NONE
TX-005812,ACC-01175,ACC-01254,6836.5,2026-09-04 09:27:25,0,normal,NONE
TX-001277,ACC-00788,ACC-00634,11508.3,2026-09-06 11:34:55,0,normal,NONE
TX-010248,ACC-01867,ACC-01245,3055.6,2026-09-05 11:08:32,0,normal,NONE
TX-004433,ACC-00251,ACC-00708,13379.33,2026-09-06 17:41:05,0,normal,NONE
TX-003645,ACC-01402,ACC-00716,1303.26,2026-09-06 14:50:43,0,normal,NONE
TX-004144,ACC-00938,ACC-01511,16461.27,2026-09-01 21:52:53,0,normal,NONE
TX-002879,ACC-00227,ACC-01805,5184.03,2026-09-05 16:11:27,0,normal,NONE
TX-006494,ACC-01549,ACC-01267,5600.2,2026-09-02 11:50:11,0,normal,NONE
TX-010479,ACC-01073,ACC-00578,12143.9,2026-09-05 23:54:25,0,normal,NONE
TX-010454,ACC-01290,ACC-00177,4836.39,2026-09-03 13:07:04,0,normal,NONE
TX-005241,ACC-01010,ACC-00167,15429.22,2026-09-01 14:02:22,0,normal,NONE
TX-012466,ACC-00900,ACC-00699,68555.08,2026-09-06 23:53:00,0,normal_high_value,NONE
TX-010489,ACC-01122,ACC-00336,5674.84,2026-09-04 16:46:47,0,normal,NONE
TX-006938,ACC-00946,ACC-00991,16207.56,2026-09-01 23:15:17,0,normal,NONE
TX-007241,ACC-01718,ACC-01518,2039.26,2026-09-01 18:24:45,0,normal,NONE
TX-009946,ACC-00797,ACC-01760,7035.65,2026-09-08 08:24:44,0,normal,NONE
TX-010161,ACC-00973,ACC-00655,11649.24,2026-09-09 21:13:16,0,normal,NONE
TX-002594,ACC-00662,ACC-01959,324.87,2026-09-01 18:35:30,0,normal,NONE
TX-011310,ACC-00114,ACC-01080,11499.65,2026-09-09 21:07:51,0,normal,NONE
TX-002394,ACC-01074,ACC-00211,13894.41,2026-09-08 15:42:28,0,normal,NONE
TX-000524,ACC-00649,ACC-00271,6975.35,2026-09-07 19:34:43,0,normal,NONE
TX-006377,ACC-00811,ACC-00109,11581.6,2026-09-07 17:53:59,0,normal,NONE
TX-006982,ACC-01005,ACC-00740,3952.36,2026-09-04 11:42:12,0,normal,NONE
TX-006678,ACC-00270,ACC-00785,2325.52,2026-09-04 10:17:00,0,normal,NONE
TX-003901,ACC-00843,ACC-00639,2892.65,2026-09-04 19:29:01,0,normal,NONE
TX-012769,ACC-00492,ACC-01369,34486.86,2026-09-02 13:12:00,0,normal_high_value,NONE
TX-005586,ACC-01401,ACC-01845,11573.41,2026-09-05 17:17:07,0,normal,NONE
TX-012407,ACC-01619,ACC-01763,52192.02,2026-09-05 13:13:00,0,normal_high_value,NONE
TX-007957,ACC-00572,ACC-00604,11587.75,2026-09-05 15:14:49,0,normal,NONE
TX-007571,ACC-00214,ACC-00423,11711.52,2026-09-01 11:06:43,0,normal,NONE
TX-011315,ACC-01570,ACC-00767,10456.41,2026-09-06 23:01:31,0,normal,NONE
TX-006778,ACC-00788,ACC-00329,6509.81,2026-09-01 13:05:14,0,normal,NONE
TX-010162,ACC-01847,ACC-00650,11879.29,2026-09-07 16:42:43,0,normal,NONE
TX-000672,ACC-00338,ACC-01942,16325.96,2026-09-07 08:14:14,0,normal,NONE
TX-004189,ACC-00264,ACC-00023,6921.29,2026-09-07 10:29:59,0,normal,NONE
TX-000667,ACC-01088,ACC-00391,342.13,2026-09-01 15:14:44,0,normal,NONE
TX-003267,ACC-00972,ACC-00161,7616.23,2026-09-01 15:53:38,0,normal,NONE
TX-001888,ACC-01544,ACC-00709,7218.19,2026-09-09 18:31:39,0,normal,NONE
TX-011459,ACC-00853,ACC-01766,6952.5,2026-09-07 17:59:12,0,normal,NONE
TX-008473,ACC-00296,ACC-00194,14417.26,2026-09-08 17:15:01,0,normal,NONE
TX-009912,ACC-01789,ACC-00350,7949.5,2026-09-03 08:09:45,0,normal,NONE
TX-011140,ACC-00002,ACC-01629,13889.27,2026-09-08 23:12:03,0,normal,NONE
TX-009092,ACC-01332,ACC-00874,13178.93,2026-09-05 15:04:44,0,normal,NONE
TX-007688,ACC-00900,ACC-01778,15090.5,2026-09-02 23:16:04,0,normal,NONE
TX-006032,ACC-00658,ACC-01527,15067.77,2026-09-05 20:56:04,0,normal,NONE
TX-013032,ACC-01405,ACC-00505,59577.23,2026-09-06 21:05:00,0,normal_high_value,NONE
TX-006091,ACC-01662,ACC-01489,5002.57,2026-09-09 10:07:33,0,normal,NONE
TX-006239,ACC-00845,ACC-01583,8161.45,2026-09-07 15:47:56,0,normal,NONE
TX-007351,ACC-01044,ACC-01172,3526.74,2026-09-05 21:01:10,0,normal,NONE
TX-007831,ACC-01276,ACC-00217,5738.35,2026-09-07 22:57:24,0,normal,NONE
TX-000761,ACC-01323,ACC-01744,9235.7,2026-09-03 13:14:39,0,normal,NONE
TX-006255,ACC-01005,ACC-00282,3359.58,2026-09-01 15:29:13,0,normal,NONE
TX-001907,ACC-01328,ACC-00210,2668.27,2026-09-02 11:15:01,0,normal,NONE
TX-012235,FRAUD-10-SRC-10,FRAUD-10-COLLECTOR,8009.44,2026-09-03 12:18:00,1,funneling,NET-10
TX-012016,FRAUD-01-COLLECTOR,FRAUD-01-RELAY,110587.03,2026-09-05 13:35:00,1,layering,NET-01
TX-003819,ACC-00486,ACC-01703,14969.16,2026-09-06 22:08:54,0,normal,NONE
TX-006270,ACC-00045,ACC-01648,6139.16,2026-09-06 11:15:14,0,normal,NONE
TX-004301,ACC-01777,ACC-00693,11737.67,2026-09-01 12:15:43,0,normal,NONE
TX-005570,ACC-01990,ACC-00293,7969.89,2026-09-05 18:49:55,0,normal,NONE
TX-007942,ACC-01682,ACC-01586,16219.62,2026-09-02 09:47:28,0,normal,NONE
TX-010786,ACC-00012,ACC-00266,1742.52,2026-09-01 21:48:27,0,normal,NONE
TX-004165,ACC-01314,ACC-01325,8415.34,2026-09-05 10:04:26,0,normal,NONE
TX-011224,ACC-00580,ACC-00956,12622.67,2026-09-04 09:14:18,0,normal,NONE
TX-005972,ACC-00825,ACC-00532,7954.5,2026-09-08 21:47:58,0,normal,NONE
TX-003580,ACC-01544,ACC-00537,15746.37,2026-09-05 15:19:45,0,normal,NONE
TX-002833,ACC-00925,ACC-00692,2203.47,2026-09-09 22:32:07,0,normal,NONE
TX-005450,ACC-01094,ACC-01235,7320.71,2026-09-06 17:26:50,0,normal,NONE
TX-003473,ACC-00588,ACC-01595,13739.95,2026-09-05 17:41:02,0,normal,NONE
TX-006328,ACC-01050,ACC-01763,15574.72,2026-09-02 08:38:56,0,normal,NONE
TX-000138,ACC-00542,ACC-01353,1479.75,2026-09-04 13:35:04,0,normal,NONE
TX-007044,ACC-01011,ACC-00147,10680.62,2026-09-09 12:48:02,0,normal,NONE
TX-004893,ACC-01900,ACC-01470,13710.42,2026-09-05 20:04:19,0,normal,NONE
TX-002181,ACC-00848,ACC-00463,15038.25,2026-09-05 14:11:18,0,normal,NONE
TX-010321,ACC-00372,ACC-00561,15082.66,2026-09-04 13:24:22,0,normal,NONE
TX-007731,ACC-01314,ACC-01853,13869.53,2026-09-05 14:44:23,0,normal,NONE
TX-003178,ACC-01975,ACC-00175,7773.37,2026-09-01 21:14:08,0,normal,NONE
TX-004855,ACC-00332,ACC-01043,2025.54,2026-09-07 12:43:39,0,normal,NONE
TX-004638,ACC-00113,ACC-00834,11926.01,2026-09-01 12:08:15,0,normal,NONE
TX-005116,ACC-01702,ACC-01178,8559.49,2026-09-03 10:14:22,0,normal,NONE
TX-012328,ACC-01498,ACC-00752,35196.83,2026-09-07 15:16:00,0,normal_high_value,NONE
TX-007649,ACC-01508,ACC-00726,3960.89,2026-09-02 19:27:49,0,normal,NONE
TX-004262,ACC-01278,ACC-01117,10588.07,2026-09-01 14:37:02,0,normal,NONE
TX-001332,ACC-01080,ACC-01290,11657.11,2026-09-02 17:29:27,0,normal,NONE
TX-010210,ACC-01741,ACC-00931,74.89,2026-09-09 17:34:47,0,normal,NONE
TX-010675,ACC-00044,ACC-00311,15199.59,2026-09-02 08:02:01,0,normal,NONE
TX-007003,ACC-00942,ACC-00063,7482.93,2026-09-02 18:42:14,0,normal,NONE
TX-009551,ACC-00069,ACC-01767,13241.78,2026-09-09 16:12:37,0,normal,NONE
TX-006942,ACC-01727,ACC-00364,8790.57,2026-09-05 13:45:32,0,normal,NONE
TX-008018,ACC-01089,ACC-00890,8163.7,2026-09-01 23:22:37,0,normal,NONE
TX-006242,ACC-01569,ACC-00829,7840.67,2026-09-08 16:09:46,0,normal,NONE
TX-009522,ACC-01460,ACC-00901,12312.47,2026-09-06 12:08:26,0,normal,NONE
TX-013232,ACC-00700,ACC-00901,40982.85,2026-09-08 10:31:00,0,normal_high_value,NONE
TX-006882,ACC-00929,ACC-01565,13143.53,2026-09-06 09:52:28,0,normal,NONE
TX-010343,ACC-01671,ACC-00447,431.35,2026-09-09 11:29:47,0,normal,NONE
TX-004531,ACC-00167,ACC-00399,4091.06,2026-09-05 16:13:30,0,normal,NONE
TX-010315,ACC-01224,ACC-01453,16102.38,2026-09-03 20:20:42,0,normal,NONE
TX-004674,ACC-00404,ACC-00834,11349.92,2026-09-03 21:12:00,0,normal,NONE
TX-012174,FRAUD-07-NEXTHOP,FRAUD-07-OUT-07,12348.7,2026-09-07 16:54:00,1,fan_out,NET-07
TX-006997,ACC-00656,ACC-00939,8655.04,2026-09-07 20:04:46,0,normal,NONE
TX-001253,ACC-00560,ACC-00138,10204.38,2026-09-09 23:27:13,0,normal,NONE
TX-011471,ACC-01040,ACC-00727,5832.66,2026-09-06 19:22:03,0,normal,NONE
TX-003375,ACC-01626,ACC-00903,977.26,2026-09-03 14:02:02,0,normal,NONE
TX-002815,ACC-01822,ACC-01083,17885.49,2026-09-04 21:49:46,0,normal,NONE
TX-004720,ACC-00605,ACC-01383,5239.01,2026-09-04 09:22:47,0,normal,NONE
TX-006545,ACC-01295,ACC-01523,4566.64,2026-09-01 22:36:09,0,normal,NONE
TX-010041,ACC-00827,ACC-00360,2613.46,2026-09-02 20:13:16,0,normal,NONE
TX-004859,ACC-00892,ACC-01594,8723.15,2026-09-01 19:08:36,0,normal,NONE
TX-007902,ACC-00938,ACC-01876,13257.41,2026-09-03 20:03:11,0,normal,NONE
TX-011230,ACC-01116,ACC-00323,12175.52,2026-09-07 11:55:54,0,normal,NONE
TX-008581,ACC-00397,ACC-01359,1184.86,2026-09-07 08:23:20,0,normal,NONE
TX-008428,ACC-01343,ACC-00195,8220.68,2026-09-06 20:17:29,0,normal,NONE
TX-001078,ACC-00547,ACC-01644,1787.02,2026-09-07 22:49:43,0,normal,NONE
TX-010177,ACC-01708,ACC-01717,12376.75,2026-09-03 11:17:52,0,normal,NONE
TX-004364,ACC-01249,ACC-00554,9488.75,2026-09-05 18:58:02,0,normal,NONE
TX-012155,FRAUD-07-SRC-05,FRAUD-07-COLLECTOR,13979.23,2026-09-07 16:08:00,1,funneling,NET-07
TX-000771,ACC-00168,ACC-01724,5065.47,2026-09-03 14:16:46,0,normal,NONE
TX-010358,ACC-00800,ACC-01522,7253.66,2026-09-06 12:54:16,0,normal,NONE
TX-008866,ACC-01907,ACC-01956,3507.89,2026-09-03 21:55:28,0,normal,NONE
TX-000250,ACC-01752,ACC-00185,11077.85,2026-09-09 20:29:37,0,normal,NONE
TX-009767,ACC-01275,ACC-01448,8261.88,2026-09-08 16:56:00,0,normal,NONE
TX-007240,ACC-00395,ACC-00444,5101.5,2026-09-01 18:02:35,0,normal,NONE
TX-003420,ACC-01834,ACC-00495,17930.16,2026-09-09 16:44:43,0,normal,NONE
TX-010274,ACC-01544,ACC-01127,11744.61,2026-09-08 23:20:59,0,normal,NONE
TX-010016,ACC-00767,ACC-01490,8089.88,2026-09-03 23:23:27,0,normal,NONE
TX-004977,ACC-00530,ACC-00938,2260.32,2026-09-09 14:00:02,0,normal,NONE
TX-004545,ACC-00664,ACC-01613,8660.33,2026-09-02 23:07:13,0,normal,NONE
TX-005566,ACC-00747,ACC-01222,15829.48,2026-09-01 18:47:50,0,normal,NONE
TX-007940,ACC-01382,ACC-01127,10279.59,2026-09-08 14:03:31,0,normal,NONE
TX-000717,ACC-00356,ACC-01497,14678.09,2026-09-02 20:42:38,0,normal,NONE
TX-012795,ACC-01422,ACC-01813,62737.77,2026-09-01 21:01:00,0,normal_high_value,NONE
TX-012339,ACC-01130,ACC-01384,51680.09,2026-09-05 11:01:00,0,normal_high_value,NONE
TX-002049,ACC-00064,ACC-00329,6642.07,2026-09-05 12:58:37,0,normal,NONE
TX-005998,ACC-01701,ACC-00759,16978.6,2026-09-07 18:31:43,0,normal,NONE
TX-006601,ACC-01271,ACC-00155,17240.1,2026-09-02 09:25:41,0,normal,NONE
TX-007246,ACC-00596,ACC-01855,7754.36,2026-09-08 21:49:16,0,normal,NONE
TX-004179,ACC-00727,ACC-00456,12577.25,2026-09-07 16:32:48,0,normal,NONE
TX-004810,ACC-00740,ACC-01477,593.22,2026-09-03 16:25:29,0,normal,NONE
TX-010917,ACC-01780,ACC-00041,5438.94,2026-09-08 19:50:45,0,normal,NONE
TX-012569,ACC-00401,ACC-01249,28168.91,2026-09-08 13:53:00,0,normal_high_value,NONE
TX-007141,ACC-01629,ACC-00963,4754.43,2026-09-03 08:35:06,0,normal,NONE
TX-007191,ACC-01015,ACC-00942,2184.29,2026-09-06 14:45:25,0,normal,NONE
TX-001461,ACC-01186,ACC-00256,1557.91,2026-09-01 09:24:20,0,normal,NONE
TX-005990,ACC-01881,ACC-01868,12641.86,2026-09-07 10:09:37,0,normal,NONE
TX-009861,ACC-00181,ACC-00425,7228.89,2026-09-07 14:21:05,0,normal,NONE
TX-010949,ACC-01384,ACC-01181,15765.62,2026-09-03 22:38:23,0,normal,NONE
TX-002001,ACC-01503,ACC-00676,16636.65,2026-09-01 15:31:04,0,normal,NONE
TX-008176,ACC-01193,ACC-01917,7892.35,2026-09-05 18:13:04,0,normal,NONE
TX-000405,ACC-00523,ACC-00417,5958.13,2026-09-02 22:54:23,0,normal,NONE
TX-000385,ACC-00936,ACC-01155,1058.11,2026-09-08 17:46:01,0,normal,NONE
TX-012522,ACC-01527,ACC-01234,31770.05,2026-09-07 13:26:00,0,normal_high_value,NONE
TX-012575,ACC-01397,ACC-00506,41941.31,2026-09-01 14:53:00,0,normal_high_value,NONE
TX-010345,ACC-01088,ACC-01115,2069.23,2026-09-02 13:47:28,0,normal,NONE
TX-001634,ACC-01590,ACC-00367,15424.88,2026-09-07 17:52:42,0,normal,NONE
TX-012665,ACC-01423,ACC-01521,63076.65,2026-09-08 19:53:00,0,normal_high_value,NONE
TX-004785,ACC-01821,ACC-01007,6305.46,2026-09-08 09:40:14,0,normal,NONE
TX-012536,ACC-00787,ACC-01366,47638.07,2026-09-06 08:26:00,0,normal_high_value,NONE
TX-006971,ACC-00781,ACC-00424,13471.73,2026-09-06 12:43:46,0,normal,NONE
TX-003926,ACC-00990,ACC-00618,17524.51,2026-09-03 15:20:55,0,normal,NONE
TX-004159,ACC-01919,ACC-01227,17592.33,2026-09-07 17:02:28,0,normal,NONE
TX-007450,ACC-00998,ACC-00287,15677.48,2026-09-05 19:20:49,0,normal,NONE
TX-008416,ACC-01846,ACC-01834,13718.55,2026-09-04 08:41:00,0,normal,NONE
TX-002194,ACC-00499,ACC-00518,13026.24,2026-09-06 23:43:25,0,normal,NONE
TX-011329,ACC-00150,ACC-00431,16462.61,2026-09-01 17:09:54,0,normal,NONE
TX-010017,ACC-00317,ACC-01643,15919.43,2026-09-03 08:10:07,0,normal,NONE
TX-001016,ACC-00991,ACC-01501,15732.35,2026-09-05 18:09:49,0,normal,NONE
TX-005125,ACC-00017,ACC-01871,14564.81,2026-09-04 19:47:32,0,normal,NONE
TX-007419,ACC-00445,ACC-01783,11153.46,2026-09-06 09:49:29,0,normal,NONE
TX-007410,ACC-00905,ACC-01254,4179.18,2026-09-03 12:25:22,0,normal,NONE
TX-008990,ACC-00353,ACC-01970,6338.92,2026-09-03 11:40:11,0,normal,NONE
TX-002872,ACC-01469,ACC-00227,14942.87,2026-09-01 21:06:21,0,normal,NONE
TX-000010,ACC-00094,ACC-01355,4117.61,2026-09-05 10:54:14,0,normal,NONE
TX-010137,ACC-01499,ACC-00550,9002.41,2026-09-04 14:40:13,0,normal,NONE
TX-001839,ACC-01540,ACC-01278,16691.58,2026-09-02 22:32:37,0,normal,NONE
TX-004805,ACC-01662,ACC-00944,8520.27,2026-09-09 23:00:59,0,normal,NONE
TX-000256,ACC-00693,ACC-01391,10769.99,2026-09-06 10:21:06,0,normal,NONE
TX-007027,ACC-01020,ACC-00139,9435.69,2026-09-03 11:12:00,0,normal,NONE
TX-005714,ACC-01983,ACC-00476,1856.44,2026-09-01 12:45:08,0,normal,NONE
TX-003325,ACC-01351,ACC-01126,9009.45,2026-09-07 13:56:36,0,normal,NONE
TX-007715,ACC-01355,ACC-00621,15405.87,2026-09-08 23:30:58,0,normal,NONE
TX-001582,ACC-00765,ACC-00787,8822.13,2026-09-02 21:56:02,0,normal,NONE
TX-011149,ACC-00264,ACC-01376,14885.98,2026-09-02 18:19:41,0,normal,NONE
TX-000925,ACC-01656,ACC-01181,6880.2,2026-09-01 18:22:56,0,normal,NONE
TX-002780,ACC-01730,ACC-01605,3956.77,2026-09-04 22:57:09,0,normal,NONE
TX-010701,ACC-01845,ACC-00690,10388.92,2026-09-04 08:05:49,0,normal,NONE
TX-007892,ACC-01116,ACC-01941,10340.16,2026-09-01 08:24:49,0,normal,NONE
TX-006133,ACC-01587,ACC-00747,4359.25,2026-09-08 13:38:41,0,normal,NONE
TX-005321,ACC-01996,ACC-01776,6787.52,2026-09-08 11:21:57,0,normal,NONE
TX-007313,ACC-00544,ACC-01293,16922.48,2026-09-09 23:57:11,0,normal,NONE
TX-007103,ACC-00607,ACC-00858,10648.66,2026-09-02 22:16:39,0,normal,NONE
TX-006043,ACC-00198,ACC-01901,2083.34,2026-09-09 12:14:05,0,normal,NONE
TX-003776,ACC-01248,ACC-01353,16151.55,2026-09-02 12:19:33,0,normal,NONE
TX-004836,ACC-01207,ACC-01273,16793.71,2026-09-07 15:05:38,0,normal,NONE
TX-012329,ACC-00909,ACC-01619,84055.63,2026-09-02 20:31:00,0,normal_high_value,NONE
TX-004965,ACC-01339,ACC-01293,15458.74,2026-09-05 08:24:27,0,normal,NONE
TX-010972,ACC-00449,ACC-00513,11230.56,2026-09-09 11:23:57,0,normal,NONE
TX-000540,ACC-00006,ACC-00091,15459.23,2026-09-01 15:02:30,0,normal,NONE
TX-007484,ACC-00524,ACC-01923,2229.4,2026-09-06 19:04:53,0,normal,NONE
TX-002746,ACC-01546,ACC-00087,1225.99,2026-09-07 12:00:18,0,normal,NONE
TX-003720,ACC-01510,ACC-00971,4729.17,2026-09-02 19:26:55,0,normal,NONE
TX-012643,ACC-01849,ACC-00868,40059.19,2026-09-08 12:32:00,0,normal_high_value,NONE
TX-006820,ACC-00401,ACC-01463,10923.55,2026-09-09 17:49:24,0,normal,NONE
TX-009338,ACC-00314,ACC-00477,7943.09,2026-09-06 09:24:50,0,normal,NONE
TX-004469,ACC-00660,ACC-00585,4404.61,2026-09-08 21:27:06,0,normal,NONE
TX-000668,ACC-01797,ACC-00706,5631.42,2026-09-02 20:32:37,0,normal,NONE
TX-007576,ACC-00266,ACC-01600,7190.62,2026-09-01 22:35:52,0,normal,NONE
TX-011212,ACC-00118,ACC-00569,14901.25,2026-09-02 08:46:25,0,normal,NONE
TX-008550,ACC-00271,ACC-01371,9668.02,2026-09-01 11:54:50,0,normal,NONE
TX-005064,ACC-00606,ACC-01483,7240.36,2026-09-04 15:05:21,0,normal,NONE
TX-011024,ACC-01645,ACC-00854,2420.92,2026-09-07 22:54:05,0,normal,NONE
TX-010976,ACC-01117,ACC-00218,14241.42,2026-09-01 15:38:05,0,normal,NONE
TX-001354,ACC-01082,ACC-00039,7607.64,2026-09-06 10:17:57,0,normal,NONE
TX-007115,ACC-00522,ACC-00933,10356.9,2026-09-06 19:16:47,0,normal,NONE
TX-012952,ACC-01863,ACC-01493,29353.85,2026-09-07 10:00:00,0,normal_high_value,NONE
TX-008663,ACC-01473,ACC-01291,13563.08,2026-09-03 11:17:35,0,normal,NONE
TX-002704,ACC-00148,ACC-00518,2257.24,2026-09-07 20:00:04,0,normal,NONE
TX-003331,ACC-00250,ACC-00023,9868.38,2026-09-05 14:23:24,0,normal,NONE
TX-008054,ACC-00961,ACC-01104,1562.55,2026-09-04 11:56:41,0,normal,NONE
TX-011830,ACC-00154,ACC-00363,6121.68,2026-09-05 13:48:42,0,normal,NONE
TX-009589,ACC-01828,ACC-00548,9764.84,2026-09-03 10:45:21,0,normal,NONE
TX-003585,ACC-00098,ACC-01216,5920.82,2026-09-07 12:38:46,0,normal,NONE
TX-012514,ACC-00969,ACC-00424,84471.05,2026-09-06 15:35:00,0,normal_high_value,NONE
TX-005646,ACC-01432,ACC-01242,4921.07,2026-09-06 23:29:29,0,normal,NONE
TX-003377,ACC-00526,ACC-01856,12617.89,2026-09-02 17:35:45,0,normal,NONE
TX-001257,ACC-01058,ACC-01767,3373.97,2026-09-08 14:42:52,0,normal,NONE
TX-006191,ACC-01468,ACC-00675,11492.76,2026-09-06 15:33:53,0,normal,NONE
TX-011705,ACC-01721,ACC-01607,15632.55,2026-09-02 13:38:32,0,normal,NONE
TX-009443,ACC-01589,ACC-00132,6787.18,2026-09-08 19:01:23,0,normal,NONE
TX-005349,ACC-01749,ACC-00435,13313.36,2026-09-03 19:11:32,0,normal,NONE
TX-011004,ACC-01531,ACC-00922,16476.04,2026-09-03 12:48:42,0,normal,NONE
TX-011477,ACC-01266,ACC-00212,3668.09,2026-09-06 23:16:54,0,normal,NONE
TX-011126,ACC-01607,ACC-01585,2859.63,2026-09-02 11:02:44,0,normal,NONE
TX-004176,ACC-01863,ACC-00546,10266.37,2026-09-07 09:15:39,0,normal,NONE
TX-004911,ACC-00978,ACC-01832,5141.77,2026-09-08 09:20:10,0,normal,NONE
TX-001853,ACC-01450,ACC-01114,16572.29,2026-09-02 20:01:47,0,normal,NONE
TX-006317,ACC-00142,ACC-00118,12347.65,2026-09-06 10:49:24,0,normal,NONE
TX-013060,ACC-01155,ACC-01277,80156.86,2026-09-03 20:46:00,0,normal_high_value,NONE
TX-002106,ACC-00226,ACC-01942,17429.24,2026-09-06 12:38:34,0,normal,NONE
TX-000134,ACC-01290,ACC-01406,983.89,2026-09-03 17:05:15,0,normal,NONE
TX-005030,ACC-01229,ACC-01412,13781.59,2026-09-09 20:53:20,0,normal,NONE
TX-000929,ACC-00453,ACC-00314,928.35,2026-09-07 22:48:38,0,normal,NONE
TX-000824,ACC-01645,ACC-01052,17221.63,2026-09-09 16:44:28,0,normal,NONE
TX-007577,ACC-01965,ACC-00305,15335.37,2026-09-02 11:26:55,0,normal,NONE
TX-011633,ACC-00320,ACC-01686,1289.32,2026-09-07 18:04:19,0,normal,NONE
TX-001532,ACC-01659,ACC-01741,3168.77,2026-09-04 13:57:39,0,normal,NONE
TX-001215,ACC-01847,ACC-01545,9677.53,2026-09-02 14:58:32,0,normal,NONE
TX-000505,ACC-01562,ACC-00100,846.05,2026-09-08 08:07:59,0,normal,NONE
TX-012478,ACC-01605,ACC-00905,52391.82,2026-09-03 19:29:00,0,normal_high_value,NONE
TX-010189,ACC-00770,ACC-00712,7608.66,2026-09-08 20:34:56,0,normal,NONE
TX-006531,ACC-00352,ACC-01041,9331.33,2026-09-06 08:59:51,0,normal,NONE
TX-003073,ACC-00316,ACC-01715,15016.9,2026-09-06 14:31:47,0,normal,NONE
TX-010151,ACC-00969,ACC-01183,4208.53,2026-09-01 12:56:24,0,normal,NONE
TX-009577,ACC-00658,ACC-00828,13516.11,2026-09-05 15:54:07,0,normal,NONE
TX-009087,ACC-01369,ACC-01501,15732.28,2026-09-01 15:16:28,0,normal,NONE
TX-008648,ACC-01396,ACC-00057,13889.97,2026-09-05 09:56:46,0,normal,NONE
TX-006620,ACC-01098,ACC-00547,11105.25,2026-09-08 22:52:01,0,normal,NONE
TX-009274,ACC-00360,ACC-00167,1681.6,2026-09-08 08:40:03,0,normal,NONE
TX-003710,ACC-00947,ACC-00497,5215.78,2026-09-08 18:13:25,0,normal,NONE
TX-013124,ACC-00562,ACC-01605,37216.04,2026-09-09 09:03:00,0,normal_high_value,NONE
TX-004850,ACC-01260,ACC-00763,4065.93,2026-09-02 09:43:41,0,normal,NONE
TX-004749,ACC-01562,ACC-01706,16143.78,2026-09-01 10:58:03,0,normal,NONE
TX-004269,ACC-00528,ACC-01662,4934.91,2026-09-03 09:20:18,0,normal,NONE
TX-011715,ACC-00876,ACC-01368,12708.65,2026-09-03 20:40:32,0,normal,NONE
TX-012327,ACC-01539,ACC-00443,74756.15,2026-09-09 08:58:00,0,normal_high_value,NONE
TX-011795,ACC-01887,ACC-00570,5366.21,2026-09-02 23:38:20,0,normal,NONE
TX-013090,ACC-00563,ACC-00161,66956.11,2026-09-05 20:10:00,0,normal_high_value,NONE
TX-008906,ACC-01868,ACC-01614,9726.14,2026-09-06 23:32:50,0,normal,NONE
TX-004187,ACC-01818,ACC-01366,16293.33,2026-09-03 09:16:11,0,normal,NONE
TX-010407,ACC-00839,ACC-01226,14711.52,2026-09-07 19:29:30,0,normal,NONE
TX-005302,ACC-01630,ACC-00181,15562.43,2026-09-06 22:38:09,0,normal,NONE
TX-002924,ACC-01125,ACC-00279,14909.42,2026-09-01 21:31:54,0,normal,NONE
TX-006589,ACC-01109,ACC-00693,17091.88,2026-09-01 18:36:48,0,normal,NONE
TX-001811,ACC-00216,ACC-00596,6777.27,2026-09-07 10:14:24,0,normal,NONE
TX-003487,ACC-00750,ACC-01738,12038.93,2026-09-08 20:01:23,0,normal,NONE
TX-007420,ACC-01518,ACC-01430,17527.94,2026-09-06 10:51:12,0,normal,NONE
TX-003142,ACC-01846,ACC-01221,8443.83,2026-09-09 23:46:07,0,normal,NONE
TX-010020,ACC-01315,ACC-00980,12765.35,2026-09-01 22:11:00,0,normal,NONE
TX-009348,ACC-01205,ACC-00025,5009.35,2026-09-06 18:10:48,0,normal,NONE
TX-001325,ACC-00817,ACC-00183,388.81,2026-09-04 13:24:49,0,normal,NONE
TX-004313,ACC-00612,ACC-01496,8617.0,2026-09-08 08:13:35,0,normal,NONE
TX-007495,ACC-01730,ACC-00600,13726.45,2026-09-09 22:40:45,0,normal,NONE
TX-008703,ACC-01022,ACC-00383,17047.92,2026-09-06 14:07:54,0,normal,NONE
TX-009873,ACC-01288,ACC-00813,3634.1,2026-09-07 17:10:29,0,normal,NONE
TX-008692,ACC-01736,ACC-00563,12337.34,2026-09-04 10:01:51,0,normal,NONE
TX-012594,ACC-01698,ACC-01776,82319.46,2026-09-03 11:43:00,0,normal_high_value,NONE
TX-010049,ACC-00220,ACC-01838,14670.69,2026-09-06 19:44:55,0,normal,NONE
TX-009581,ACC-00680,ACC-01182,16608.77,2026-09-05 09:49:01,0,normal,NONE
TX-011912,ACC-01483,ACC-00221,5981.33,2026-09-05 13:53:14,0,normal,NONE
TX-010579,ACC-01703,ACC-00763,2865.01,2026-09-06 13:31:49,0,normal,NONE
TX-005542,ACC-00290,ACC-01740,17221.5,2026-09-01 11:55:26,0,normal,NONE
TX-011429,ACC-00653,ACC-01779,4458.38,2026-09-06 18:40:47,0,normal,NONE
TX-006173,ACC-00877,ACC-01009,13400.82,2026-09-06 16:16:17,0,normal,NONE
TX-001541,ACC-01534,ACC-00951,8735.97,2026-09-02 10:35:42,0,normal,NONE
TX-009410,ACC-01020,ACC-01932,2266.55,2026-09-04 12:00:09,0,normal,NONE
TX-002682,ACC-00795,ACC-01133,11408.47,2026-09-09 10:09:42,0,normal,NONE
TX-013094,ACC-01654,ACC-00118,80064.89,2026-09-01 08:47:00,0,normal_high_value,NONE
TX-011186,ACC-00949,ACC-01843,7093.35,2026-09-07 08:58:22,0,normal,NONE
TX-006314,ACC-01722,ACC-01735,9712.6,2026-09-07 11:29:24,0,normal,NONE
TX-001192,ACC-01159,ACC-00894,15632.86,2026-09-08 11:23:32,0,normal,NONE
TX-005294,ACC-01086,ACC-01021,11158.86,2026-09-02 09:55:56,0,normal,NONE
TX-001543,ACC-01724,ACC-00331,3087.19,2026-09-01 11:11:18,0,normal,NONE
TX-011494,ACC-00483,ACC-01414,9569.35,2026-09-03 22:56:38,0,normal,NONE
TX-011517,ACC-01909,ACC-01992,17430.43,2026-09-06 18:40:43,0,normal,NONE
TX-007057,ACC-00942,ACC-00877,5177.55,2026-09-07 23:02:41,0,normal,NONE
TX-002540,ACC-00701,ACC-00272,16973.45,2026-09-05 14:31:18,0,normal,NONE
TX-000954,ACC-00783,ACC-01067,17291.69,2026-09-04 21:15:36,0,normal,NONE
TX-007242,ACC-00454,ACC-00699,17230.39,2026-09-09 21:51:51,0,normal,NONE
TX-006732,ACC-00390,ACC-01242,2767.87,2026-09-06 09:05:45,0,normal,NONE
TX-004847,ACC-00379,ACC-01242,10981.22,2026-09-02 18:18:37,0,normal,NONE
TX-006802,ACC-01643,ACC-00160,12947.89,2026-09-08 09:42:25,0,normal,NONE
TX-008011,ACC-00549,ACC-01658,14098.32,2026-09-02 20:42:17,0,normal,NONE
TX-004331,ACC-00034,ACC-00009,12602.46,2026-09-03 22:27:47,0,normal,NONE
TX-008925,ACC-00278,ACC-01908,12188.24,2026-09-02 12:07:24,0,normal,NONE
TX-005335,ACC-01069,ACC-00545,2283.21,2026-09-04 14:21:39,0,normal,NONE
TX-007331,ACC-00668,ACC-01090,8029.9,2026-09-07 23:13:20,0,normal,NONE
TX-009349,ACC-00293,ACC-00603,13038.62,2026-09-03 09:23:38,0,normal,NONE
TX-004730,ACC-00028,ACC-00940,402.1,2026-09-05 23:42:15,0,normal,NONE
TX-011487,ACC-01193,ACC-00759,17576.52,2026-09-08 23:18:19,0,normal,NONE
TX-006542,ACC-00287,ACC-00249,418.06,2026-09-05 08:29:10,0,normal,NONE
TX-011175,ACC-00826,ACC-01404,11065.88,2026-09-05 20:01:22,0,normal,NONE
TX-005306,ACC-01998,ACC-00990,12054.18,2026-09-01 12:22:04,0,normal,NONE
TX-005162,ACC-01570,ACC-00590,11069.82,2026-09-05 15:42:04,0,normal,NONE
TX-007861,ACC-01983,ACC-01461,16855.06,2026-09-01 23:16:40,0,normal,NONE
TX-002157,ACC-01143,ACC-01843,7848.73,2026-09-06 13:01:55,0,normal,NONE
TX-001063,ACC-01856,ACC-00961,10339.9,2026-09-06 21:22:51,0,normal,NONE
TX-010809,ACC-01454,ACC-01318,16133.06,2026-09-05 18:46:20,0,normal,NONE
TX-001168,ACC-00421,ACC-01152,12734.28,2026-09-06 19:09:23,0,normal,NONE
TX-011415,ACC-01131,ACC-00513,6971.65,2026-09-06 16:42:17,0,normal,NONE
TX-003637,ACC-00360,ACC-00292,16297.58,2026-09-07 16:15:14,0,normal,NONE
TX-007652,ACC-01011,ACC-00125,11610.48,2026-09-07 14:48:57,0,normal,NONE
TX-005589,ACC-00610,ACC-01575,8145.6,2026-09-06 11:44:25,0,normal,NONE
TX-011131,ACC-00346,ACC-01744,3839.42,2026-09-06 13:16:28,0,normal,NONE
TX-007193,ACC-01435,ACC-00042,4644.19,2026-09-03 19:24:50,0,normal,NONE
TX-004492,ACC-01225,ACC-00521,6052.92,2026-09-07 17:21:08,0,normal,NONE
TX-007267,ACC-00365,ACC-00759,11964.19,2026-09-07 12:29:27,0,normal,NONE
TX-011333,ACC-00948,ACC-01086,14097.21,2026-09-03 19:15:53,0,normal,NONE
TX-004981,ACC-01207,ACC-01104,11011.0,2026-09-05 22:01:26,0,normal,NONE
TX-008336,ACC-00039,ACC-01147,11746.09,2026-09-06 23:30:29,0,normal,NONE
TX-013186,ACC-00610,ACC-00671,45699.27,2026-09-01 08:12:00,0,normal_high_value,NONE
TX-011770,ACC-01616,ACC-01187,17363.76,2026-09-04 10:53:48,0,normal,NONE
TX-004947,ACC-01076,ACC-01802,14258.59,2026-09-04 09:26:43,0,normal,NONE
TX-002783,ACC-01277,ACC-00986,17073.88,2026-09-02 18:59:56,0,normal,NONE
TX-000718,ACC-01242,ACC-01808,5806.75,2026-09-07 21:38:58,0,normal,NONE
TX-010012,ACC-01282,ACC-01219,625.39,2026-09-09 08:22:29,0,normal,NONE
TX-002503,ACC-00487,ACC-01399,8840.31,2026-09-05 19:40:29,0,normal,NONE
TX-004361,ACC-01185,ACC-00025,10518.19,2026-09-07 10:52:38,0,normal,NONE
TX-004172,ACC-01394,ACC-01683,15753.31,2026-09-01 10:11:00,0,normal,NONE
TX-008083,ACC-01916,ACC-00420,8480.53,2026-09-01 14:39:31,0,normal,NONE
TX-012934,ACC-01360,ACC-01413,45450.75,2026-09-08 09:03:00,0,normal_high_value,NONE
TX-000396,ACC-00207,ACC-01217,623.7,2026-09-01 15:47:02,0,normal,NONE
TX-007187,ACC-01688,ACC-01797,5804.22,2026-09-05 22:46:23,0,normal,NONE
TX-013014,ACC-00770,ACC-01798,26296.03,2026-09-06 19:55:00,0,normal_high_value,NONE
TX-004493,ACC-00444,ACC-00624,3358.36,2026-09-07 17:49:51,0,normal,NONE
TX-001366,ACC-00997,ACC-00529,17886.06,2026-09-06 09:49:56,0,normal,NONE
TX-012625,ACC-01740,ACC-00010,85120.27,2026-09-08 13:04:00,0,normal_high_value,NONE
TX-008788,ACC-01408,ACC-01139,12779.96,2026-09-04 10:22:42,0,normal,NONE
TX-012145,FRAUD-06-NEXTHOP,FRAUD-06-OUT-03,12413.8,2026-09-03 13:50:00,1,fan_out,NET-06
TX-005918,ACC-00070,ACC-00419,13380.28,2026-09-01 16:12:12,0,normal,NONE
TX-004969,ACC-01254,ACC-00522,13175.15,2026-09-09 21:49:51,0,normal,NONE
TX-002915,ACC-00323,ACC-01698,17949.97,2026-09-09 14:28:27,0,normal,NONE
TX-010519,ACC-00643,ACC-00415,105.7,2026-09-03 12:11:10,0,normal,NONE
TX-005645,ACC-01856,ACC-01099,4710.46,2026-09-08 08:51:44,0,normal,NONE
TX-003767,ACC-01178,ACC-01200,14229.53,2026-09-01 11:03:34,0,normal,NONE
TX-003441,ACC-00884,ACC-01435,17234.69,2026-09-02 13:04:22,0,normal,NONE
TX-012044,FRAUD-02-NEXTHOP,FRAUD-02-OUT-02,14322.46,2026-09-06 17:49:00,1,fan_out,NET-02
TX-012325,ACC-01055,ACC-00491,62159.64,2026-09-07 18:18:00,0,normal_high_value,NONE
TX-007358,ACC-01369,ACC-00053,15655.88,2026-09-07 14:00:50,0,normal,NONE
TX-006807,ACC-01872,ACC-00255,1814.38,2026-09-05 18:44:26,0,normal,NONE
TX-009880,ACC-01700,ACC-00927,40.98,2026-09-07 23:07:38,0,normal,NONE
TX-002144,ACC-00137,ACC-00718,11461.46,2026-09-04 19:40:00,0,normal,NONE
TX-005105,ACC-01961,ACC-01507,7370.93,2026-09-04 09:52:36,0,normal,NONE
TX-005074,ACC-01880,ACC-01423,13472.87,2026-09-07 10:01:03,0,normal,NONE
TX-001572,ACC-00873,ACC-01485,8417.99,2026-09-03 14:15:27,0,normal,NONE
TX-004080,ACC-00615,ACC-00916,3114.42,2026-09-07 14:37:48,0,normal,NONE
TX-001123,ACC-00306,ACC-01404,15191.19,2026-09-08 23:11:10,0,normal,NONE
TX-002787,ACC-01740,ACC-00482,5170.69,2026-09-03 18:10:38,0,normal,NONE
TX-002968,ACC-00798,ACC-00196,8321.6,2026-09-09 21:49:35,0,normal,NONE
TX-002505,ACC-00588,ACC-01305,13162.99,2026-09-07 16:56:10,0,normal,NONE
TX-005989,ACC-01539,ACC-01712,17060.1,2026-09-09 19:01:31,0,normal,NONE
TX-011658,ACC-01413,ACC-01064,7149.55,2026-09-04 22:21:19,0,normal,NONE
TX-008868,ACC-01607,ACC-00048,4960.07,2026-09-05 12:39:39,0,normal,NONE
TX-011001,ACC-01767,ACC-01573,5802.57,2026-09-06 20:12:18,0,normal,NONE
TX-007165,ACC-01030,ACC-01353,14277.99,2026-09-08 22:51:04,0,normal,NONE
TX-011541,ACC-01350,ACC-00206,12530.97,2026-09-07 18:18:01,0,normal,NONE
TX-000729,ACC-01150,ACC-00797,4291.97,2026-09-05 09:59:24,0,normal,NONE
TX-007588,ACC-01596,ACC-00663,11627.42,2026-09-05 11:06:44,0,normal,NONE
TX-007544,ACC-00015,ACC-01740,16848.29,2026-09-03 13:51:24,0,normal,NONE
TX-000413,ACC-01051,ACC-01808,8961.05,2026-09-02 23:48:53,0,normal,NONE
TX-011339,ACC-00359,ACC-00764,12923.89,2026-09-09 19:50:21,0,normal,NONE
TX-009709,ACC-01460,ACC-01639,4941.84,2026-09-02 17:56:33,0,normal,NONE
TX-005746,ACC-00595,ACC-01861,7401.59,2026-09-04 22:57:58,0,normal,NONE
TX-007669,ACC-00892,ACC-00669,17127.29,2026-09-08 10:52:46,0,normal,NONE
TX-000826,ACC-01396,ACC-00944,16139.5,2026-09-01 23:07:16,0,normal,NONE
TX-003268,ACC-01102,ACC-01542,13887.84,2026-09-07 14:26:20,0,normal,NONE
TX-003975,ACC-00828,ACC-01461,14299.5,2026-09-04 18:14:19,0,normal,NONE
TX-008809,ACC-01840,ACC-01487,1102.32,2026-09-03 18:26:43,0,normal,NONE
TX-008307,ACC-00396,ACC-00859,17660.69,2026-09-05 22:16:21,0,normal,NONE
TX-000418,ACC-01933,ACC-01403,6089.41,2026-09-08 23:29:10,0,normal,NONE
TX-011262,ACC-01800,ACC-01604,6885.83,2026-09-07 08:31:43,0,normal,NONE
TX-009818,ACC-01588,ACC-01669,10684.64,2026-09-07 21:27:32,0,normal,NONE
TX-006749,ACC-01125,ACC-00791,13644.37,2026-09-09 23:39:10,0,normal,NONE
TX-008968,ACC-00123,ACC-01871,3566.63,2026-09-02 18:41:23,0,normal,NONE
TX-012378,ACC-01192,ACC-00224,60020.08,2026-09-03 10:20:00,0,normal_high_value,NONE
TX-011089,ACC-01728,ACC-00968,1304.88,2026-09-05 17:37:03,0,normal,NONE
TX-012782,ACC-00624,ACC-01805,74489.06,2026-09-05 19:40:00,0,normal_high_value,NONE
TX-002083,ACC-01467,ACC-01447,16546.92,2026-09-02 22:56:27,0,normal,NONE
TX-008946,ACC-00596,ACC-00744,17259.32,2026-09-07 12:46:23,0,normal,NONE
TX-010739,ACC-00119,ACC-01256,17297.23,2026-09-06 13:12:32,0,normal,NONE
TX-012162,FRAUD-07-SRC-12,FRAUD-07-COLLECTOR,11135.32,2026-09-07 16:22:00,1,funneling,NET-07
TX-003374,ACC-01531,ACC-01803,804.28,2026-09-06 15:52:55,0,normal,NONE
TX-005727,ACC-01464,ACC-01241,9476.98,2026-09-05 13:34:32,0,normal,NONE
TX-004108,ACC-01027,ACC-01688,7009.21,2026-09-05 22:36:48,0,normal,NONE
TX-010637,ACC-01476,ACC-00279,3073.51,2026-09-02 23:24:17,0,normal,NONE
TX-004381,ACC-00787,ACC-00826,3288.64,2026-09-04 10:23:05,0,normal,NONE
TX-007724,ACC-01452,ACC-01853,17691.54,2026-09-01 18:13:49,0,normal,NONE
TX-001067,ACC-01744,ACC-01606,5015.72,2026-09-03 16:17:54,0,normal,NONE
TX-003914,ACC-00449,ACC-01746,11419.56,2026-09-07 08:06:39,0,normal,NONE
TX-005537,ACC-00264,ACC-00880,15790.5,2026-09-04 09:00:13,0,normal,NONE
TX-008003,ACC-01434,ACC-00006,5969.69,2026-09-04 23:53:57,0,normal,NONE
TX-005388,ACC-01459,ACC-01600,537.43,2026-09-09 15:03:49,0,normal,NONE
TX-005733,ACC-01614,ACC-00907,16731.82,2026-09-08 20:08:27,0,normal,NONE
TX-011691,ACC-01487,ACC-01524,4140.29,2026-09-06 11:54:32,0,normal,NONE
TX-002739,ACC-01235,ACC-01460,1405.31,2026-09-02 16:52:50,0,normal,NONE
TX-005053,ACC-01421,ACC-00244,8811.49,2026-09-06 18:56:39,0,normal,NONE
TX-004001,ACC-01615,ACC-00053,12377.73,2026-09-03 23:12:36,0,normal,NONE
TX-009761,ACC-00099,ACC-00534,8368.6,2026-09-06 14:20:53,0,normal,NONE
TX-002428,ACC-00902,ACC-01327,14611.23,2026-09-03 08:18:15,0,normal,NONE
TX-011939,ACC-00504,ACC-01865,12974.48,2026-09-03 16:38:10,0,normal,NONE
TX-006834,ACC-00544,ACC-01822,10374.03,2026-09-05 18:30:41,0,normal,NONE
TX-010124,ACC-01302,ACC-01523,5665.09,2026-09-05 20:34:26,0,normal,NONE
TX-001688,ACC-01976,ACC-00346,12147.91,2026-09-09 15:11:04,0,normal,NONE
TX-000852,ACC-00720,ACC-01777,12238.95,2026-09-04 13:49:18,0,normal,NONE
TX-011739,ACC-01429,ACC-01527,1768.66,2026-09-05 16:02:29,0,normal,NONE
TX-006304,ACC-00293,ACC-01477,640.69,2026-09-02 10:20:45,0,normal,NONE
TX-009088,ACC-00418,ACC-00213,8177.55,2026-09-02 09:42:11,0,normal,NONE
TX-005879,ACC-01331,ACC-00168,17421.7,2026-09-09 15:03:48,0,normal,NONE
TX-008528,ACC-00038,ACC-01430,11459.69,2026-09-07 10:17:46,0,normal,NONE
TX-002840,ACC-01272,ACC-01306,8711.95,2026-09-02 15:53:42,0,normal,NONE
TX-011280,ACC-01769,ACC-00129,12333.73,2026-09-03 11:15:54,0,normal,NONE
TX-004612,ACC-01271,ACC-01628,6096.11,2026-09-05 19:11:59,0,normal,NONE
TX-009541,ACC-00426,ACC-00636,13759.37,2026-09-07 19:03:34,0,normal,NONE
TX-009208,ACC-00282,ACC-01789,17959.29,2026-09-06 21:32:29,0,normal,NONE
TX-011009,ACC-01191,ACC-01333,13569.97,2026-09-03 19:01:31,0,normal,NONE
TX-009824,ACC-00161,ACC-00038,6131.64,2026-09-08 23:04:42,0,normal,NONE
TX-002490,ACC-00760,ACC-00898,13295.47,2026-09-08 09:42:59,0,normal,NONE
TX-011923,ACC-01101,ACC-01379,16859.89,2026-09-07 09:55:49,0,normal,NONE
TX-006906,ACC-01772,ACC-00881,994.9,2026-09-03 08:40:38,0,normal,NONE
TX-007391,ACC-00786,ACC-01849,14670.47,2026-09-02 23:21:23,0,normal,NONE
TX-011444,ACC-00364,ACC-01814,16540.5,2026-09-06 08:15:40,0,normal,NONE
TX-002850,ACC-01741,ACC-00844,17663.96,2026-09-09 19:04:31,0,normal,NONE
TX-006666,ACC-01763,ACC-00870,16818.2,2026-09-05 23:26:45,0,normal,NONE
TX-005882,ACC-00494,ACC-01018,17999.8,2026-09-08 17:35:43,0,normal,NONE
TX-010263,ACC-01072,ACC-00884,15361.88,2026-09-05 22:56:14,0,normal,NONE
TX-004453,ACC-01592,ACC-01758,6321.3,2026-09-08 17:54:25,0,normal,NONE
TX-009950,ACC-01095,ACC-00798,10342.2,2026-09-03 15:49:17,0,normal,NONE
TX-007422,ACC-01597,ACC-00264,9634.43,2026-09-06 20:35:15,0,normal,NONE
TX-009828,ACC-01847,ACC-00330,3406.36,2026-09-05 16:49:21,0,normal,NONE
TX-006485,ACC-00918,ACC-00167,12143.41,2026-09-06 16:01:26,0,normal,NONE
TX-002480,ACC-01339,ACC-01509,16448.98,2026-09-07 08:26:52,0,normal,NONE
TX-006618,ACC-01848,ACC-01864,4850.65,2026-09-04 20:21:41,0,normal,NONE
TX-010458,ACC-00721,ACC-00650,34.35,2026-09-07 17:51:23,0,normal,NONE
TX-011152,ACC-00145,ACC-00797,14978.84,2026-09-02 08:31:06,0,normal,NONE
TX-011252,ACC-01816,ACC-00785,14645.64,2026-09-03 21:39:26,0,normal,NONE
TX-002142,ACC-00138,ACC-00012,5626.89,2026-09-04 14:44:06,0,normal,NONE
TX-011311,ACC-01957,ACC-00926,16916.82,2026-09-01 23:58:07,0,normal,NONE
TX-005189,ACC-01866,ACC-01756,5591.78,2026-09-08 17:39:14,0,normal,NONE
TX-012859,ACC-00544,ACC-00142,65720.52,2026-09-09 21:51:00,0,normal_high_value,NONE
TX-012238,FRAUD-10-SRC-13,FRAUD-10-COLLECTOR,5022.55,2026-09-03 12:24:00,1,funneling,NET-10
TX-011549,ACC-00564,ACC-00006,10336.83,2026-09-03 21:09:57,0,normal,NONE
TX-002745,ACC-00359,ACC-01455,1995.57,2026-09-04 13:40:38,0,normal,NONE
TX-007254,ACC-00585,ACC-01177,11232.72,2026-09-01 17:15:59,0,normal,NONE
TX-003507,ACC-01910,ACC-01141,5069.71,2026-09-03 14:23:52,0,normal,NONE
TX-001680,ACC-01067,ACC-01929,12938.03,2026-09-04 17:40:54,0,normal,NONE
TX-004250,ACC-01231,ACC-01854,8477.5,2026-09-01 23:30:17,0,normal,NONE
TX-003148,ACC-01925,ACC-01405,15929.16,2026-09-09 22:22:43,0,normal,NONE
TX-008131,ACC-01738,ACC-01530,8515.98,2026-09-08 13:38:05,0,normal,NONE
TX-010487,ACC-01061,ACC-00756,10586.03,2026-09-06 12:19:04,0,normal,NONE
TX-007005,ACC-00279,ACC-00002,12047.56,2026-09-01 15:59:40,0,normal,NONE
TX-000581,ACC-01634,ACC-00796,6399.39,2026-09-03 13:15:37,0,normal,NONE
TX-009663,ACC-01812,ACC-01900,6248.12,2026-09-04 13:55:09,0,normal,NONE
TX-004071,ACC-01468,ACC-01112,11985.91,2026-09-07 16:03:56,0,normal,NONE
TX-003344,ACC-01557,ACC-00399,7749.54,2026-09-09 14:18:35,0,normal,NONE
TX-007405,ACC-01314,ACC-01665,9288.18,2026-09-04 21:54:24,0,normal,NONE
TX-003673,ACC-01921,ACC-01047,16508.32,2026-09-02 10:30:55,0,normal,NONE
TX-000560,ACC-00926,ACC-00632,8350.97,2026-09-02 10:10:51,0,normal,NONE
TX-005238,ACC-01568,ACC-00182,2726.74,2026-09-09 15:12:05,0,normal,NONE
TX-007806,ACC-01798,ACC-01265,17053.64,2026-09-08 09:18:09,0,normal,NONE
TX-011042,ACC-00603,ACC-00919,11107.04,2026-09-05 22:48:42,0,normal,NONE
TX-000513,ACC-01422,ACC-00271,8609.05,2026-09-04 20:05:46,0,normal,NONE
TX-001082,ACC-00581,ACC-00516,3491.57,2026-09-01 10:03:38,0,normal,NONE
TX-001665,ACC-01501,ACC-00552,17916.56,2026-09-04 19:36:42,0,normal,NONE
TX-009205,ACC-00996,ACC-01481,100.47,2026-09-02 21:55:23,0,normal,NONE
TX-001932,ACC-01284,ACC-01391,9817.6,2026-09-08 13:16:58,0,normal,NONE
TX-012812,ACC-00564,ACC-00546,71367.0,2026-09-04 18:43:00,0,normal_high_value,NONE
TX-001151,ACC-01106,ACC-00233,11689.71,2026-09-04 15:20:22,0,normal,NONE
TX-002839,ACC-00886,ACC-00213,14534.81,2026-09-07 14:10:12,0,normal,NONE
TX-005950,ACC-00022,ACC-00620,9885.91,2026-09-07 20:46:46,0,normal,NONE
TX-008309,ACC-01802,ACC-00494,15601.09,2026-09-01 13:10:41,0,normal,NONE
TX-008933,ACC-01235,ACC-01318,1022.97,2026-09-04 08:21:46,0,normal,NONE
TX-012969,ACC-01136,ACC-00147,24098.27,2026-09-07 18:55:00,0,normal_high_value,NONE
TX-005178,ACC-00392,ACC-01247,14847.13,2026-09-02 08:04:29,0,normal,NONE
TX-011868,ACC-00390,ACC-01326,12122.87,2026-09-02 18:57:39,0,normal,NONE
TX-000831,ACC-00552,ACC-00375,17049.18,2026-09-04 23:47:12,0,normal,NONE
TX-008312,ACC-00563,ACC-01741,12839.36,2026-09-06 22:38:39,0,normal,NONE
TX-004753,ACC-01950,ACC-00571,1179.15,2026-09-09 13:39:43,0,normal,NONE
TX-012932,ACC-00138,ACC-00780,32121.82,2026-09-07 23:06:00,0,normal_high_value,NONE
TX-012880,ACC-01847,ACC-01588,78432.43,2026-09-06 22:22:00,0,normal_high_value,NONE
TX-000636,ACC-01881,ACC-00739,12689.32,2026-09-05 19:52:29,0,normal,NONE
TX-004466,ACC-00599,ACC-01189,14933.67,2026-09-03 19:05:07,0,normal,NONE
TX-012557,ACC-01229,ACC-01609,89211.69,2026-09-03 19:01:00,0,normal_high_value,NONE
TX-006800,ACC-01266,ACC-01222,730.93,2026-09-01 13:19:02,0,normal,NONE
TX-007988,ACC-01650,ACC-00223,14597.48,2026-09-05 19:17:17,0,normal,NONE
TX-007080,ACC-00416,ACC-01853,16469.1,2026-09-09 12:27:30,0,normal,NONE
TX-006967,ACC-00593,ACC-00341,13798.99,2026-09-09 17:51:04,0,normal,NONE
TX-004143,ACC-00858,ACC-01439,5824.99,2026-09-04 15:29:05,0,normal,NONE
TX-007028,ACC-00718,ACC-00602,2282.83,2026-09-09 16:41:50,0,normal,NONE
TX-009184,ACC-00632,ACC-01128,15288.94,2026-09-08 12:00:28,0,normal,NONE
TX-000877,ACC-01008,ACC-00385,5785.17,2026-09-03 09:34:01,0,normal,NONE
TX-004870,ACC-01701,ACC-01126,11977.25,2026-09-08 13:04:03,0,normal,NONE
TX-005316,ACC-00267,ACC-00709,10831.2,2026-09-09 15:44:04,0,normal,NONE
TX-005223,ACC-01403,ACC-01542,4167.82,2026-09-01 20:50:58,0,normal,NONE
TX-000005,ACC-00570,ACC-01658,15650.02,2026-09-03 21:21:17,0,normal,NONE
TX-003052,ACC-01206,ACC-01116,12950.91,2026-09-07 20:43:59,0,normal,NONE
TX-005692,ACC-01420,ACC-01919,15328.56,2026-09-01 09:56:09,0,normal,NONE
TX-003125,ACC-00534,ACC-01530,17519.86,2026-09-09 16:30:08,0,normal,NONE
TX-010853,ACC-01528,ACC-01338,9517.76,2026-09-04 19:36:54,0,normal,NONE
TX-002492,ACC-00030,ACC-01943,2765.74,2026-09-05 13:22:29,0,normal,NONE
TX-003855,ACC-00191,ACC-01327,7163.66,2026-09-03 18:11:13,0,normal,NONE
TX-004778,ACC-01893,ACC-00149,16533.84,2026-09-05 11:49:28,0,normal,NONE
TX-009908,ACC-00594,ACC-01840,1533.36,2026-09-09 11:48:04,0,normal,NONE
TX-007510,ACC-01188,ACC-01646,1538.59,2026-09-07 21:00:32,0,normal,NONE
TX-006458,ACC-01668,ACC-01901,9595.2,2026-09-09 08:15:45,0,normal,NONE
TX-006294,ACC-01732,ACC-01725,16516.74,2026-09-07 23:02:27,0,normal,NONE
TX-001149,ACC-00749,ACC-00954,11152.02,2026-09-06 19:11:41,0,normal,NONE
TX-011454,ACC-01406,ACC-00153,12937.34,2026-09-09 11:07:43,0,normal,NONE
TX-000575,ACC-01114,ACC-01628,371.15,2026-09-07 19:30:34,0,normal,NONE
TX-003770,ACC-00175,ACC-01107,10708.23,2026-09-09 17:57:18,0,normal,NONE
TX-011929,ACC-01619,ACC-01393,2715.12,2026-09-07 16:49:25,0,normal,NONE
TX-004147,ACC-01382,ACC-01580,4288.55,2026-09-06 17:43:40,0,normal,NONE
TX-000854,ACC-00781,ACC-01257,5171.69,2026-09-03 13:40:51,0,normal,NONE
TX-010175,ACC-01257,ACC-00136,9045.43,2026-09-09 08:01:50,0,normal,NONE
TX-010967,ACC-01453,ACC-01046,5359.19,2026-09-07 15:57:45,0,normal,NONE
TX-005920,ACC-00752,ACC-00817,11430.42,2026-09-02 12:23:41,0,normal,NONE
TX-009359,ACC-00055,ACC-01088,14486.65,2026-09-04 18:33:45,0,normal,NONE
TX-006615,ACC-01446,ACC-00625,3285.68,2026-09-07 20:01:00,0,normal,NONE
TX-006003,ACC-01875,ACC-00278,1091.03,2026-09-03 15:07:50,0,normal,NONE
TX-009164,ACC-01474,ACC-01675,2750.44,2026-09-02 13:05:51,0,normal,NONE
TX-010894,ACC-01880,ACC-00889,13497.01,2026-09-04 20:04:19,0,normal,NONE
TX-004496,ACC-01495,ACC-01660,10508.51,2026-09-06 15:27:48,0,normal,NONE
TX-008174,ACC-00772,ACC-01541,5330.47,2026-09-05 17:50:09,0,normal,NONE
TX-006656,ACC-00821,ACC-00725,4543.62,2026-09-09 18:21:33,0,normal,NONE
TX-012040,FRAUD-02-SRC-15,FRAUD-02-COLLECTOR,9243.34,2026-09-06 17:28:00,1,funneling,NET-02
TX-002369,ACC-00768,ACC-01355,2631.07,2026-09-01 20:40:03,0,normal,NONE
TX-012308,ACC-01523,ACC-01396,88307.42,2026-09-07 20:59:00,0,normal_high_value,NONE
TX-004781,ACC-00719,ACC-01642,1688.77,2026-09-09 22:05:41,0,normal,NONE
TX-012324,ACC-01551,ACC-01443,37648.17,2026-09-08 09:37:00,0,normal_high_value,NONE
TX-007993,ACC-00582,ACC-00915,15343.68,2026-09-09 23:06:23,0,normal,NONE
TX-002951,ACC-00325,ACC-00043,4384.04,2026-09-07 12:23:46,0,normal,NONE
TX-005626,ACC-01584,ACC-01241,687.53,2026-09-08 08:58:46,0,normal,NONE
TX-006972,ACC-00470,ACC-01612,6160.9,2026-09-07 10:07:35,0,normal,NONE
TX-008717,ACC-01454,ACC-00888,11263.82,2026-09-07 21:57:17,0,normal,NONE
TX-010648,ACC-01374,ACC-01430,1906.25,2026-09-06 14:05:28,0,normal,NONE
TX-001842,ACC-01982,ACC-01626,16454.25,2026-09-07 20:00:23,0,normal,NONE
TX-005987,ACC-00167,ACC-01028,7807.13,2026-09-08 10:30:00,0,normal,NONE
TX-000538,ACC-00114,ACC-01024,15471.29,2026-09-03 19:10:16,0,normal,NONE
TX-002807,ACC-01671,ACC-00670,13420.16,2026-09-07 18:58:48,0,normal,NONE
TX-005802,ACC-01819,ACC-01037,14281.44,2026-09-08 17:02:20,0,normal,NONE
TX-005597,ACC-00432,ACC-00117,17929.49,2026-09-02 22:29:24,0,normal,NONE
TX-007207,ACC-01440,ACC-00719,610.0,2026-09-03 20:58:04,0,normal,NONE
TX-007344,ACC-01409,ACC-01494,8586.02,2026-09-04 21:23:59,0,normal,NONE
TX-012534,ACC-01621,ACC-00107,62427.35,2026-09-01 21:11:00,0,normal_high_value,NONE
TX-007561,ACC-00250,ACC-00647,9494.08,2026-09-09 11:25:52,0,normal,NONE
TX-008097,ACC-01361,ACC-00170,17495.84,2026-09-08 19:54:01,0,normal,NONE
TX-011368,ACC-01484,ACC-01280,7669.94,2026-09-07 17:59:22,0,normal,NONE
TX-000785,ACC-01817,ACC-01238,138.63,2026-09-03 22:10:14,0,normal,NONE
TX-012250,FRAUD-10-NEXTHOP,FRAUD-10-OUT-08,10990.89,2026-09-03 12:55:00,1,fan_out,NET-10
TX-001410,ACC-00667,ACC-00183,14400.61,2026-09-07 20:14:57,0,normal,NONE
TX-010730,ACC-01204,ACC-01833,14453.01,2026-09-05 09:42:37,0,normal,NONE
TX-000155,ACC-01247,ACC-01637,4322.57,2026-09-03 17:35:00,0,normal,NONE
TX-007807,ACC-00522,ACC-00129,7409.43,2026-09-09 11:18:09,0,normal,NONE
TX-003010,ACC-01967,ACC-00835,15973.34,2026-09-02 12:57:44,0,normal,NONE
TX-001687,ACC-01536,ACC-00707,4411.19,2026-09-09 09:38:28,0,normal,NONE
TX-011094,ACC-01109,ACC-01522,9002.29,2026-09-02 18:13:46,0,normal,NONE
TX-004015,ACC-01969,ACC-01165,14308.95,2026-09-01 11:56:17,0,normal,NONE
TX-007456,ACC-01993,ACC-01788,16241.53,2026-09-09 21:31:40,0,normal,NONE
TX-003864,ACC-01191,ACC-01889,15151.85,2026-09-03 21:34:56,0,normal,NONE
TX-002734,ACC-01076,ACC-01909,4607.51,2026-09-03 17:09:54,0,normal,NONE
TX-001896,ACC-01895,ACC-00283,10510.49,2026-09-02 12:20:55,0,normal,NONE
TX-005443,ACC-00440,ACC-01757,17876.43,2026-09-08 16:16:39,0,normal,NONE
TX-000570,ACC-01893,ACC-01176,7808.15,2026-09-07 23:01:24,0,normal,NONE
TX-006710,ACC-00218,ACC-00116,10836.49,2026-09-04 14:34:48,0,normal,NONE
TX-005855,ACC-00861,ACC-00354,14592.27,2026-09-06 18:56:45,0,normal,NONE
TX-001817,ACC-01312,ACC-00438,5776.96,2026-09-01 20:03:59,0,normal,NONE
TX-010258,ACC-01698,ACC-01298,415.14,2026-09-05 08:36:16,0,normal,NONE
TX-008320,ACC-00163,ACC-01207,7601.74,2026-09-06 18:49:28,0,normal,NONE
TX-003395,ACC-00375,ACC-01494,14847.24,2026-09-01 18:57:49,0,normal,NONE
TX-003328,ACC-00240,ACC-00031,3348.35,2026-09-03 08:01:04,0,normal,NONE
TX-013227,ACC-00243,ACC-00100,69509.56,2026-09-03 20:30:00,0,normal_high_value,NONE
TX-006103,ACC-01198,ACC-00709,3976.66,2026-09-09 08:35:41,0,normal,NONE
TX-002976,ACC-00599,ACC-00463,4179.66,2026-09-09 23:21:53,0,normal,NONE
TX-000981,ACC-00090,ACC-01574,3092.51,2026-09-06 12:10:55,0,normal,NONE
TX-010493,ACC-00174,ACC-00184,13352.67,2026-09-01 10:41:29,0,normal,NONE
TX-000191,ACC-00809,ACC-00029,4774.97,2026-09-02 22:23:43,0,normal,NONE
TX-009332,ACC-01757,ACC-01635,8129.5,2026-09-02 16:51:58,0,normal,NONE
TX-005089,ACC-00059,ACC-00356,14247.48,2026-09-03 16:00:26,0,normal,NONE
TX-000700,ACC-00322,ACC-01036,15282.24,2026-09-08 13:04:48,0,normal,NONE
TX-012933,ACC-01552,ACC-00555,24487.92,2026-09-09 13:26:00,0,normal_high_value,NONE
TX-000607,ACC-00610,ACC-00487,1744.57,2026-09-07 23:09:03,0,normal,NONE
TX-012469,ACC-01500,ACC-01735,63400.26,2026-09-03 13:01:00,0,normal_high_value,NONE
TX-000302,ACC-01322,ACC-00751,6531.47,2026-09-01 12:43:28,0,normal,NONE
TX-003421,ACC-00257,ACC-01468,16017.95,2026-09-04 14:36:54,0,normal,NONE
TX-012989,ACC-00153,ACC-01459,85895.47,2026-09-07 09:03:00,0,normal_high_value,NONE
TX-001061,ACC-01360,ACC-01967,12043.53,2026-09-09 17:39:03,0,normal,NONE
TX-010758,ACC-01030,ACC-00898,15013.0,2026-09-08 08:52:05,0,normal,NONE
TX-003445,ACC-00168,ACC-01496,10601.97,2026-09-06 22:44:30,0,normal,NONE
TX-001070,ACC-01081,ACC-01766,614.97,2026-09-02 12:38:59,0,normal,NONE
TX-010717,ACC-01796,ACC-00747,11449.48,2026-09-01 17:29:30,0,normal,NONE
TX-002206,ACC-01679,ACC-01382,13152.09,2026-09-07 20:34:04,0,normal,NONE
TX-009436,ACC-01994,ACC-01613,17600.38,2026-09-09 08:07:12,0,normal,NONE
TX-007340,ACC-01336,ACC-00807,3631.31,2026-09-03 11:50:03,0,normal,NONE
TX-008209,ACC-00994,ACC-00601,17488.58,2026-09-05 19:59:45,0,normal,NONE
TX-007680,ACC-00516,ACC-01277,8326.08,2026-09-09 14:18:46,0,normal,NONE
TX-011313,ACC-00402,ACC-00307,17688.48,2026-09-03 09:56:57,0,normal,NONE
TX-004643,ACC-01059,ACC-01476,5135.02,2026-09-09 19:26:14,0,normal,NONE
TX-007684,ACC-01979,ACC-00395,9555.59,2026-09-08 18:47:05,0,normal,NONE
TX-009008,ACC-00844,ACC-00295,4424.26,2026-09-03 11:53:23,0,normal,NONE
TX-007997,ACC-01802,ACC-00131,11100.37,2026-09-07 11:54:29,0,normal,NONE
TX-011260,ACC-00960,ACC-01651,17406.0,2026-09-02 13:39:52,0,normal,NONE
TX-012741,ACC-01388,ACC-01826,64703.65,2026-09-01 13:35:00,0,normal_high_value,NONE
TX-005601,ACC-00484,ACC-01852,3419.85,2026-09-06 12:35:21,0,normal,NONE
TX-009152,ACC-01172,ACC-00113,12755.12,2026-09-06 18:08:15,0,normal,NONE
TX-007023,ACC-01064,ACC-01038,16888.56,2026-09-05 20:28:58,0,normal,NONE
TX-004894,ACC-00609,ACC-01613,7049.86,2026-09-07 13:31:27,0,normal,NONE
TX-000226,ACC-01562,ACC-00633,16589.24,2026-09-06 08:11:55,0,normal,NONE
TX-003355,ACC-00936,ACC-00596,12715.07,2026-09-03 23:18:24,0,normal,NONE
TX-005896,ACC-01108,ACC-00902,15576.87,2026-09-03 21:22:03,0,normal,NONE
TX-010678,ACC-00632,ACC-01422,11256.53,2026-09-02 20:09:31,0,normal,NONE
TX-008755,ACC-00939,ACC-01118,824.87,2026-09-01 14:31:34,0,normal,NONE
TX-003437,ACC-01807,ACC-00367,14356.16,2026-09-03 22:23:22,0,normal,NONE
TX-001694,ACC-01828,ACC-01266,15273.37,2026-09-01 19:00:39,0,normal,NONE
TX-006894,ACC-00656,ACC-00963,16003.19,2026-09-04 18:04:45,0,normal,NONE
TX-001046,ACC-00706,ACC-00183,10497.43,2026-09-09 20:54:08,0,normal,NONE
TX-003447,ACC-01537,ACC-01584,6127.26,2026-09-04 23:34:48,0,normal,NONE
TX-012758,ACC-01142,ACC-00253,23555.53,2026-09-04 10:38:00,0,normal_high_value,NONE
TX-008051,ACC-01316,ACC-01700,14988.73,2026-09-02 15:28:05,0,normal,NONE
TX-009147,ACC-00211,ACC-00743,13080.49,2026-09-05 11:45:47,0,normal,NONE
TX-013226,ACC-00252,ACC-00103,61317.67,2026-09-01 21:44:00,0,normal_high_value,NONE
TX-010928,ACC-00260,ACC-00792,4053.83,2026-09-03 16:18:07,0,normal,NONE
TX-011297,ACC-01581,ACC-00717,2898.2,2026-09-04 11:05:48,0,normal,NONE
TX-004736,ACC-00592,ACC-01040,9017.08,2026-09-04 19:31:57,0,normal,NONE
TX-004497,ACC-00930,ACC-01304,12066.98,2026-09-04 16:42:36,0,normal,NONE
TX-001219,ACC-01065,ACC-00279,8934.77,2026-09-06 17:35:46,0,normal,NONE
TX-006016,ACC-01363,ACC-01268,11849.5,2026-09-05 19:29:59,0,normal,NONE
TX-009720,ACC-00803,ACC-00199,5630.72,2026-09-03 15:25:13,0,normal,NONE
TX-003988,ACC-01481,ACC-00126,3912.9,2026-09-08 18:19:14,0,normal,NONE
TX-004912,ACC-01905,ACC-01779,2444.1,2026-09-08 11:07:17,0,normal,NONE
TX-009493,ACC-00806,ACC-01468,12483.54,2026-09-01 15:48:26,0,normal,NONE
TX-004494,ACC-00611,ACC-01249,7980.08,2026-09-01 13:16:37,0,normal,NONE
TX-006945,ACC-01965,ACC-00728,12247.39,2026-09-07 20:33:59,0,normal,NONE
TX-005700,ACC-00881,ACC-00161,8255.04,2026-09-08 18:34:03,0,normal,NONE
TX-008353,ACC-01759,ACC-00790,5797.8,2026-09-05 19:25:33,0,normal,NONE
TX-012260,ACC-01653,ACC-00608,73885.6,2026-09-02 20:04:00,0,normal_high_value,NONE
TX-000957,ACC-00633,ACC-01411,12698.35,2026-09-09 12:27:58,0,normal,NONE
TX-011984,ACC-01953,ACC-01822,2473.81,2026-09-03 19:18:02,0,normal,NONE
TX-011427,ACC-00141,ACC-01027,8014.58,2026-09-05 23:32:58,0,normal,NONE
TX-002870,ACC-00083,ACC-00473,17966.65,2026-09-01 10:43:25,0,normal,NONE
TX-011970,ACC-00107,ACC-00161,12024.79,2026-09-02 08:59:19,0,normal,NONE
TX-004434,ACC-01888,ACC-01285,8777.27,2026-09-02 21:04:28,0,normal,NONE
TX-004974,ACC-01801,ACC-01887,8643.28,2026-09-01 15:36:27,0,normal,NONE
TX-002962,ACC-00528,ACC-01203,5685.03,2026-09-02 20:46:14,0,normal,NONE
TX-002201,ACC-00379,ACC-00484,15442.56,2026-09-07 10:46:15,0,normal,NONE
TX-000099,ACC-01505,ACC-01119,14401.63,2026-09-04 23:14:17,0,normal,NONE
TX-013053,ACC-00237,ACC-00699,79093.63,2026-09-08 09:12:00,0,normal_high_value,NONE
TX-002558,ACC-01566,ACC-01841,12895.65,2026-09-01 10:20:37,0,normal,NONE
TX-011376,ACC-00074,ACC-01423,544.57,2026-09-06 21:40:41,0,normal,NONE
TX-008446,ACC-00653,ACC-01396,14924.19,2026-09-08 23:08:05,0,normal,NONE
TX-012116,FRAUD-05-COLLECTOR,FRAUD-05-RELAY,118485.04,2026-09-06 16:35:00,1,layering,NET-05
TX-004200,ACC-00243,ACC-00035,3690.17,2026-09-08 18:09:57,0,normal,NONE
TX-009638,ACC-00288,ACC-00795,2129.93,2026-09-04 15:09:17,0,normal,NONE
TX-005540,ACC-01853,ACC-00390,12060.59,2026-09-03 16:12:29,0,normal,NONE
TX-001649,ACC-01174,ACC-01173,8641.38,2026-09-02 13:24:30,0,normal,NONE
TX-012875,ACC-01598,ACC-01782,67741.6,2026-09-06 23:59:00,0,normal_high_value,NONE
TX-012916,ACC-01025,ACC-00381,35350.23,2026-09-04 12:39:00,0,normal_high_value,NONE
TX-012184,FRAUD-08-SRC-09,FRAUD-08-COLLECTOR,7134.15,2026-09-07 09:16:00,1,funneling,NET-08
TX-009889,ACC-01034,ACC-00687,14347.46,2026-09-01 21:36:00,0,normal,NONE
TX-011384,ACC-00131,ACC-00795,4042.26,2026-09-03 18:22:26,0,normal,NONE
TX-006198,ACC-01491,ACC-01489,15346.01,2026-09-06 17:16:47,0,normal,NONE
TX-006296,ACC-01430,ACC-01071,1661.75,2026-09-07 22:55:44,0,normal,NONE
TX-004500,ACC-00786,ACC-01966,7289.03,2026-09-06 10:17:31,0,normal,NONE
TX-001155,ACC-01639,ACC-01379,17017.67,2026-09-02 14:57:56,0,normal,NONE
TX-002256,ACC-00284,ACC-01249,11166.17,2026-09-02 21:01:20,0,normal,NONE
TX-009875,ACC-00642,ACC-01928,5142.52,2026-09-07 23:26:32,0,normal,NONE
TX-003171,ACC-01166,ACC-01222,6227.39,2026-09-08 08:49:06,0,normal,NONE
TX-007401,ACC-01661,ACC-00321,9077.77,2026-09-02 20:58:00,0,normal,NONE
TX-010249,ACC-01576,ACC-01524,16383.85,2026-09-04 08:56:01,0,normal,NONE
TX-007159,ACC-01938,ACC-00924,4209.6,2026-09-07 11:49:59,0,normal,NONE
TX-012283,ACC-00659,ACC-00830,32893.18,2026-09-04 16:52:00,0,normal_high_value,NONE
TX-003109,ACC-00877,ACC-00681,476.62,2026-09-01 09:02:09,0,normal,NONE
TX-004549,ACC-00245,ACC-00272,15130.08,2026-09-08 17:20:08,0,normal,NONE
TX-011916,ACC-00809,ACC-00553,3519.93,2026-09-04 19:36:48,0,normal,NONE
TX-005424,ACC-01115,ACC-01713,7084.1,2026-09-02 15:55:29,0,normal,NONE
TX-002050,ACC-00053,ACC-00218,10970.51,2026-09-06 19:13:24,0,normal,NONE
TX-011836,ACC-01975,ACC-01422,6469.03,2026-09-08 15:29:47,0,normal,NONE
TX-009209,ACC-00006,ACC-00636,15709.03,2026-09-07 16:24:39,0,normal,NONE
TX-008816,ACC-00457,ACC-01871,12023.94,2026-09-08 19:24:11,0,normal,NONE
TX-012981,ACC-01251,ACC-00652,67135.99,2026-09-05 08:40:00,0,normal_high_value,NONE
TX-000263,ACC-00159,ACC-00606,15202.82,2026-09-02 09:42:21,0,normal,NONE
TX-011562,ACC-01153,ACC-01883,15574.95,2026-09-08 08:49:35,0,normal,NONE
TX-004062,ACC-01475,ACC-01581,2529.54,2026-09-02 17:15:42,0,normal,NONE
TX-005535,ACC-01402,ACC-01453,370.33,2026-09-06 10:02:32,0,normal,NONE
TX-006617,ACC-01662,ACC-01102,3847.18,2026-09-01 14:01:12,0,normal,NONE
TX-008121,ACC-01221,ACC-01525,3156.07,2026-09-04 20:01:15,0,normal,NONE
TX-008156,ACC-01394,ACC-00860,7479.42,2026-09-04 15:36:03,0,normal,NONE
TX-001803,ACC-00634,ACC-01121,15618.26,2026-09-02 23:06:29,0,normal,NONE
TX-004737,ACC-00183,ACC-01230,3380.3,2026-09-05 20:30:36,0,normal,NONE
TX-013237,ACC-01092,ACC-01220,62908.52,2026-09-01 14:45:00,0,normal_high_value,NONE
TX-002386,ACC-01846,ACC-01069,17496.72,2026-09-08 22:20:08,0,normal,NONE
TX-006695,ACC-01167,ACC-00104,7871.22,2026-09-08 18:32:11,0,normal,NONE
TX-005760,ACC-01022,ACC-00187,15611.27,2026-09-07 12:34:14,0,normal,NONE
TX-001960,ACC-00014,ACC-01650,8739.49,2026-09-04 11:04:00,0,normal,NONE
TX-002977,ACC-00055,ACC-01202,2524.5,2026-09-07 14:10:52,0,normal,NONE
TX-008681,ACC-01580,ACC-00823,4975.92,2026-09-08 17:28:35,0,normal,NONE
TX-001844,ACC-01849,ACC-01629,16369.89,2026-09-04 08:57:58,0,normal,NONE
TX-001735,ACC-00452,ACC-00607,12754.42,2026-09-09 11:10:14,0,normal,NONE
TX-002912,ACC-00072,ACC-01092,3168.22,2026-09-07 11:05:48,0,normal,NONE
TX-011412,ACC-01243,ACC-00464,6735.93,2026-09-02 19:06:19,0,normal,NONE
TX-008339,ACC-01984,ACC-01943,8144.27,2026-09-08 17:49:43,0,normal,NONE
TX-001987,ACC-00889,ACC-01667,9522.96,2026-09-04 10:37:01,0,normal,NONE
TX-009562,ACC-01971,ACC-01233,15170.26,2026-09-07 10:41:55,0,normal,NONE
TX-006547,ACC-00255,ACC-01405,7108.47,2026-09-01 14:08:23,0,normal,NONE
TX-007099,ACC-01872,ACC-01898,15366.59,2026-09-07 12:10:57,0,normal,NONE
TX-002812,ACC-01639,ACC-01260,6726.97,2026-09-01 11:30:49,0,normal,NONE
TX-000660,ACC-01784,ACC-01750,2731.0,2026-09-04 18:26:36,0,normal,NONE
TX-009987,ACC-01453,ACC-00938,5742.68,2026-09-07 17:59:43,0,normal,NONE
TX-002512,ACC-01565,ACC-01623,7359.58,2026-09-05 14:25:09,0,normal,NONE
TX-011590,ACC-01656,ACC-00807,13416.67,2026-09-08 13:49:17,0,normal,NONE
TX-004283,ACC-00765,ACC-00265,3242.78,2026-09-05 10:13:15,0,normal,NONE
TX-009340,ACC-00313,ACC-01180,2891.9,2026-09-05 20:21:52,0,normal,NONE
TX-011465,ACC-00503,ACC-01056,15765.11,2026-09-04 18:52:13,0,normal,NONE
TX-008801,ACC-00804,ACC-01759,8153.09,2026-09-04 20:04:17,0,normal,NONE
TX-006288,ACC-00368,ACC-00848,7661.23,2026-09-06 20:54:02,0,normal,NONE
TX-011775,ACC-00349,ACC-01676,15003.87,2026-09-04 22:42:20,0,normal,NONE
TX-001931,ACC-00183,ACC-00397,16573.24,2026-09-07 11:17:56,0,normal,NONE
TX-007126,ACC-01869,ACC-01908,17079.57,2026-09-04 23:41:25,0,normal,NONE
TX-000198,ACC-01489,ACC-00317,15939.74,2026-09-02 23:39:26,0,normal,NONE
TX-007778,ACC-00484,ACC-01708,10728.25,2026-09-01 10:53:56,0,normal,NONE
TX-002932,ACC-00777,ACC-01377,2090.53,2026-09-09 17:48:18,0,normal,NONE
TX-008005,ACC-01858,ACC-01696,12312.28,2026-09-08 17:43:53,0,normal,NONE
TX-002328,ACC-01008,ACC-00579,10355.18,2026-09-02 10:36:05,0,normal,NONE
TX-004390,ACC-01131,ACC-00575,14582.36,2026-09-08 18:45:16,0,normal,NONE
TX-008959,ACC-01348,ACC-01944,14061.1,2026-09-03 12:02:06,0,normal,NONE
TX-012689,ACC-01143,ACC-00773,46611.41,2026-09-02 10:21:00,0,normal_high_value,NONE
TX-004219,ACC-01660,ACC-00602,15335.08,2026-09-05 16:54:28,0,normal,NONE
TX-011448,ACC-00737,ACC-00385,16323.83,2026-09-04 08:39:27,0,normal,NONE
TX-000203,ACC-00684,ACC-00499,17799.0,2026-09-04 10:53:48,0,normal,NONE
TX-003511,ACC-00842,ACC-01632,6159.04,2026-09-03 15:57:28,0,normal,NONE
TX-004932,ACC-01799,ACC-00137,11335.72,2026-09-05 23:55:26,0,normal,NONE
TX-005536,ACC-00236,ACC-01267,5478.27,2026-09-09 16:45:08,0,normal,NONE
TX-009926,ACC-01719,ACC-00202,9925.43,2026-09-09 10:58:07,0,normal,NONE
TX-005792,ACC-00238,ACC-01573,2114.62,2026-09-01 13:39:05,0,normal,NONE
TX-010970,ACC-00756,ACC-01698,1467.71,2026-09-06 22:00:50,0,normal,NONE
TX-001708,ACC-00017,ACC-00890,8653.87,2026-09-05 23:05:48,0,normal,NONE
TX-005173,ACC-00038,ACC-00953,1849.68,2026-09-07 22:40:45,0,normal,NONE
TX-005250,ACC-01547,ACC-01024,16132.54,2026-09-05 18:07:49,0,normal,NONE
TX-011667,ACC-01528,ACC-00582,16735.01,2026-09-04 18:49:02,0,normal,NONE
TX-006529,ACC-00393,ACC-00274,3523.47,2026-09-09 19:37:14,0,normal,NONE
TX-013050,ACC-00110,ACC-01276,66276.66,2026-09-02 08:30:00,0,normal_high_value,NONE
TX-005856,ACC-00255,ACC-00625,14607.19,2026-09-06 16:18:39,0,normal,NONE
TX-008165,ACC-01874,ACC-01225,402.19,2026-09-04 13:00:06,0,normal,NONE
TX-000855,ACC-01902,ACC-00691,7604.26,2026-09-07 10:05:10,0,normal,NONE
TX-004738,ACC-00187,ACC-01676,4553.64,2026-09-04 21:40:24,0,normal,NONE
TX-012290,ACC-00245,ACC-01384,78992.19,2026-09-08 20:40:00,0,normal_high_value,NONE
TX-010353,ACC-01442,ACC-00542,524.37,2026-09-01 18:19:59,0,normal,NONE
TX-000699,ACC-01144,ACC-01827,17780.49,2026-09-01 08:41:59,0,normal,NONE
TX-011345,ACC-01938,ACC-01048,13658.86,2026-09-09 11:47:28,0,normal,NONE
TX-011192,ACC-01367,ACC-01007,11534.99,2026-09-02 12:48:47,0,normal,NONE
TX-003697,ACC-01881,ACC-01031,12512.39,2026-09-06 21:37:54,0,normal,NONE
TX-001637,ACC-01489,ACC-00580,5096.91,2026-09-04 20:06:08,0,normal,NONE
TX-007281,ACC-01460,ACC-01898,1774.72,2026-09-01 17:00:35,0,normal,NONE
TX-007555,ACC-00308,ACC-01443,3359.24,2026-09-09 20:30:06,0,normal,NONE
TX-011650,ACC-00908,ACC-00718,2016.78,2026-09-01 08:28:42,0,normal,NONE
TX-003582,ACC-01901,ACC-01236,10611.81,2026-09-04 16:17:37,0,normal,NONE
TX-001292,ACC-00537,ACC-01437,15335.92,2026-09-01 20:39:27,0,normal,NONE
TX-012852,ACC-01854,ACC-01192,38657.02,2026-09-09 22:25:00,0,normal_high_value,NONE
TX-006586,ACC-00025,ACC-00347,17186.29,2026-09-05 11:14:59,0,normal,NONE
TX-001854,ACC-01504,ACC-00268,17701.79,2026-09-06 13:15:41,0,normal,NONE
TX-005233,ACC-01117,ACC-00473,13612.98,2026-09-05 14:43:53,0,normal,NONE
TX-003764,ACC-00776,ACC-01912,2943.28,2026-09-07 10:19:14,0,normal,NONE
TX-003305,ACC-00393,ACC-01777,14990.22,2026-09-09 20:43:10,0,normal,NONE
TX-001496,ACC-01191,ACC-00822,11493.14,2026-09-01 14:14:57,0,normal,NONE
TX-011936,ACC-01168,ACC-01507,2702.84,2026-09-05 15:42:28,0,normal,NONE
TX-011638,ACC-00419,ACC-00743,5877.23,2026-09-07 22:14:05,0,normal,NONE
TX-007995,ACC-00914,ACC-01176,16935.23,2026-09-04 10:50:42,0,normal,NONE
TX-001999,ACC-00539,ACC-01338,559.0,2026-09-06 21:16:12,0,normal,NONE
TX-000664,ACC-00325,ACC-01003,14138.09,2026-09-02 12:39:27,0,normal,NONE
TX-012972,ACC-00465,ACC-00973,42566.23,2026-09-06 17:13:00,0,normal_high_value,NONE
TX-003749,ACC-00530,ACC-00918,8184.86,2026-09-05 23:14:48,0,normal,NONE
TX-004414,ACC-00574,ACC-00540,823.93,2026-09-06 14:06:04,0,normal,NONE
TX-012937,ACC-00726,ACC-00253,74108.04,2026-09-08 08:38:00,0,normal_high_value,NONE
TX-005531,ACC-00014,ACC-00132,11116.95,2026-09-01 17:08:34,0,normal,NONE
TX-005576,ACC-00145,ACC-00267,12095.71,2026-09-09 15:00:43,0,normal,NONE
TX-008902,ACC-00820,ACC-01020,7942.14,2026-09-01 19:09:04,0,normal,NONE
TX-007527,ACC-01052,ACC-01691,5888.07,2026-09-08 13:04:14,0,normal,NONE
TX-009475,ACC-00843,ACC-00291,16051.21,2026-09-03 11:21:05,0,normal,NONE
TX-005865,ACC-00027,ACC-00953,10020.22,2026-09-02 12:43:45,0,normal,NONE
TX-010868,ACC-00281,ACC-00629,11133.59,2026-09-06 14:39:13,0,normal,NONE
TX-006777,ACC-01119,ACC-00479,2516.21,2026-09-06 13:45:28,0,normal,NONE
TX-012222,FRAUD-09-NEXTHOP,FRAUD-09-OUT-05,11064.44,2026-09-04 18:52:00,1,fan_out,NET-09
TX-001307,ACC-01087,ACC-00887,2569.49,2026-09-02 18:02:08,0,normal,NONE
TX-007393,ACC-00384,ACC-01668,10711.79,2026-09-01 09:20:37,0,normal,NONE
TX-010430,ACC-01924,ACC-00660,6128.26,2026-09-06 09:25:32,0,normal,NONE
TX-011495,ACC-00632,ACC-00178,5530.43,2026-09-06 08:37:29,0,normal,NONE
TX-005593,ACC-01442,ACC-01604,10309.98,2026-09-07 19:32:54,0,normal,NONE
TX-010231,ACC-00650,ACC-01736,11733.49,2026-09-02 10:26:23,0,normal,NONE
TX-009722,ACC-00412,ACC-00178,11855.53,2026-09-02 14:04:43,0,normal,NONE
TX-001664,ACC-01935,ACC-00521,12183.93,2026-09-03 14:04:40,0,normal,NONE
TX-005451,ACC-00194,ACC-00340,5811.7,2026-09-07 09:24:59,0,normal,NONE
TX-013162,ACC-00839,ACC-00104,66350.03,2026-09-08 23:03:00,0,normal_high_value,NONE
TX-013188,ACC-00980,ACC-01325,80570.72,2026-09-01 14:37:00,0,normal_high_value,NONE
TX-003628,ACC-00649,ACC-01227,741.06,2026-09-06 20:25:48,0,normal,NONE
TX-002694,ACC-00187,ACC-01417,8824.37,2026-09-06 10:16:40,0,normal,NONE
TX-011253,ACC-01272,ACC-01969,7566.06,2026-09-08 13:49:49,0,normal,NONE
TX-009790,ACC-00964,ACC-00209,17325.5,2026-09-08 18:26:57,0,normal,NONE
TX-010922,ACC-00312,ACC-01828,14298.39,2026-09-09 08:02:19,0,normal,NONE
TX-010818,ACC-00761,ACC-01317,4879.38,2026-09-08 20:22:06,0,normal,NONE
TX-005916,ACC-01659,ACC-00470,12919.94,2026-09-01 08:34:44,0,normal,NONE
TX-003158,ACC-01297,ACC-00310,13176.96,2026-09-02 14:10:07,0,normal,NONE
TX-011507,ACC-01923,ACC-00761,1838.15,2026-09-04 18:45:10,0,normal,NONE
TX-009915,ACC-00560,ACC-01702,1066.74,2026-09-09 18:55:07,0,normal,NONE
TX-006669,ACC-00392,ACC-00890,8675.33,2026-09-01 10:52:56,0,normal,NONE
TX-001060,ACC-01072,ACC-01823,10989.07,2026-09-04 23:40:47,0,normal,NONE
TX-004637,ACC-01606,ACC-01179,2898.98,2026-09-02 18:30:35,0,normal,NONE
TX-003243,ACC-00257,ACC-00001,9055.54,2026-09-04 16:34:25,0,normal,NONE
TX-001679,ACC-00375,ACC-00899,17752.71,2026-09-08 17:17:27,0,normal,NONE
TX-006893,ACC-00169,ACC-01928,2337.67,2026-09-03 21:36:47,0,normal,NONE
TX-006375,ACC-01083,ACC-00629,14342.41,2026-09-02 11:05:20,0,normal,NONE
TX-007575,ACC-00532,ACC-00026,571.14,2026-09-02 18:18:54,0,normal,NONE
TX-001758,ACC-01343,ACC-00588,4081.4,2026-09-07 11:31:10,0,normal,NONE
TX-006020,ACC-00801,ACC-01922,15423.12,2026-09-05 23:08:33,0,normal,NONE
TX-012384,ACC-00764,ACC-00312,83301.12,2026-09-02 12:55:00,0,normal_high_value,NONE
TX-005117,ACC-01303,ACC-00411,1479.27,2026-09-08 18:57:22,0,normal,NONE
TX-008756,ACC-00183,ACC-01754,58.33,2026-09-01 15:40:09,0,normal,NONE
TX-007409,ACC-01833,ACC-01993,13133.42,2026-09-01 10:01:59,0,normal,NONE
TX-002791,ACC-00364,ACC-00067,2420.03,2026-09-06 19:42:36,0,normal,NONE
TX-000864,ACC-00350,ACC-00059,652.09,2026-09-06 18:55:30,0,normal,NONE
TX-007859,ACC-01275,ACC-01529,12455.46,2026-09-09 16:05:32,0,normal,NONE
TX-001485,ACC-01866,ACC-00208,397.47,2026-09-03 20:41:50,0,normal,NONE
TX-007036,ACC-00635,ACC-00035,11665.03,2026-09-08 14:34:29,0,normal,NONE
TX-007722,ACC-00690,ACC-01454,12050.49,2026-09-08 20:53:48,0,normal,NONE
TX-005978,ACC-00764,ACC-00269,15214.76,2026-09-07 20:00:06,0,normal,NONE
TX-005135,ACC-01080,ACC-00818,7216.41,2026-09-08 11:59:22,0,normal,NONE
TX-000207,ACC-01618,ACC-01615,4298.01,2026-09-06 08:11:16,0,normal,NONE
TX-004489,ACC-00426,ACC-00525,9624.65,2026-09-04 15:36:06,0,normal,NONE
TX-006939,ACC-01436,ACC-01743,7631.97,2026-09-04 11:26:06,0,normal,NONE
TX-009063,ACC-01482,ACC-00363,7887.89,2026-09-05 17:21:53,0,normal,NONE
TX-012686,ACC-01897,ACC-00168,79064.51,2026-09-01 20:53:00,0,normal_high_value,NONE
TX-006911,ACC-00732,ACC-00714,5392.34,2026-09-01 14:16:57,0,normal,NONE
TX-000503,ACC-01690,ACC-00434,8914.97,2026-09-06 17:21:35,0,normal,NONE
TX-007386,ACC-00502,ACC-00232,14400.21,2026-09-09 16:16:16,0,normal,NONE
TX-001029,ACC-01566,ACC-00954,10228.85,2026-09-02 22:06:29,0,normal,NONE
TX-003841,ACC-00025,ACC-00306,9839.87,2026-09-08 13:03:59,0,normal,NONE
TX-010883,ACC-01875,ACC-01550,1683.48,2026-09-04 14:21:49,0,normal,NONE
TX-008111,ACC-00076,ACC-01948,6930.34,2026-09-09 14:33:46,0,normal,NONE
TX-005057,ACC-01553,ACC-01272,3217.11,2026-09-09 14:54:06,0,normal,NONE
TX-009763,ACC-00108,ACC-01978,14292.63,2026-09-06 14:36:29,0,normal,NONE
TX-008155,ACC-00634,ACC-00192,11486.3,2026-09-04 18:36:40,0,normal,NONE
TX-010966,ACC-00637,ACC-00372,2007.66,2026-09-05 12:55:34,0,normal,NONE
TX-002732,ACC-00782,ACC-00747,882.65,2026-09-04 10:45:58,0,normal,NONE
TX-008997,ACC-00150,ACC-00008,7542.63,2026-09-07 09:29:10,0,normal,NONE
TX-011838,ACC-01209,ACC-01756,5558.23,2026-09-03 09:30:08,0,normal,NONE
TX-002455,ACC-01304,ACC-01272,8977.66,2026-09-09 14:22:06,0,normal,NONE
TX-012791,ACC-00673,ACC-01794,31066.64,2026-09-09 21:35:00,0,normal_high_value,NONE
TX-007216,ACC-01589,ACC-01652,7995.6,2026-09-09 20:18:22,0,normal,NONE
TX-003105,ACC-00922,ACC-01104,7970.78,2026-09-05 13:08:31,0,normal,NONE
TX-013068,ACC-00833,ACC-01562,88718.7,2026-09-04 15:02:00,0,normal_high_value,NONE
TX-008393,ACC-01185,ACC-01397,6332.84,2026-09-09 19:48:28,0,normal,NONE
TX-006279,ACC-01226,ACC-00043,6020.87,2026-09-03 23:01:45,0,normal,NONE
TX-003100,ACC-00364,ACC-00936,6905.12,2026-09-09 11:44:37,0,normal,NONE
TX-006185,ACC-00161,ACC-01361,17053.73,2026-09-03 09:48:44,0,normal,NONE
TX-010471,ACC-00538,ACC-01041,6662.62,2026-09-02 19:49:38,0,normal,NONE
TX-003562,ACC-01235,ACC-00188,11346.78,2026-09-07 18:19:12,0,normal,NONE
TX-005893,ACC-01444,ACC-01565,7834.89,2026-09-04 13:02:31,0,normal,NONE
TX-012667,ACC-00741,ACC-01275,65194.16,2026-09-09 15:58:00,0,normal_high_value,NONE
TX-012707,ACC-00897,ACC-01379,79891.02,2026-09-08 20:54:00,0,normal_high_value,NONE
TX-000392,ACC-00612,ACC-00949,12129.53,2026-09-09 21:34:24,0,normal,NONE
TX-006737,ACC-01036,ACC-00320,5606.46,2026-09-07 21:25:24,0,normal,NONE
TX-005619,ACC-01024,ACC-01021,8781.45,2026-09-09 17:59:50,0,normal,NONE
TX-005259,ACC-00692,ACC-00550,16980.05,2026-09-01 14:37:00,0,normal,NONE
TX-009688,ACC-00114,ACC-01734,17736.21,2026-09-06 08:22:39,0,normal,NONE
TX-002696,ACC-01856,ACC-00664,16331.77,2026-09-04 19:19:12,0,normal,NONE
TX-002028,ACC-01211,ACC-00444,13635.39,2026-09-06 21:55:27,0,normal,NONE
TX-005464,ACC-01496,ACC-00834,17728.99,2026-09-06 19:10:14,0,normal,NONE
TX-002569,ACC-01126,ACC-00569,4114.75,2026-09-08 23:27:27,0,normal,NONE
TX-008007,ACC-01386,ACC-01252,8573.61,2026-09-04 10:04:47,0,normal,NONE
TX-000065,ACC-00317,ACC-01896,16739.26,2026-09-03 13:56:26,0,normal,NONE
TX-012077,FRAUD-04-SRC-02,FRAUD-04-COLLECTOR,12382.08,2026-09-04 12:02:00,1,funneling,NET-04
TX-002063,ACC-00032,ACC-00342,2191.78,2026-09-05 23:47:06,0,normal,NONE
TX-005277,ACC-00503,ACC-00219,2113.73,2026-09-09 08:16:10,0,normal,NONE
TX-007209,ACC-00277,ACC-00317,14277.48,2026-09-01 21:24:28,0,normal,NONE
TX-008685,ACC-01502,ACC-00076,1982.28,2026-09-05 17:33:49,0,normal,NONE
TX-008572,ACC-01606,ACC-00944,5315.33,2026-09-04 20:03:53,0,normal,NONE
TX-006332,ACC-01366,ACC-00345,9502.32,2026-09-06 22:29:52,0,normal,NONE
TX-004860,ACC-01053,ACC-01398,8132.95,2026-09-01 22:41:18,0,normal,NONE
TX-012186,FRAUD-08-SRC-11,FRAUD-08-COLLECTOR,10273.52,2026-09-07 09:20:00,1,funneling,NET-08
TX-004888,ACC-01734,ACC-00872,4344.51,2026-09-06 20:06:08,0,normal,NONE
TX-009269,ACC-01859,ACC-00122,15116.5,2026-09-08 13:21:45,0,normal,NONE
TX-000879,ACC-01490,ACC-00017,4205.93,2026-09-03 08:31:13,0,normal,NONE
TX-008530,ACC-00959,ACC-01160,5912.88,2026-09-03 09:11:29,0,normal,NONE
TX-007917,ACC-00920,ACC-00603,7324.96,2026-09-07 12:07:38,0,normal,NONE
TX-006864,ACC-01001,ACC-00348,4455.5,2026-09-09 21:04:45,0,normal,NONE
TX-007893,ACC-01811,ACC-01841,7193.07,2026-09-09 10:56:58,0,normal,NONE
TX-006440,ACC-01600,ACC-01686,4644.54,2026-09-05 19:17:47,0,normal,NONE
TX-007870,ACC-00609,ACC-01261,1576.14,2026-09-06 10:36:14,0,normal,NONE
TX-001017,ACC-01786,ACC-00202,14802.05,2026-09-09 12:13:46,0,normal,NONE
TX-009468,ACC-01740,ACC-01608,3884.86,2026-09-06 15:59:59,0,normal,NONE
TX-011991,ACC-01521,ACC-00890,5434.04,2026-09-08 11:53:30,0,normal,NONE
TX-007630,ACC-01796,ACC-00213,3086.14,2026-09-03 12:11:14,0,normal,NONE
TX-012744,ACC-01463,ACC-00596,76238.57,2026-09-08 20:15:00,0,normal_high_value,NONE
TX-011535,ACC-00750,ACC-00959,11023.08,2026-09-01 10:55:55,0,normal,NONE
TX-013104,ACC-00986,ACC-00870,65762.41,2026-09-06 13:45:00,0,normal_high_value,NONE
TX-000996,ACC-01289,ACC-01084,17769.66,2026-09-08 17:27:38,0,normal,NONE
TX-010174,ACC-01021,ACC-00637,5761.84,2026-09-05 11:30:40,0,normal,NONE
TX-004298,ACC-00336,ACC-01671,7118.2,2026-09-08 20:39:55,0,normal,NONE
TX-000162,ACC-00992,ACC-00707,5997.27,2026-09-09 20:29:59,0,normal,NONE
TX-005676,ACC-01393,ACC-01743,6607.66,2026-09-04 15:29:59,0,normal,NONE
TX-006874,ACC-01572,ACC-01130,11395.47,2026-09-07 21:45:00,0,normal,NONE
TX-012991,ACC-01993,ACC-00678,83624.81,2026-09-07 23:56:00,0,normal_high_value,NONE
TX-009693,ACC-00313,ACC-00170,12496.43,2026-09-07 08:37:07,0,normal,NONE
TX-007990,ACC-00743,ACC-00927,17516.23,2026-09-03 13:25:51,0,normal,NONE
TX-003844,ACC-00739,ACC-00403,7378.68,2026-09-09 08:00:21,0,normal,NONE
TX-010806,ACC-00407,ACC-00826,6808.88,2026-09-05 14:26:55,0,normal,NONE
TX-011654,ACC-01890,ACC-00693,101.48,2026-09-04 09:44:47,0,normal,NONE
TX-001022,ACC-00567,ACC-01091,5758.31,2026-09-08 11:17:09,0,normal,NONE
TX-003074,ACC-00079,ACC-01620,11586.64,2026-09-06 08:25:41,0,normal,NONE
TX-007556,ACC-00112,ACC-00813,7467.55,2026-09-07 08:10:18,0,normal,NONE
TX-003944,ACC-00566,ACC-00067,16891.68,2026-09-04 17:58:59,0,normal,NONE
TX-001586,ACC-00497,ACC-00979,640.45,2026-09-06 08:44:42,0,normal,NONE
TX-010148,ACC-00135,ACC-00963,15515.17,2026-09-08 15:14:53,0,normal,NONE
TX-003153,ACC-01711,ACC-01786,2950.83,2026-09-04 10:01:49,0,normal,NONE
TX-008227,ACC-00588,ACC-00945,6883.9,2026-09-03 08:28:13,0,normal,NONE
TX-012207,FRAUD-09-SRC-07,FRAUD-09-COLLECTOR,10486.64,2026-09-04 18:12:00,1,funneling,NET-09
TX-000776,ACC-01046,ACC-00186,7154.2,2026-09-09 08:42:15,0,normal,NONE
TX-010749,ACC-01804,ACC-01136,10268.3,2026-09-04 08:40:15,0,normal,NONE
TX-009671,ACC-01333,ACC-01609,1165.37,2026-09-03 23:18:02,0,normal,NONE
TX-007100,ACC-01178,ACC-00721,1385.63,2026-09-02 08:32:19,0,normal,NONE
TX-005487,ACC-00670,ACC-00869,1346.92,2026-09-02 22:12:35,0,normal,NONE
TX-006236,ACC-00005,ACC-01364,12050.62,2026-09-04 22:33:10,0,normal,NONE
TX-009556,ACC-01887,ACC-00277,14683.33,2026-09-01 14:05:42,0,normal,NONE
TX-007042,ACC-00458,ACC-01690,15610.85,2026-09-02 23:32:26,0,normal,NONE
TX-002613,ACC-00913,ACC-01236,17419.87,2026-09-09 20:13:11,0,normal,NONE
TX-007514,ACC-01892,ACC-01965,6077.3,2026-09-09 12:55:57,0,normal,NONE
TX-011017,ACC-00811,ACC-00806,8839.21,2026-09-06 12:06:25,0,normal,NONE
TX-010234,ACC-00203,ACC-01684,15231.58,2026-09-05 10:19:50,0,normal,NONE
TX-008434,ACC-00089,ACC-01102,100.17,2026-09-06 14:12:16,0,normal,NONE
TX-010254,ACC-00175,ACC-00195,8512.82,2026-09-03 15:14:45,0,normal,NONE
TX-010556,ACC-00817,ACC-01000,11309.38,2026-09-09 09:15:01,0,normal,NONE
TX-008793,ACC-00306,ACC-01235,17852.28,2026-09-05 19:17:48,0,normal,NONE
TX-010628,ACC-00358,ACC-00689,11113.6,2026-09-02 13:56:48,0,normal,NONE
TX-005394,ACC-00624,ACC-00726,7771.31,2026-09-06 19:52:25,0,normal,NONE
TX-011081,ACC-00655,ACC-00852,12901.43,2026-09-09 15:26:19,0,normal,NONE
TX-008839,ACC-01382,ACC-01354,7160.11,2026-09-09 21:30:56,0,normal,NONE
TX-003891,ACC-01303,ACC-00533,14492.46,2026-09-01 10:23:13,0,normal,NONE
TX-003557,ACC-01161,ACC-01326,8181.18,2026-09-01 23:13:04,0,normal,NONE
TX-011395,ACC-00405,ACC-00535,14244.03,2026-09-07 16:20:32,0,normal,NONE
TX-001529,ACC-01689,ACC-00818,10895.18,2026-09-04 18:58:36,0,normal,NONE
TX-001268,ACC-01376,ACC-01347,15945.23,2026-09-07 12:15:07,0,normal,NONE
TX-007735,ACC-00798,ACC-00396,17008.3,2026-09-07 18:01:54,0,normal,NONE
TX-001900,ACC-01457,ACC-00170,6367.11,2026-09-04 14:44:04,0,normal,NONE
TX-004659,ACC-01643,ACC-01184,5197.86,2026-09-06 11:01:19,0,normal,NONE
TX-003006,ACC-00242,ACC-00937,13752.97,2026-09-01 22:11:47,0,normal,NONE
TX-002735,ACC-00893,ACC-00571,15680.74,2026-09-03 15:26:19,0,normal,NONE
TX-000190,ACC-01545,ACC-01980,4076.55,2026-09-07 19:05:50,0,normal,NONE
TX-009999,ACC-01818,ACC-01531,3156.46,2026-09-02 17:01:18,0,normal,NONE
TX-009168,ACC-01782,ACC-00483,16532.92,2026-09-09 15:56:25,0,normal,NONE
TX-002748,ACC-00956,ACC-01971,11659.41,2026-09-09 19:50:38,0,normal,NONE
TX-002048,ACC-00738,ACC-00687,17552.28,2026-09-06 23:18:39,0,normal,NONE
TX-007850,ACC-01934,ACC-01573,878.82,2026-09-01 11:57:39,0,normal,NONE
TX-002559,ACC-01580,ACC-01877,16462.29,2026-09-02 16:46:53,0,normal,NONE
TX-009275,ACC-00855,ACC-00337,803.15,2026-09-03 11:52:08,0,normal,NONE
TX-008667,ACC-00267,ACC-01388,12303.42,2026-09-05 11:50:07,0,normal,NONE
TX-011097,ACC-00007,ACC-01776,568.89,2026-09-02 16:42:52,0,normal,NONE
TX-013036,ACC-00101,ACC-01421,70144.4,2026-09-08 18:28:00,0,normal_high_value,NONE
TX-006397,ACC-01668,ACC-01198,15532.91,2026-09-02 17:10:36,0,normal,NONE
TX-012310,ACC-00426,ACC-00112,89485.13,2026-09-08 14:30:00,0,normal_high_value,NONE
TX-003386,ACC-01074,ACC-01565,15865.93,2026-09-04 18:55:58,0,normal,NONE
TX-004556,ACC-00447,ACC-00679,944.16,2026-09-07 13:24:04,0,normal,NONE
TX-001185,ACC-01309,ACC-01873,4934.45,2026-09-03 22:45:36,0,normal,NONE
TX-006421,ACC-01727,ACC-01410,950.63,2026-09-04 14:44:02,0,normal,NONE
TX-005052,ACC-01095,ACC-01669,1432.06,2026-09-04 19:40:10,0,normal,NONE
TX-005312,ACC-00433,ACC-01643,10886.36,2026-09-08 10:18:38,0,normal,NONE
TX-002434,ACC-01186,ACC-00264,1757.25,2026-09-09 23:34:20,0,normal,NONE
TX-006950,ACC-00029,ACC-00700,10244.76,2026-09-06 18:07:44,0,normal,NONE
TX-010584,ACC-00955,ACC-00225,11769.72,2026-09-09 16:26:01,0,normal,NONE
TX-000770,ACC-01587,ACC-00626,8775.75,2026-09-02 13:41:38,0,normal,NONE
TX-001686,ACC-00390,ACC-01866,14968.53,2026-09-01 21:44:34,0,normal,NONE
TX-008323,ACC-00417,ACC-01147,16665.26,2026-09-09 12:24:53,0,normal,NONE
TX-011112,ACC-01854,ACC-01005,14583.99,2026-09-05 11:14:49,0,normal,NONE
TX-011364,ACC-00719,ACC-00730,2237.03,2026-09-08 14:42:59,0,normal,NONE
TX-011637,ACC-00768,ACC-00428,9820.19,2026-09-05 19:02:55,0,normal,NONE
TX-005579,ACC-01298,ACC-01857,16723.79,2026-09-07 09:58:50,0,normal,NONE
TX-004427,ACC-00280,ACC-01157,14941.0,2026-09-06 19:58:45,0,normal,NONE
TX-000467,ACC-00291,ACC-00714,5627.79,2026-09-08 14:33:30,0,normal,NONE
TX-006266,ACC-00728,ACC-00396,15892.93,2026-09-05 13:02:03,0,normal,NONE
TX-005735,ACC-01084,ACC-00948,13303.28,2026-09-01 15:09:00,0,normal,NONE
TX-011285,ACC-01517,ACC-00960,10204.17,2026-09-05 14:19:19,0,normal,NONE
TX-011965,ACC-01910,ACC-01338,15571.86,2026-09-06 11:45:41,0,normal,NONE
TX-005192,ACC-01066,ACC-01973,421.79,2026-09-01 09:58:29,0,normal,NONE
TX-005391,ACC-01827,ACC-00163,4698.62,2026-09-08 16:36:02,0,normal,NONE
TX-000861,ACC-01074,ACC-01567,17928.33,2026-09-02 16:39:09,0,normal,NONE
TX-007271,ACC-01711,ACC-01149,14785.01,2026-09-01 13:57:50,0,normal,NONE
